,사고번호,사고일시,요일,시군구,사고내용,사망자수,중상자수,경상자수,부상신고자수,사고유형,법규위반,노면상태,기상상태,도로형태,가해운전자 차종,가해운전자 성별,가해운전자 연령,가해운전자 상해정도,피해운전자 차종,피해운전자 성별,피해운전자 연령,피해운전자 상해정도
20464,2020010800100316,2020년 1월 8일 14시,수요일,경기도 안산시 상록구 본오동,경상사고,0,0,1,0,차대사람 - 차도통행중,안전운전불이행,포장 - 건조,맑음,교차로 - 교차로안,승용,남,41세,상해없음,보행자,남,54세,경상
20465,2020010800100335,2020년 1월 8일 14시,수요일,경기도 고양시 덕양구 토당동,중상사고,0,1,0,0,차대사람 - 횡단중,신호위반,포장 - 젖음/습기,흐림,기타 - 기타,승용,남,64세,상해없음,보행자,여,41세,중상
20466,2020010800100401,2020년 1월 8일 17시,수요일,경기도 안산시 단원구 선부동,중상사고,0,1,0,0,차대사람 - 횡단중,보행자보호의무위반,포장 - 건조,맑음,교차로 - 교차로안,승용,남,56세,상해없음,보행자,남,12세,중상
20467,2020010800100404,2020년 1월 8일 17시,수요일,경기도 시흥시 정왕동,중상사고,0,1,0,0,차대사람 - 횡단중,안전운전불이행,포장 - 건조,맑음,단일로 - 기타,승용,남,34세,상해없음,보행자,남,21세,중상
20468,2020010800100407,2020년 1월 8일 17시,수요일,경기도 용인시 수지구 죽전동,중상사고,0,1,0,0,차대사람 - 기타,보행자보호의무위반,포장 - 건조,맑음,단일로 - 기타,승용,여,48세,상해없음,보행자,여,10세,중상
20469,2020010800100425,2020년 1월 8일 17시,수요일,경기도 남양주시 화도읍,중상사고,0,1,0,0,차대사람 - 횡단중,안전운전불이행,포장 - 건조,맑음,교차로 - 교차로횡단보도내,승용,여,43세,상해없음,보행자,남,77세,중상
20470,2020010800100441,2020년 1월 8일 18시,수요일,경기도 김포시 감정동,경상사고,0,0,1,0,차대사람 - 기타,기타,포장 - 건조,맑음,기타 - 기타,승합,남,53세,기타불명,보행자,여,50세,경상
20471,2020010800100443,2020년 1월 8일 18시,수요일,경기도 부천시 심곡동,경상사고,0,0,1,0,차대사람 - 기타,기타,포장 - 건조,맑음,단일로 - 기타,승합,남,56세,상해없음,보행자,여,55세,경상
20472,2020010800100448,2020년 1월 8일 18시,수요일,경기도 성남시 분당구 분당동,중상사고,0,1,0,0,차대사람 - 횡단중,안전운전불이행,포장 - 건조,맑음,교차로 - 교차로횡단보도내,승용,남,66세,상해없음,보행자,남,79세,중상
20473,2020010800100483,2020년 1월 8일 18시,수요일,경기도 남양주시 다산동,경상사고,0,0,1,0,차대사람 - 횡단중,안전운전불이행,포장 - 건조,맑음,교차로 - 교차로안,승용,남,61세,상해없음,보행자,남,66세,경상
20474,2020010800100485,2020년 1월 8일 18시,수요일,경기도 가평군 청평면,경상사고,0,0,1,0,차대사람 - 기타,안전운전불이행,포장 - 건조,맑음,교차로 - 교차로안,승용,여,62세,상해없음,보행자,남,53세,경상
20475,2020010800100497,2020년 1월 8일 19시,수요일,경기도 평택시 지산동,경상사고,0,0,1,0,차대사람 - 기타,안전운전불이행,포장 - 건조,맑음,기타 - 기타,승용,남,66세,상해없음,보행자,남,29세,경상
20476,2020010800100498,2020년 1월 8일 19시,수요일,경기도 용인시 기흥구 구갈동,경상사고,0,0,1,0,차대사람 - 횡단중,신호위반,포장 - 건조,기타,교차로 - 교차로횡단보도내,승용,남,64세,기타불명,보행자,남,14세,경상
20477,2020010800100524,2020년 1월 8일 20시,수요일,경기도 용인시 처인구 김량장동,경상사고,0,0,1,0,차대사람 - 횡단중,보행자보호의무위반,포장 - 건조,맑음,단일로 - 기타,승용,남,22세,상해없음,보행자,남,35세,경상
20478,2020010800100543,2020년 1월 8일 20시,수요일,경기도 파주시 금촌동,중상사고,0,1,0,0,차대사람 - 횡단중,보행자보호의무위반,포장 - 건조,맑음,교차로 - 교차로횡단보도내,승용,남,29세,상해없음,보행자,여,57세,중상
20479,2020010800100577,2020년 1월 8일 22시,수요일,경기도 안산시 단원구 고잔동,중상사고,0,1,0,0,차대사람 - 횡단중,안전운전불이행,포장 - 건조,맑음,교차로 - 교차로부근,승용,여,61세,상해없음,보행자,남,69세,중상
20480,2020010800100594,2020년 1월 8일 23시,수요일,경기도 용인시 처인구 모현읍,중상사고,0,1,0,0,차대사람 - 차도통행중,안전운전불이행,포장 - 건조,맑음,단일로 - 기타,승용,남,44세,상해없음,보행자,남,56세,중상
20481,2020010800100595,2020년 1월 8일 23시,수요일,경기도 안산시 상록구 사동,중상사고,0,2,0,0,차대사람 - 횡단중,신호위반,포장 - 건조,맑음,교차로 - 교차로안,화물,남,47세,상해없음,보행자,여,19세,중상
20482,2020010800100596,2020년 1월 8일 23시,수요일,경기도 안산시 상록구 이동,중상사고,0,1,0,0,차대사람 - 횡단중,과속,포장 - 건조,맑음,교차로 - 교차로안,승용,남,58세,상해없음,보행자,여,54세,중상
20483,2020010900100016,2020년 1월 9일 01시,목요일,경기도 오산시 원동,중상사고,0,1,0,0,차대사람 - 기타,안전운전불이행,포장 - 건조,맑음,교차로 - 교차로부근,승용,남,46세,상해없음,보행자,남,19세,중상
20484,2020010900100020,2020년 1월 9일 02시,목요일,경기도 성남시 중원구 성남동,경상사고,0,0,1,0,차대사람 - 차도통행중,안전운전불이행,포장 - 건조,맑음,단일로 - 기타,기타불명,기타불명,미분류,기타불명,보행자,남,58세,경상
20485,2020010900100034,2020년 1월 9일 05시,목요일,경기도 수원시 권선구 권선동,경상사고,0,0,1,0,차대사람 - 기타,안전운전불이행,포장 - 건조,맑음,기타 - 기타,기타불명,기타불명,미분류,기타불명,보행자,남,65세,경상
20486,2020010900100067,2020년 1월 9일 07시,목요일,경기도 용인시 처인구 원삼면,사망사고,1,0,0,0,차대사람 - 길가장자리구역통행중,안전운전불이행,포장 - 건조,맑음,단일로 - 기타,승용,여,59세,상해없음,보행자,남,87세,사망
20487,2020010900100198,2020년 1월 9일 12시,목요일,경기도 부천시 도당동,경상사고,0,0,1,0,차대사람 - 기타,안전운전불이행,포장 - 건조,맑음,교차로 - 교차로부근,승용,여,33세,상해없음,보행자,남,57세,경상
20488,2020010900100238,2020년 1월 9일 13시,목요일,경기도 의정부시 신곡동,경상사고,0,0,1,0,차대사람 - 기타,안전운전불이행,포장 - 건조,맑음,단일로 - 기타,승용,여,48세,상해없음,보행자,여,11세,경상
20489,2020010900100254,2020년 1월 9일 14시,목요일,경기도 하남시 천현동,중상사고,0,1,0,0,차대사람 - 기타,안전운전불이행,포장 - 건조,맑음,교차로 - 교차로부근,승합,남,63세,상해없음,보행자,남,75세,중상
20490,2020010900100289,2020년 1월 9일 15시,목요일,경기도 수원시 권선구 금곡동,경상사고,0,0,1,0,차대사람 - 횡단중,안전운전불이행,포장 - 건조,맑음,교차로 - 교차로안,화물,남,59세,상해없음,보행자,여,50세,경상
20491,2020010900100290,2020년 1월 9일 15시,목요일,경기도 화성시 반송동,경상사고,0,0,1,0,차대사람 - 횡단중,보행자보호의무위반,포장 - 건조,맑음,교차로 - 교차로횡단보도내,승합,여,34세,상해없음,보행자,남,59세,경상
20492,2020010900100322,2020년 1월 9일 16시,목요일,경기도 안성시 신흥동,경상사고,0,0,1,0,차대사람 - 길가장자리구역통행중,신호위반,포장 - 건조,맑음,단일로 - 기타,승용,여,51세,상해없음,보행자,여,62세,경상
20493,2020010900100324,2020년 1월 9일 16시,목요일,경기도 안산시 상록구 본오동,경상사고,0,0,1,0,차대사람 - 기타,안전운전불이행,포장 - 건조,맑음,단일로 - 기타,승용,남,61세,상해없음,보행자,남,7세,경상
20494,2020010900100375,2020년 1월 9일 17시,목요일,경기도 양주시 장흥면,경상사고,0,0,1,0,차대사람 - 기타,안전운전불이행,포장 - 건조,맑음,단일로 - 기타,화물,여,63세,상해없음,보행자,남,56세,경상
20495,2020010900100486,2020년 1월 9일 20시,목요일,경기도 성남시 중원구 금광동,부상신고사고,0,0,0,1,차대사람 - 기타,안전운전불이행,포장 - 건조,맑음,단일로 - 기타,기타불명,기타불명,미분류,기타불명,보행자,남,26세,부상신고
20496,2020010900100507,2020년 1월 9일 21시,목요일,경기도 수원시 팔달구 화서동,경상사고,0,0,1,0,차대사람 - 기타,보행자보호의무위반,포장 - 건조,맑음,교차로 - 교차로안,화물,여,61세,상해없음,보행자,여,47세,경상
20497,2020010900100510,2020년 1월 9일 21시,목요일,경기도 부천시 소사본동,경상사고,0,0,1,0,차대사람 - 기타,중앙선침범,포장 - 건조,맑음,교차로 - 교차로부근,승합,남,65세,상해없음,보행자,여,71세,경상
20498,2020011000100046,2020년 1월 10일 05시,금요일,경기도 평택시 지제동,중상사고,0,1,1,0,차대사람 - 보도통행중,기타,포장 - 젖음/습기,안개,단일로 - 고가도로위,자전거,남,43세,경상,보행자,남,50세,중상
20499,2020011000100059,2020년 1월 10일 06시,금요일,경기도 평택시 합정동,중상사고,0,1,0,0,차대사람 - 횡단중,보행자보호의무위반,포장 - 건조,맑음,교차로 - 교차로횡단보도내,승용,남,37세,상해없음,보행자,여,60세,중상
20500,2020011000100061,2020년 1월 10일 06시,금요일,경기도 부천시 소사본동,경상사고,0,0,2,0,차대사람 - 기타,보행자보호의무위반,포장 - 건조,맑음,교차로 - 교차로횡단보도내,승합,남,45세,상해없음,보행자,남,64세,경상
20501,2020011000100077,2020년 1월 10일 07시,금요일,경기도 부천시 중동,중상사고,0,1,0,0,차대사람 - 기타,안전운전불이행,포장 - 건조,맑음,단일로 - 기타,화물,남,45세,상해없음,보행자,여,47세,중상
20502,2020011000100095,2020년 1월 10일 07시,금요일,경기도 고양시 일산서구 대화동,경상사고,0,0,1,0,차대사람 - 횡단중,안전운전불이행,포장 - 건조,맑음,단일로 - 기타,승용,남,81세,상해없음,보행자,여,71세,경상
20503,2020011000100103,2020년 1월 10일 08시,금요일,경기도 성남시 중원구 상대원동,경상사고,0,0,1,0,차대사람 - 횡단중,신호위반,포장 - 건조,맑음,단일로 - 기타,화물,남,65세,상해없음,보행자,남,10세,경상
20504,2020011000100126,2020년 1월 10일 08시,금요일,경기도 파주시 문산읍,중상사고,0,1,0,0,차대사람 - 보도통행중,보행자보호의무위반,포장 - 건조,맑음,단일로 - 기타,승용,남,57세,상해없음,보행자,남,55세,중상
20505,2020011000100134,2020년 1월 10일 09시,금요일,경기도 평택시 평택동,중상사고,0,1,0,0,차대사람 - 기타,안전운전불이행,포장 - 건조,맑음,단일로 - 기타,승합,남,61세,상해없음,보행자,여,77세,중상
20506,2020011000100139,2020년 1월 10일 09시,금요일,경기도 안산시 상록구 사동,중상사고,0,1,0,0,차대사람 - 횡단중,안전운전불이행,포장 - 건조,맑음,단일로 - 기타,화물,남,60세,상해없음,보행자,여,57세,중상
20507,2020011000100179,2020년 1월 10일 10시,금요일,경기도 수원시 권선구 호매실동,경상사고,0,0,2,0,차대사람 - 기타,안전운전불이행,포장 - 건조,맑음,기타 - 기타,자전거,남,12세,경상,보행자,여,65세,경상
20508,2020011000100237,2020년 1월 10일 12시,금요일,경기도 수원시 영통구 매탄동,중상사고,0,1,0,0,차대사람 - 기타,안전운전불이행,포장 - 건조,맑음,교차로 - 교차로안,특수,남,47세,상해없음,보행자,남,59세,중상
20509,2020011000100264,2020년 1월 10일 12시,금요일,경기도 고양시 일산서구 주엽동,경상사고,0,0,1,0,차대사람 - 횡단중,안전운전불이행,포장 - 건조,맑음,단일로 - 기타,화물,남,58세,상해없음,보행자,여,52세,경상
20510,2020011000100273,2020년 1월 10일 13시,금요일,경기도 안산시 단원구 고잔동,경상사고,0,0,1,0,차대사람 - 기타,기타,포장 - 건조,맑음,교차로 - 교차로부근,승합,남,52세,상해없음,보행자,여,56세,경상
20511,2020011000100278,2020년 1월 10일 13시,금요일,경기도 하남시 선동,경상사고,0,0,1,0,차대사람 - 기타,신호위반,포장 - 건조,맑음,교차로 - 교차로안,승용,남,39세,상해없음,보행자,여,67세,경상
20512,2020011000100384,2020년 1월 10일 16시,금요일,경기도 화성시 목동,중상사고,0,1,0,0,차대사람 - 기타,기타,포장 - 건조,맑음,단일로 - 기타,승합,남,58세,상해없음,보행자,여,77세,중상
20513,2020011000100406,2020년 1월 10일 16시,금요일,경기도 남양주시 다산동,중상사고,0,1,0,0,차대사람 - 횡단중,안전운전불이행,포장 - 건조,맑음,교차로 - 교차로횡단보도내,승용,여,21세,상해없음,보행자,남,81세,중상
20514,2020011000100447,2020년 1월 10일 18시,금요일,경기도 안양시 동안구 관양동,경상사고,0,0,1,0,차대사람 - 차도통행중,안전운전불이행,포장 - 건조,맑음,교차로 - 교차로안,승용,남,36세,상해없음,보행자,여,20세,경상
20515,2020011000100450,2020년 1월 10일 18시,금요일,경기도 용인시 기흥구 고매동,경상사고,0,0,1,0,차대사람 - 차도통행중,안전운전불이행,포장 - 건조,맑음,교차로 - 교차로부근,승용,남,34세,상해없음,보행자,여,68세,경상
20516,2020011000100454,2020년 1월 10일 18시,금요일,경기도 성남시 중원구 중앙동,중상사고,0,1,0,0,차대사람 - 횡단중,신호위반,포장 - 건조,맑음,교차로 - 교차로횡단보도내,승용,남,51세,기타불명,보행자,여,17세,중상
20517,2020011000100494,2020년 1월 10일 18시,금요일,경기도 남양주시 화도읍,경상사고,0,0,1,0,차대사람 - 횡단중,보행자보호의무위반,포장 - 건조,맑음,교차로 - 교차로횡단보도내,승용,남,54세,상해없음,보행자,남,13세,경상
20518,2020011000100547,2020년 1월 10일 20시,금요일,경기도 시흥시 산현동,경상사고,0,0,1,0,차대사람 - 기타,안전운전불이행,포장 - 건조,맑음,단일로 - 기타,승합,남,46세,상해없음,보행자,여,52세,경상
20519,2020011000100549,2020년 1월 10일 20시,금요일,경기도 화성시 기산동,경상사고,0,0,1,0,차대사람 - 기타,안전운전불이행,포장 - 건조,맑음,기타 - 기타,기타불명,기타불명,미분류,기타불명,보행자,남,28세,경상
20520,2020011000100575,2020년 1월 10일 21시,금요일,경기도 화성시 석우동,경상사고,0,0,1,0,차대사람 - 기타,안전운전불이행,포장 - 건조,맑음,단일로 - 기타,승용,남,43세,상해없음,보행자,남,48세,경상
20521,2020011000100585,2020년 1월 10일 21시,금요일,경기도 포천시 소흘읍,경상사고,0,0,1,0,차대사람 - 기타,안전운전불이행,포장 - 건조,맑음,기타 - 기타,승용,여,37세,상해없음,보행자,남,52세,경상
20522,2020011000100595,2020년 1월 10일 22시,금요일,경기도 수원시 장안구 영화동,경상사고,0,0,1,0,차대사람 - 기타,안전운전불이행,포장 - 건조,맑음,단일로 - 기타,승용,남,23세,상해없음,보행자,남,59세,경상
20523,2020011000100597,2020년 1월 10일 22시,금요일,경기도 광명시 하안동,중상사고,0,1,0,0,차대사람 - 횡단중,안전운전불이행,포장 - 건조,흐림,교차로 - 교차로안,승용,남,67세,상해없음,보행자,여,84세,중상
20524,2020011000100618,2020년 1월 10일 22시,금요일,경기도 남양주시 평내동,중상사고,0,1,0,0,차대사람 - 횡단중,신호위반,포장 - 건조,맑음,단일로 - 기타,승용,남,71세,상해없음,보행자,여,20세,중상
20525,2020011000100622,2020년 1월 10일 22시,금요일,경기도 고양시 일산서구 탄현동,경상사고,0,0,1,0,차대사람 - 횡단중,신호위반,포장 - 건조,맑음,교차로 - 교차로안,자전거,남,16세,상해없음,보행자,여,56세,경상
20526,2020011000100630,2020년 1월 10일 23시,금요일,경기도 수원시 팔달구 인계동,경상사고,0,0,1,0,차대사람 - 기타,안전운전불이행,포장 - 건조,맑음,단일로 - 기타,승용,남,26세,상해없음,보행자,남,24세,경상
20527,2020011100100009,2020년 1월 11일 00시,토요일,경기도 수원시 팔달구 매산로1가,경상사고,0,0,1,0,차대사람 - 길가장자리구역통행중,안전운전불이행,포장 - 건조,맑음,단일로 - 기타,승용,남,62세,상해없음,보행자,여,38세,경상
20528,2020011100100027,2020년 1월 11일 01시,토요일,경기도 성남시 수정구 양지동,중상사고,0,1,0,0,차대사람 - 차도통행중,안전운전불이행,포장 - 건조,맑음,단일로 - 기타,승용,남,69세,상해없음,보행자,남,41세,중상
20529,2020011100100028,2020년 1월 11일 01시,토요일,경기도 부천시 괴안동,경상사고,0,0,1,0,차대사람 - 횡단중,보행자보호의무위반,포장 - 건조,맑음,교차로 - 교차로부근,화물,여,58세,상해없음,보행자,여,38세,경상
20530,2020011100100033,2020년 1월 11일 01시,토요일,경기도 의정부시 신곡동,중상사고,0,1,1,0,차대사람 - 기타,안전운전불이행,포장 - 건조,맑음,교차로 - 교차로부근,승용,남,27세,기타불명,보행자,남,54세,중상
20531,2020011100100074,2020년 1월 11일 06시,토요일,경기도 평택시 서정동,경상사고,0,0,1,0,차대사람 - 기타,안전운전불이행,포장 - 건조,맑음,단일로 - 기타,화물,남,73세,상해없음,보행자,남,51세,경상
20532,2020011100100209,2020년 1월 11일 12시,토요일,경기도 성남시 수정구 산성동,경상사고,0,0,1,0,차대사람 - 횡단중,안전운전불이행,포장 - 건조,흐림,단일로 - 기타,승용,여,32세,상해없음,보행자,남,86세,경상
20533,2020011100100255,2020년 1월 11일 13시,토요일,경기도 평택시 서정동,경상사고,0,0,1,0,차대사람 - 기타,안전운전불이행,포장 - 건조,맑음,주차장 - 주차장,승용,남,28세,상해없음,보행자,남,52세,경상
20534,2020011100100293,2020년 1월 11일 14시,토요일,경기도 하남시 신장동,중상사고,0,1,0,0,차대사람 - 기타,안전운전불이행,포장 - 건조,맑음,교차로 - 교차로안,승합,남,70세,상해없음,보행자,남,50세,중상
20535,2020011100100343,2020년 1월 11일 16시,토요일,경기도 수원시 팔달구 매교동,경상사고,0,0,1,0,차대사람 - 보도통행중,안전운전불이행,포장 - 건조,맑음,단일로 - 기타,승용,남,66세,상해없음,보행자,남,67세,경상
20536,2020011100100414,2020년 1월 11일 18시,토요일,경기도 성남시 수정구 신흥동,부상신고사고,0,0,0,1,차대사람 - 횡단중,안전운전불이행,포장 - 건조,기타,단일로 - 기타,승용,남,35세,상해없음,보행자,남,35세,부상신고
20537,2020011100100417,2020년 1월 11일 18시,토요일,경기도 군포시 당동,중상사고,0,1,0,0,차대사람 - 보도통행중,안전운전불이행,포장 - 건조,맑음,교차로 - 교차로안,승용,남,68세,상해없음,보행자,여,75세,중상
20538,2020011100100419,2020년 1월 11일 18시,토요일,경기도 시흥시 정왕동,경상사고,0,0,1,0,차대사람 - 기타,안전운전불이행,포장 - 건조,맑음,교차로 - 교차로부근,승용,남,35세,상해없음,보행자,여,39세,경상
20539,2020011100100450,2020년 1월 11일 18시,토요일,경기도 동두천시 상패동,중상사고,0,1,0,0,차대사람 - 기타,안전운전불이행,포장 - 건조,맑음,단일로 - 기타,승용,남,23세,상해없음,보행자,여,61세,중상
20540,2020011100100492,2020년 1월 11일 20시,토요일,경기도 이천시 관고동,사망사고,1,0,0,0,차대사람 - 횡단중,안전운전불이행,포장 - 건조,맑음,교차로 - 교차로부근,승용,남,40세,상해없음,보행자,남,56세,사망
20541,2020011100100495,2020년 1월 11일 20시,토요일,경기도 안산시 단원구 원곡동,경상사고,0,0,1,0,차대사람 - 횡단중,안전운전불이행,포장 - 건조,맑음,기타 - 기타,승용,여,51세,상해없음,보행자,남,69세,경상
20542,2020011100100496,2020년 1월 11일 20시,토요일,경기도 수원시 권선구 세류동,경상사고,0,0,1,0,차대사람 - 기타,안전운전불이행,포장 - 건조,맑음,단일로 - 기타,승용,남,37세,상해없음,보행자,여,26세,경상
20543,2020011100100522,2020년 1월 11일 21시,토요일,경기도 평택시 서정동,경상사고,0,0,1,0,차대사람 - 차도통행중,안전운전불이행,포장 - 건조,맑음,단일로 - 기타,승용,남,36세,상해없음,보행자,남,60세,경상
20544,2020011100100524,2020년 1월 11일 21시,토요일,경기도 부천시 심곡동,중상사고,0,1,0,0,차대사람 - 횡단중,안전운전불이행,포장 - 건조,맑음,단일로 - 기타,승합,여,53세,상해없음,보행자,남,68세,중상
20545,2020011100100527,2020년 1월 11일 21시,토요일,경기도 하남시 망월동,경상사고,0,0,1,0,차대사람 - 기타,안전운전불이행,포장 - 건조,맑음,단일로 - 기타,승합,남,47세,상해없음,보행자,여,64세,경상
20546,2020011200100156,2020년 1월 12일 13시,일요일,경기도 수원시 장안구 조원동,경상사고,0,0,1,0,차대사람 - 기타,기타,포장 - 건조,맑음,단일로 - 기타,화물,남,61세,상해없음,보행자,남,60세,경상
20547,2020011200100185,2020년 1월 12일 14시,일요일,경기도 안산시 상록구 본오동,경상사고,0,0,1,0,차대사람 - 기타,안전운전불이행,포장 - 건조,맑음,교차로 - 교차로안,화물,남,54세,상해없음,보행자,남,39세,경상
20548,2020011200100286,2020년 1월 12일 18시,일요일,경기도 안산시 상록구 본오동,경상사고,0,0,1,0,차대사람 - 횡단중,신호위반,포장 - 건조,맑음,교차로 - 교차로안,승합,남,57세,상해없음,보행자,남,48세,경상
20549,2020011200100288,2020년 1월 12일 18시,일요일,경기도 하남시 덕풍동,경상사고,0,0,1,0,차대사람 - 기타,안전운전불이행,포장 - 건조,맑음,단일로 - 기타,승용,여,57세,상해없음,보행자,여,38세,경상
20550,2020011200100311,2020년 1월 12일 19시,일요일,경기도 군포시 당정동,중상사고,0,1,0,0,차대사람 - 횡단중,신호위반,포장 - 건조,맑음,교차로 - 교차로안,승용,남,63세,상해없음,보행자,여,29세,중상
20551,2020011200100328,2020년 1월 12일 19시,일요일,경기도 파주시 검산동,경상사고,0,0,1,0,차대사람 - 횡단중,신호위반,포장 - 건조,맑음,단일로 - 기타,승용,남,77세,상해없음,보행자,여,72세,경상
20552,2020011200100336,2020년 1월 12일 20시,일요일,경기도 부천시 중동,부상신고사고,0,0,0,1,차대사람 - 기타,안전운전불이행,포장 - 건조,맑음,단일로 - 기타,자전거,남,32세,상해없음,보행자,여,5세,부상신고
20553,2020011200100337,2020년 1월 12일 20시,일요일,경기도 안산시 단원구 선부동,중상사고,0,1,0,0,차대사람 - 기타,안전운전불이행,포장 - 건조,맑음,단일로 - 기타,승용,남,20세,상해없음,보행자,남,51세,중상
20554,2020011200100338,2020년 1월 12일 20시,일요일,경기도 안양시 만안구 안양동,경상사고,0,0,1,0,차대사람 - 기타,안전운전불이행,포장 - 건조,맑음,단일로 - 기타,승용,남,33세,상해없음,보행자,남,61세,경상
20555,2020011200100367,2020년 1월 12일 21시,일요일,경기도 파주시 와동,경상사고,0,0,1,0,차대사람 - 기타,중앙선침범,포장 - 건조,맑음,교차로 - 교차로부근,승합,남,47세,상해없음,보행자,남,39세,경상
20556,2020011300100041,2020년 1월 13일 06시,월요일,경기도 남양주시 일패동,사망사고,1,0,0,0,차대사람 - 기타,안전운전불이행,포장 - 건조,맑음,단일로 - 기타,승용,남,35세,상해없음,보행자,여,69세,사망
20557,2020011300100042,2020년 1월 13일 06시,월요일,경기도 가평군 상면,경상사고,0,0,1,0,차대사람 - 기타,안전운전불이행,비포장 - 건조,맑음,주차장 - 주차장,화물,남,53세,상해없음,보행자,남,37세,경상
20558,2020011300100051,2020년 1월 13일 07시,월요일,경기도 수원시 팔달구 인계동,중상사고,0,1,0,0,차대사람 - 횡단중,안전운전불이행,포장 - 건조,맑음,단일로 - 기타,승용,남,55세,상해없음,보행자,여,77세,중상
20559,2020011300100052,2020년 1월 13일 07시,월요일,경기도 성남시 분당구 궁내동,중상사고,0,1,0,0,차대사람 - 횡단중,보행자보호의무위반,포장 - 건조,맑음,교차로 - 교차로횡단보도내,승용,여,44세,상해없음,보행자,남,65세,중상
20560,2020011300100089,2020년 1월 13일 09시,월요일,경기도 시흥시 정왕동,중상사고,0,1,0,0,차대사람 - 기타,안전운전불이행,포장 - 건조,맑음,단일로 - 기타,화물,남,47세,상해없음,보행자,남,63세,중상
20561,2020011300100112,2020년 1월 13일 09시,월요일,경기도 파주시 문산읍,중상사고,0,1,0,0,차대사람 - 횡단중,안전운전불이행,포장 - 건조,맑음,교차로 - 교차로안,화물,남,62세,상해없음,보행자,남,84세,중상
20562,2020011300100159,2020년 1월 13일 11시,월요일,경기도 부천시 중동,중상사고,0,1,0,0,차대사람 - 기타,안전운전불이행,포장 - 건조,맑음,교차로 - 교차로안,이륜,남,28세,상해없음,보행자,여,45세,중상
20563,2020011300100211,2020년 1월 13일 12시,월요일,경기도 고양시 덕양구 화정동,경상사고,0,0,1,0,차대사람 - 기타,안전운전불이행,포장 - 건조,맑음,단일로 - 기타,승합,남,71세,상해없음,보행자,남,91세,경상
20564,2020011300100253,2020년 1월 13일 14시,월요일,경기도 오산시 원동,경상사고,0,0,1,0,차대사람 - 보도통행중,기타,포장 - 건조,맑음,단일로 - 기타,원동기,남,31세,상해없음,보행자,여,12세,경상
20565,2020011300100278,2020년 1월 13일 14시,월요일,경기도 남양주시 화도읍,중상사고,0,1,0,0,차대사람 - 차도통행중,안전운전불이행,포장 - 건조,맑음,기타 - 기타,승용,여,44세,상해없음,보행자,남,83세,중상
20566,2020011300100292,2020년 1월 13일 15시,월요일,경기도 평택시 합정동,경상사고,0,0,1,0,차대사람 - 차도통행중,안전운전불이행,포장 - 건조,맑음,기타 - 기타,승용,여,53세,상해없음,보행자,남,70세,경상
20567,2020011300100294,2020년 1월 13일 15시,월요일,경기도 광명시 소하동,중상사고,0,1,0,0,차대사람 - 기타,기타,포장 - 건조,맑음,단일로 - 기타,화물,남,46세,상해없음,보행자,남,85세,중상
20568,2020011300100295,2020년 1월 13일 15시,월요일,경기도 안산시 단원구 선부동,경상사고,0,0,1,0,차대사람 - 기타,기타,포장 - 건조,맑음,교차로 - 교차로안,승합,남,54세,상해없음,보행자,여,50세,경상
20569,2020011300100297,2020년 1월 13일 15시,월요일,경기도 군포시 산본동,경상사고,0,0,1,0,차대사람 - 기타,안전운전불이행,포장 - 건조,맑음,교차로 - 교차로안,승용,여,44세,상해없음,보행자,여,38세,경상
20570,2020011300100339,2020년 1월 13일 16시,월요일,경기도 수원시 영통구 하동,경상사고,0,0,1,0,차대사람 - 기타,신호위반,포장 - 건조,맑음,교차로 - 교차로횡단보도내,승용,여,56세,상해없음,보행자,여,48세,경상
20571,2020011300100366,2020년 1월 13일 16시,월요일,경기도 고양시 일산서구 덕이동,경상사고,0,0,1,0,차대사람 - 횡단중,보행자보호의무위반,포장 - 건조,맑음,교차로 - 교차로횡단보도내,승용,여,52세,상해없음,보행자,남,63세,경상
20572,2020011300100422,2020년 1월 13일 18시,월요일,경기도 성남시 수정구 양지동,경상사고,0,0,1,0,차대사람 - 기타,안전운전불이행,포장 - 건조,맑음,단일로 - 기타,승용,남,47세,상해없음,보행자,남,22세,경상
20573,2020011300100428,2020년 1월 13일 18시,월요일,경기도 수원시 팔달구 인계동,경상사고,0,0,1,0,차대사람 - 차도통행중,보행자보호의무위반,포장 - 건조,맑음,단일로 - 기타,승용,남,38세,상해없음,보행자,남,47세,경상
20574,2020011300100463,2020년 1월 13일 18시,월요일,경기도 남양주시 금곡동,경상사고,0,0,1,0,차대사람 - 횡단중,신호위반,포장 - 건조,맑음,단일로 - 기타,농기계,남,66세,상해없음,보행자,여,44세,경상
20575,2020011300100475,2020년 1월 13일 19시,월요일,경기도 부천시 심곡본동,경상사고,0,0,1,0,차대사람 - 횡단중,보행자보호의무위반,포장 - 기타,맑음,교차로 - 교차로횡단보도내,화물,남,64세,상해없음,보행자,남,50세,경상
20576,2020011300100477,2020년 1월 13일 19시,월요일,경기도 안산시 상록구 사동,경상사고,0,0,1,0,차대사람 - 차도통행중,안전운전불이행,포장 - 건조,맑음,단일로 - 기타,승용,남,24세,상해없음,보행자,남,17세,경상