,사고번호,사고일시,요일,시군구,사고내용,사망자수,중상자수,경상자수,부상신고자수,사고유형,법규위반,노면상태,기상상태,도로형태,가해운전자 차종,가해운전자 성별,가해운전자 연령,가해운전자 상해정도,피해운전자 차종,피해운전자 성별,피해운전자 연령,피해운전자 상해정도
20690,2020011800100180,2020년 1월 18일 11시,토요일,경기도 군포시 당정동,경상사고,0,0,1,0,차대사람 - 기타,보행자보호의무위반,포장 - 건조,맑음,교차로 - 교차로횡단보도내,승용,남,62세,상해없음,보행자,여,47세,경상
20691,2020011800100259,2020년 1월 18일 13시,토요일,경기도 김포시 북변동,경상사고,0,0,1,0,차대사람 - 길가장자리구역통행중,안전운전불이행,포장 - 건조,맑음,단일로 - 기타,승용,여,64세,기타불명,보행자,남,54세,경상
20692,2020011800100262,2020년 1월 18일 13시,토요일,경기도 용인시 수지구 죽전동,중상사고,0,1,0,0,차대사람 - 기타,안전운전불이행,포장 - 건조,맑음,기타 - 기타,승용,여,74세,상해없음,보행자,여,55세,중상
20693,2020011800100332,2020년 1월 18일 15시,토요일,경기도 수원시 영통구 영통동,경상사고,0,0,1,0,차대사람 - 기타,기타,포장 - 건조,맑음,단일로 - 기타,승합,남,55세,상해없음,보행자,여,26세,경상
20694,2020011800100389,2020년 1월 18일 16시,토요일,경기도 의정부시 가능동,중상사고,0,1,0,0,차대사람 - 기타,안전운전불이행,포장 - 건조,맑음,단일로 - 기타,승용,여,48세,상해없음,보행자,여,77세,중상
20695,2020011800100397,2020년 1월 18일 17시,토요일,경기도 안양시 동안구 관양동,경상사고,0,0,1,0,차대사람 - 기타,안전운전불이행,포장 - 건조,맑음,단일로 - 기타,승합,남,58세,상해없음,보행자,여,24세,경상
20696,2020011800100402,2020년 1월 18일 17시,토요일,경기도 안산시 단원구 선부동,중상사고,0,1,0,0,차대사람 - 기타,신호위반,포장 - 건조,맑음,단일로 - 기타,건설기계,남,54세,기타불명,보행자,여,22세,중상
20697,2020011800100406,2020년 1월 18일 17시,토요일,경기도 화성시 향남읍,경상사고,0,0,1,0,차대사람 - 기타,안전운전불이행,포장 - 건조,맑음,단일로 - 기타,화물,남,58세,상해없음,보행자,남,54세,경상
20698,2020011800100477,2020년 1월 18일 18시,토요일,경기도 남양주시 화도읍,경상사고,0,0,1,0,차대사람 - 횡단중,보행자보호의무위반,포장 - 건조,맑음,교차로 - 교차로안,승용,남,66세,상해없음,보행자,여,58세,경상
20699,2020011800100548,2020년 1월 18일 21시,토요일,경기도 수원시 영통구 원천동,경상사고,0,0,1,0,차대사람 - 기타,안전운전불이행,포장 - 건조,맑음,단일로 - 기타,승용,여,39세,상해없음,보행자,남,51세,경상
20700,2020011800100549,2020년 1월 18일 21시,토요일,경기도 시흥시 정왕동,경상사고,0,0,1,0,차대사람 - 차도통행중,안전운전불이행,포장 - 건조,맑음,단일로 - 기타,승용,남,24세,상해없음,보행자,남,57세,경상
20701,2020011800100570,2020년 1월 18일 22시,토요일,경기도 성남시 수정구 태평동,중상사고,0,1,0,0,차대사람 - 기타,안전운전불이행,포장 - 건조,맑음,교차로 - 교차로부근,승용,남,60세,상해없음,보행자,남,50세,중상
20702,2020011800100571,2020년 1월 18일 22시,토요일,경기도 평택시 평택동,부상신고사고,0,0,0,1,차대사람 - 차도통행중,안전운전불이행,포장 - 건조,맑음,단일로 - 기타,승용,남,23세,상해없음,보행자,남,34세,부상신고
20703,2020011800100592,2020년 1월 18일 23시,토요일,경기도 수원시 팔달구 화서동,중상사고,0,1,0,0,차대사람 - 횡단중,안전운전불이행,포장 - 건조,맑음,단일로 - 기타,승용,남,66세,상해없음,보행자,남,49세,중상
20704,2020011900100005,2020년 1월 19일 00시,일요일,경기도 성남시 중원구 성남동,경상사고,0,0,1,0,차대사람 - 기타,안전운전불이행,포장 - 건조,맑음,기타 - 기타,승용,여,54세,상해없음,보행자,여,45세,경상
20705,2020011900100026,2020년 1월 19일 01시,일요일,경기도 용인시 수지구 성복동,중상사고,0,1,0,0,차대사람 - 횡단중,안전운전불이행,포장 - 건조,맑음,교차로 - 교차로안,승합,남,37세,상해없음,보행자,남,52세,중상
20706,2020011900100058,2020년 1월 19일 05시,일요일,경기도 안산시 상록구 일동,중상사고,0,1,0,0,차대사람 - 횡단중,신호위반,포장 - 건조,맑음,교차로 - 교차로횡단보도내,이륜,남,18세,기타불명,보행자,여,33세,중상
20707,2020011900100098,2020년 1월 19일 09시,일요일,경기도 수원시 팔달구 인계동,경상사고,0,0,1,0,차대사람 - 보도통행중,안전운전불이행,포장 - 건조,맑음,단일로 - 기타,승용,남,62세,상해없음,보행자,남,21세,경상
20708,2020011900100132,2020년 1월 19일 11시,일요일,경기도 안성시 옥산동,경상사고,0,0,1,0,차대사람 - 기타,안전운전불이행,포장 - 건조,맑음,단일로 - 기타,승용,남,49세,상해없음,보행자,여,59세,경상
20709,2020011900100162,2020년 1월 19일 12시,일요일,경기도 평택시 평택동,경상사고,0,0,1,0,차대사람 - 횡단중,보행자보호의무위반,포장 - 건조,흐림,교차로 - 교차로안,이륜,남,63세,상해없음,보행자,여,43세,경상
20710,2020011900100183,2020년 1월 19일 12시,일요일,경기도 남양주시 진건읍,중상사고,0,1,0,0,차대사람 - 횡단중,안전운전불이행,포장 - 건조,맑음,교차로 - 교차로횡단보도내,승용,여,57세,상해없음,보행자,남,69세,중상
20711,2020011900100184,2020년 1월 19일 12시,일요일,경기도 파주시 문산읍,경상사고,0,0,1,0,차대사람 - 횡단중,안전운전불이행,포장 - 건조,맑음,교차로 - 교차로부근,승용,남,60세,상해없음,보행자,여,45세,경상
20712,2020011900100194,2020년 1월 19일 13시,일요일,경기도 광주시 송정동,경상사고,0,0,1,0,차대사람 - 차도통행중,안전운전불이행,포장 - 젖음/습기,흐림,단일로 - 기타,승용,남,63세,상해없음,보행자,남,59세,경상
20713,2020011900100215,2020년 1월 19일 14시,일요일,경기도 오산시 오산동,경상사고,0,0,1,0,차대사람 - 기타,기타,포장 - 건조,맑음,기타 - 기타,승합,남,61세,상해없음,보행자,여,61세,경상
20714,2020011900100217,2020년 1월 19일 14시,일요일,경기도 시흥시 월곶동,사망사고,1,0,0,0,차대사람 - 기타,안전운전불이행,포장 - 건조,맑음,단일로 - 기타,화물,남,52세,상해없음,보행자,남,53세,사망
20715,2020011900100241,2020년 1월 19일 14시,일요일,경기도 고양시 덕양구 주교동,경상사고,0,0,1,0,차대사람 - 횡단중,보행자보호의무위반,포장 - 건조,맑음,교차로 - 교차로횡단보도내,승용,여,37세,상해없음,보행자,남,57세,경상
20716,2020011900100274,2020년 1월 19일 16시,일요일,경기도 수원시 팔달구 매산로2가,경상사고,0,0,1,0,차대사람 - 기타,안전운전불이행,포장 - 건조,맑음,단일로 - 기타,승용,남,35세,상해없음,보행자,남,50세,경상
20717,2020011900100312,2020년 1월 19일 17시,일요일,경기도 연천군 청산면,경상사고,0,0,1,0,차대사람 - 길가장자리구역통행중,안전운전불이행,포장 - 건조,맑음,단일로 - 교량,기타불명,기타불명,미분류,기타불명,보행자,여,24세,경상
20718,2020011900100325,2020년 1월 19일 18시,일요일,경기도 평택시 세교동,경상사고,0,0,1,0,차대사람 - 보도통행중,보행자보호의무위반,포장 - 건조,맑음,기타 - 기타,승용,남,21세,상해없음,보행자,여,43세,경상
20719,2020011900100349,2020년 1월 19일 18시,일요일,경기도 의정부시 금오동,경상사고,0,0,1,0,차대사람 - 횡단중,안전운전불이행,포장 - 건조,맑음,교차로 - 교차로부근,승용,여,59세,상해없음,보행자,여,40세,경상
20720,2020011900100352,2020년 1월 19일 18시,일요일,경기도 남양주시 진접읍,경상사고,0,0,1,0,차대사람 - 기타,안전운전불이행,포장 - 건조,맑음,교차로 - 교차로부근,승용,남,48세,상해없음,보행자,남,80세,경상
20721,2020011900100353,2020년 1월 19일 18시,일요일,경기도 남양주시 진접읍,경상사고,0,0,1,0,차대사람 - 기타,안전운전불이행,포장 - 건조,맑음,주차장 - 주차장,승용,남,50세,상해없음,보행자,여,40세,경상
20722,2020011900100387,2020년 1월 19일 20시,일요일,경기도 부천시 괴안동,중상사고,0,1,0,0,차대사람 - 횡단중,보행자보호의무위반,포장 - 건조,맑음,교차로 - 교차로부근,승용,남,19세,상해없음,보행자,여,86세,중상
20723,2020011900100389,2020년 1월 19일 20시,일요일,경기도 성남시 중원구 성남동,중상사고,0,1,0,0,차대사람 - 횡단중,안전운전불이행,포장 - 건조,맑음,교차로 - 교차로부근,승용,남,68세,상해없음,보행자,남,46세,중상
20724,2020011900100411,2020년 1월 19일 21시,일요일,경기도 여주시 홍문동,중상사고,0,1,0,0,차대사람 - 횡단중,안전운전불이행,포장 - 건조,맑음,교차로 - 교차로횡단보도내,이륜,남,21세,상해없음,보행자,여,59세,중상
20725,2020011900100413,2020년 1월 19일 21시,일요일,경기도 수원시 권선구 탑동,중상사고,0,1,0,0,차대사람 - 횡단중,보행자보호의무위반,포장 - 건조,맑음,교차로 - 교차로안,승용,여,39세,상해없음,보행자,남,50세,중상
20726,2020011900100446,2020년 1월 19일 23시,일요일,경기도 광명시 소하동,경상사고,0,0,1,0,차대사람 - 기타,안전운전불이행,포장 - 건조,흐림,기타 - 기타,화물,남,56세,상해없음,보행자,남,56세,경상
20727,2020012000100040,2020년 1월 20일 05시,월요일,경기도 안산시 단원구 원곡동,부상신고사고,0,0,0,1,차대사람 - 기타,안전운전불이행,포장 - 건조,맑음,단일로 - 기타,승합,남,51세,기타불명,보행자,남,62세,부상신고
20728,2020012000100053,2020년 1월 20일 06시,월요일,경기도 시흥시 정왕동,중상사고,0,1,0,0,차대사람 - 기타,안전운전불이행,포장 - 건조,흐림,교차로 - 교차로부근,기타불명,기타불명,미분류,기타불명,보행자,남,29세,중상
20729,2020012000100066,2020년 1월 20일 06시,월요일,경기도 남양주시 금곡동,경상사고,0,0,1,0,차대사람 - 길가장자리구역통행중,안전운전불이행,포장 - 건조,흐림,단일로 - 기타,화물,남,34세,상해없음,보행자,남,59세,경상
20730,2020012000100078,2020년 1월 20일 07시,월요일,경기도 시흥시 정왕동,중상사고,0,1,0,0,차대사람 - 기타,기타,포장 - 건조,맑음,교차로 - 교차로부근,승합,남,61세,상해없음,보행자,여,25세,중상
20731,2020012000100094,2020년 1월 20일 07시,월요일,경기도 의정부시 호원동,중상사고,0,1,0,0,차대사람 - 횡단중,신호위반,포장 - 건조,맑음,교차로 - 교차로횡단보도내,승용,남,49세,상해없음,보행자,남,54세,중상
20732,2020012000100096,2020년 1월 20일 07시,월요일,경기도 동두천시 안흥동,중상사고,0,1,0,0,차대사람 - 횡단중,안전운전불이행,포장 - 건조,맑음,교차로 - 교차로안,화물,남,54세,상해없음,보행자,여,68세,중상
20733,2020012000100142,2020년 1월 20일 09시,월요일,경기도 성남시 수정구 복정동,경상사고,0,0,1,0,차대사람 - 기타,안전운전불이행,포장 - 건조,맑음,단일로 - 기타,승용,남,43세,상해없음,보행자,남,11세,경상
20734,2020012000100149,2020년 1월 20일 09시,월요일,경기도 수원시 팔달구 인계동,부상신고사고,0,0,0,1,차대사람 - 기타,안전운전불이행,포장 - 건조,맑음,기타 - 기타,승용,여,46세,상해없음,보행자,남,50세,부상신고
20735,2020012000100150,2020년 1월 20일 09시,월요일,경기도 안산시 상록구 사동,중상사고,0,1,0,0,차대사람 - 횡단중,신호위반,포장 - 건조,맑음,교차로 - 교차로횡단보도내,승용,여,40세,상해없음,보행자,남,22세,중상
20736,2020012000100205,2020년 1월 20일 10시,월요일,경기도 파주시 광탄면,중상사고,0,2,0,0,차대사람 - 횡단중,보행자보호의무위반,포장 - 건조,맑음,교차로 - 교차로횡단보도내,승용,여,45세,상해없음,보행자,남,82세,중상
20737,2020012000100221,2020년 1월 20일 11시,월요일,경기도 김포시 사우동,중상사고,0,1,0,0,차대사람 - 기타,안전운전불이행,포장 - 건조,맑음,단일로 - 기타,승용,남,41세,상해없음,보행자,남,79세,중상
20738,2020012000100268,2020년 1월 20일 12시,월요일,경기도 부천시 삼정동,중상사고,0,1,0,0,차대사람 - 기타,보행자보호의무위반,포장 - 건조,맑음,교차로 - 교차로안,승합,남,46세,상해없음,보행자,남,80세,중상
20739,2020012000100298,2020년 1월 20일 13시,월요일,경기도 부천시 소사동,경상사고,0,0,1,0,차대사람 - 횡단중,안전운전불이행,포장 - 건조,맑음,교차로 - 교차로안,승용,여,58세,상해없음,보행자,여,61세,경상
20740,2020012000100300,2020년 1월 20일 13시,월요일,경기도 안산시 단원구 고잔동,중상사고,0,1,0,0,차대사람 - 횡단중,안전운전불이행,포장 - 건조,맑음,단일로 - 기타,승용,남,74세,상해없음,보행자,여,52세,중상
20741,2020012000100328,2020년 1월 20일 13시,월요일,경기도 남양주시 금곡동,경상사고,0,0,1,0,차대사람 - 차도통행중,안전운전불이행,포장 - 건조,맑음,교차로 - 교차로부근,화물,남,62세,상해없음,보행자,여,50세,경상
20742,2020012000100342,2020년 1월 20일 14시,월요일,경기도 평택시 비전동,경상사고,0,0,1,0,차대사람 - 기타,안전운전불이행,포장 - 건조,맑음,단일로 - 기타,승용,남,67세,상해없음,보행자,여,14세,경상
20743,2020012000100370,2020년 1월 20일 14시,월요일,경기도 파주시 상지석동,경상사고,0,0,1,0,차대사람 - 횡단중,교차로운행방법위반,포장 - 건조,맑음,단일로 - 기타,승합,남,70세,상해없음,보행자,여,55세,경상
20744,2020012000100423,2020년 1월 20일 15시,월요일,경기도 의정부시 의정부동,경상사고,0,0,1,0,차대사람 - 기타,안전운전불이행,포장 - 건조,맑음,단일로 - 기타,화물,여,52세,상해없음,보행자,여,31세,경상
20745,2020012000100432,2020년 1월 20일 16시,월요일,경기도 안양시 동안구 평촌동,경상사고,0,0,1,0,차대사람 - 기타,보행자보호의무위반,포장 - 건조,맑음,교차로 - 교차로횡단보도내,승용,여,50세,상해없음,보행자,남,10세,경상
20746,2020012000100433,2020년 1월 20일 16시,월요일,경기도 시흥시 신천동,경상사고,0,0,1,0,차대사람 - 기타,안전운전불이행,포장 - 건조,맑음,단일로 - 기타,승용,여,50세,상해없음,보행자,여,75세,경상
20747,2020012000100466,2020년 1월 20일 17시,월요일,경기도 수원시 장안구 정자동,경상사고,0,0,1,0,차대사람 - 기타,안전운전불이행,포장 - 건조,맑음,교차로 - 교차로안,승용,남,48세,상해없음,보행자,여,41세,경상
20748,2020012000100474,2020년 1월 20일 17시,월요일,경기도 성남시 중원구 성남동,중상사고,0,1,0,0,차대사람 - 길가장자리구역통행중,안전운전불이행,포장 - 건조,맑음,기타 - 기타,화물,남,57세,상해없음,보행자,남,50세,중상
20749,2020012000100516,2020년 1월 20일 18시,월요일,경기도 여주시 홍문동,중상사고,0,1,0,0,차대사람 - 기타,안전운전불이행,포장 - 건조,맑음,주차장 - 주차장,승용,여,37세,상해없음,보행자,여,58세,중상
20750,2020012000100556,2020년 1월 20일 18시,월요일,경기도 고양시 덕양구 화정동,중상사고,0,1,0,0,차대사람 - 횡단중,보행자보호의무위반,포장 - 건조,맑음,교차로 - 교차로안,화물,남,57세,상해없음,보행자,여,34세,중상
20751,2020012000100576,2020년 1월 20일 19시,월요일,경기도 안산시 단원구 와동,중상사고,0,1,0,0,차대사람 - 횡단중,안전운전불이행,포장 - 건조,맑음,교차로 - 교차로안,승용,남,25세,상해없음,보행자,남,63세,중상
20752,2020012000100577,2020년 1월 20일 19시,월요일,경기도 성남시 중원구 상대원동,중상사고,0,1,0,0,차대사람 - 횡단중,안전운전불이행,포장 - 건조,맑음,단일로 - 기타,승용,남,25세,상해없음,보행자,여,56세,중상
20753,2020012000100578,2020년 1월 20일 19시,월요일,경기도 의왕시 청계동,중상사고,0,1,1,0,차대사람 - 횡단중,신호위반,포장 - 건조,맑음,교차로 - 교차로횡단보도내,승용,남,59세,상해없음,보행자,여,49세,중상
20754,2020012000100603,2020년 1월 20일 19시,월요일,경기도 파주시 동패동,중상사고,0,1,0,0,차대사람 - 횡단중,신호위반,포장 - 건조,맑음,교차로 - 교차로횡단보도내,이륜,남,41세,상해없음,보행자,여,56세,중상
20755,2020012000100604,2020년 1월 20일 19시,월요일,경기도 포천시 영북면,중상사고,0,1,0,0,차대사람 - 횡단중,안전운전불이행,포장 - 건조,맑음,단일로 - 기타,승용,남,60세,상해없음,보행자,여,55세,중상
20756,2020012000100659,2020년 1월 20일 21시,월요일,경기도 양주시 백석읍,중상사고,0,1,0,0,차대사람 - 기타,안전운전불이행,포장 - 건조,맑음,기타 - 기타,승용,여,60세,상해없음,보행자,여,51세,중상
20757,2020012000100666,2020년 1월 20일 22시,월요일,경기도 안산시 상록구 사동,경상사고,0,0,1,0,차대사람 - 횡단중,보행자보호의무위반,포장 - 건조,맑음,단일로 - 기타,이륜,남,19세,상해없음,보행자,여,40세,경상
20758,2020012100100032,2020년 1월 21일 03시,화요일,경기도 양평군 양평읍,중상사고,0,1,0,0,차대사람 - 길가장자리구역통행중,안전운전불이행,포장 - 건조,맑음,단일로 - 기타,화물,남,42세,상해없음,보행자,남,64세,중상
20759,2020012100100060,2020년 1월 21일 05시,화요일,경기도 파주시 문산읍,중상사고,0,1,0,0,차대사람 - 횡단중,신호위반,포장 - 건조,맑음,단일로 - 기타,승용,남,55세,상해없음,보행자,여,78세,중상
20760,2020012100100067,2020년 1월 21일 06시,화요일,경기도 화성시 향남읍,사망사고,1,0,0,0,차대사람 - 횡단중,안전운전불이행,포장 - 건조,맑음,교차로 - 교차로횡단보도내,승합,남,59세,상해없음,보행자,남,82세,사망
20761,2020012100100068,2020년 1월 21일 06시,화요일,경기도 화성시 석우동,경상사고,0,0,1,0,차대사람 - 횡단중,보행자보호의무위반,포장 - 건조,맑음,교차로 - 교차로횡단보도내,승용,남,36세,상해없음,보행자,남,27세,경상
20762,2020012100100078,2020년 1월 21일 07시,화요일,경기도 군포시 금정동,경상사고,0,0,1,0,차대사람 - 횡단중,안전운전불이행,포장 - 건조,맑음,단일로 - 기타,승용,여,50세,상해없음,보행자,여,28세,경상
20763,2020012100100097,2020년 1월 21일 07시,화요일,경기도 가평군 가평읍,경상사고,0,0,1,0,차대사람 - 기타,안전운전불이행,포장 - 건조,맑음,교차로 - 교차로안,승용,남,34세,상해없음,보행자,여,58세,경상
20764,2020012100100160,2020년 1월 21일 09시,화요일,경기도 부천시 송내동,경상사고,0,0,1,0,차대사람 - 기타,기타,포장 - 건조,맑음,교차로 - 교차로안,승용,남,58세,상해없음,보행자,여,39세,경상
20765,2020012100100161,2020년 1월 21일 09시,화요일,경기도 오산시 원동,경상사고,0,0,1,0,차대사람 - 기타,안전운전불이행,포장 - 건조,맑음,기타 - 기타,승용,남,19세,상해없음,보행자,여,64세,경상
20766,2020012100100227,2020년 1월 21일 11시,화요일,경기도 안성시 인지동,경상사고,0,0,1,0,차대사람 - 횡단중,보행자보호의무위반,포장 - 건조,맑음,교차로 - 교차로횡단보도내,승용,남,50세,상해없음,보행자,여,69세,경상
20767,2020012100100233,2020년 1월 21일 11시,화요일,경기도 의왕시 내손동,경상사고,0,0,1,0,차대사람 - 횡단중,보행자보호의무위반,포장 - 건조,맑음,교차로 - 교차로안,승용,남,65세,상해없음,보행자,남,62세,경상
20768,2020012100100266,2020년 1월 21일 12시,화요일,경기도 수원시 장안구 조원동,경상사고,0,0,1,0,차대사람 - 길가장자리구역통행중,안전운전불이행,포장 - 건조,맑음,단일로 - 기타,승용,남,56세,상해없음,보행자,남,31세,경상
20769,2020012100100267,2020년 1월 21일 12시,화요일,경기도 안성시 연지동,중상사고,0,1,0,0,차대사람 - 횡단중,보행자보호의무위반,포장 - 건조,흐림,교차로 - 교차로횡단보도내,승용,남,56세,상해없음,보행자,여,73세,중상
20770,2020012100100274,2020년 1월 21일 12시,화요일,경기도 부천시 원종동,중상사고,0,1,0,0,차대사람 - 기타,안전운전불이행,포장 - 건조,맑음,교차로 - 교차로안,승용,남,35세,상해없음,보행자,여,49세,중상
20771,2020012100100317,2020년 1월 21일 13시,화요일,경기도 광주시 곤지암읍,경상사고,0,0,1,0,차대사람 - 횡단중,안전운전불이행,포장 - 건조,맑음,기타 - 기타,승용,남,79세,상해없음,보행자,남,6세,경상
20772,2020012100100364,2020년 1월 21일 14시,화요일,경기도 시흥시 정왕동,경상사고,0,0,1,0,차대사람 - 횡단중,보행자보호의무위반,포장 - 건조,맑음,교차로 - 교차로부근,승용,여,53세,상해없음,보행자,남,72세,경상
20773,2020012100100407,2020년 1월 21일 15시,화요일,경기도 용인시 처인구 역북동,경상사고,0,0,1,0,차대사람 - 차도통행중,안전운전불이행,포장 - 건조,맑음,교차로 - 교차로안,승용,남,48세,상해없음,보행자,남,59세,경상
20774,2020012100100410,2020년 1월 21일 15시,화요일,경기도 부천시 원미동,중상사고,0,1,0,0,차대사람 - 횡단중,신호위반,포장 - 건조,맑음,단일로 - 기타,이륜,남,28세,상해없음,보행자,여,57세,중상
20775,2020012100100458,2020년 1월 21일 16시,화요일,경기도 안양시 동안구 호계동,경상사고,0,0,1,0,차대사람 - 횡단중,보행자보호의무위반,포장 - 건조,맑음,단일로 - 기타,승합,남,56세,상해없음,보행자,여,24세,경상
20776,2020012100100508,2020년 1월 21일 17시,화요일,경기도 안산시 상록구 부곡동,경상사고,0,0,1,0,차대사람 - 횡단중,안전운전불이행,포장 - 건조,맑음,교차로 - 교차로부근,화물,남,66세,상해없음,보행자,여,26세,경상
20777,2020012100100538,2020년 1월 21일 17시,화요일,경기도 구리시 수택동,경상사고,0,0,1,0,차대사람 - 횡단중,신호위반,포장 - 건조,맑음,교차로 - 교차로횡단보도내,승용,남,67세,상해없음,보행자,여,24세,경상
20778,2020012100100539,2020년 1월 21일 17시,화요일,경기도 가평군 설악면,중상사고,0,1,0,0,차대사람 - 횡단중,보행자보호의무위반,포장 - 건조,맑음,교차로 - 교차로횡단보도내,승용,여,53세,상해없음,보행자,남,13세,중상
20779,2020012100100611,2020년 1월 21일 18시,화요일,경기도 고양시 덕양구 성사동,중상사고,0,1,0,0,차대사람 - 횡단중,보행자보호의무위반,포장 - 건조,맑음,교차로 - 교차로횡단보도내,화물,남,58세,상해없음,보행자,남,70세,중상
20780,2020012100100629,2020년 1월 21일 19시,화요일,경기도 화성시 우정읍,경상사고,0,0,1,0,차대사람 - 차도통행중,안전운전불이행,포장 - 건조,맑음,교차로 - 교차로안,승용,여,43세,상해없음,보행자,여,63세,경상
20781,2020012100100691,2020년 1월 21일 21시,화요일,경기도 안산시 상록구 본오동,경상사고,0,0,1,0,차대사람 - 길가장자리구역통행중,안전운전불이행,포장 - 건조,맑음,단일로 - 기타,승용,남,60세,상해없음,보행자,남,30세,경상
20782,2020012100100709,2020년 1월 21일 21시,화요일,경기도 고양시 일산동구 백석동,부상신고사고,0,0,0,1,차대사람 - 기타,안전운전불이행,포장 - 건조,맑음,단일로 - 기타,이륜,남,19세,부상신고,보행자,남,54세,상해없음
20783,2020012100100718,2020년 1월 21일 22시,화요일,경기도 평택시 안중읍,경상사고,0,0,1,0,차대사람 - 기타,안전운전불이행,포장 - 건조,맑음,단일로 - 기타,승용,여,29세,상해없음,보행자,남,57세,경상
20784,2020012100100738,2020년 1월 21일 23시,화요일,경기도 김포시 운양동,경상사고,0,0,1,0,차대사람 - 기타,기타,포장 - 건조,맑음,기타 - 기타,승합,남,49세,상해없음,보행자,남,72세,경상
20785,2020012100100744,2020년 1월 21일 23시,화요일,경기도 용인시 기흥구 보정동,중상사고,0,1,0,0,차대사람 - 횡단중,신호위반,포장 - 건조,맑음,교차로 - 교차로횡단보도내,특수,남,22세,상해없음,보행자,남,51세,중상
20786,2020012200100036,2020년 1월 22일 02시,수요일,경기도 구리시 수택동,경상사고,0,0,1,0,차대사람 - 차도통행중,안전운전불이행,포장 - 건조,맑음,기타 - 기타,승용,남,39세,상해없음,보행자,남,30세,경상
20787,2020012200100072,2020년 1월 22일 06시,수요일,경기도 구리시 교문동,중상사고,0,1,0,0,차대사람 - 횡단중,신호위반,포장 - 건조,맑음,단일로 - 기타,승용,남,37세,상해없음,보행자,남,71세,중상
20788,2020012200100082,2020년 1월 22일 07시,수요일,경기도 김포시 걸포동,중상사고,0,1,0,0,차대사람 - 차도통행중,안전운전불이행,포장 - 건조,맑음,교차로 - 교차로부근,승용,남,50세,상해없음,보행자,남,67세,중상
20789,2020012200100132,2020년 1월 22일 09시,수요일,경기도 부천시 송내동,경상사고,0,0,1,0,차대사람 - 기타,안전운전불이행,포장 - 건조,맑음,단일로 - 기타,승용,남,25세,상해없음,보행자,남,76세,경상
20790,2020012200100134,2020년 1월 22일 09시,수요일,경기도 화성시 장안면,경상사고,0,0,4,0,차대사람 - 기타,안전운전불이행,포장 - 건조,맑음,단일로 - 기타,화물,남,66세,상해없음,보행자,여,65세,경상
20791,2020012200100180,2020년 1월 22일 10시,수요일,경기도 남양주시 퇴계원면,경상사고,0,0,1,0,차대사람 - 횡단중,신호위반,포장 - 건조,맑음,교차로 - 교차로횡단보도내,승용,여,40세,상해없음,보행자,여,8세,경상
20792,2020012200100190,2020년 1월 22일 11시,수요일,경기도 군포시 산본동,경상사고,0,0,1,0,차대사람 - 횡단중,안전운전불이행,포장 - 건조,맑음,교차로 - 교차로안,화물,남,61세,상해없음,보행자,여,58세,경상
20793,2020012200100192,2020년 1월 22일 11시,수요일,경기도 군포시 금정동,경상사고,0,0,1,0,차대사람 - 기타,안전운전불이행,포장 - 건조,맑음,단일로 - 기타,승용,여,59세,상해없음,보행자,남,61세,경상
20794,2020012200100194,2020년 1월 22일 11시,수요일,경기도 성남시 중원구 성남동,경상사고,0,0,1,0,차대사람 - 보도통행중,신호위반,포장 - 건조,맑음,교차로 - 교차로부근,승용,남,65세,상해없음,보행자,남,23세,경상
20795,2020012200100220,2020년 1월 22일 12시,수요일,경기도 용인시 처인구 양지면,중상사고,0,1,0,0,차대사람 - 기타,기타,포장 - 젖음/습기,눈,단일로 - 기타,승합,남,51세,상해없음,보행자,여,64세,중상
20796,2020012200100225,2020년 1월 22일 12시,수요일,경기도 의왕시 오전동,경상사고,0,0,1,0,차대사람 - 기타,안전운전불이행,포장 - 건조,맑음,교차로 - 교차로부근,승합,남,51세,상해없음,보행자,남,37세,경상
20797,2020012200100281,2020년 1월 22일 14시,수요일,경기도 부천시 송내동,경상사고,0,0,1,0,차대사람 - 기타,안전운전불이행,포장 - 기타,맑음,단일로 - 기타,승용,남,25세,상해없음,보행자,남,7세,경상
20798,2020012200100309,2020년 1월 22일 14시,수요일,경기도 남양주시 진접읍,중상사고,0,1,0,0,차대사람 - 기타,기타,포장 - 건조,맑음,단일로 - 기타,승합,남,61세,상해없음,보행자,남,80세,중상
20799,2020012200100324,2020년 1월 22일 15시,수요일,경기도 안산시 단원구 초지동,중상사고,0,1,0,0,차대사람 - 횡단중,안전운전불이행,포장 - 건조,맑음,교차로 - 교차로안,승용,남,31세,상해없음,보행자,여,56세,중상
20800,2020012200100416,2020년 1월 22일 17시,수요일,경기도 수원시 장안구 송죽동,경상사고,0,0,1,0,차대사람 - 기타,보행자보호의무위반,포장 - 건조,맑음,단일로 - 기타,승용,남,42세,상해없음,보행자,여,36세,경상
20801,2020012200100418,2020년 1월 22일 17시,수요일,경기도 성남시 수정구 태평동,경상사고,0,0,1,0,차대사람 - 길가장자리구역통행중,안전운전불이행,포장 - 건조,맑음,단일로 - 기타,화물,여,46세,상해없음,보행자,여,23세,경상
20802,2020012200100422,2020년 1월 22일 17시,수요일,경기도 안산시 단원구 고잔동,경상사고,0,0,1,0,차대사람 - 기타,안전거리미확보,포장 - 건조,맑음,교차로 - 교차로안,승용,남,67세,상해없음,보행자,여,22세,경상