,사고번호,사고일시,요일,시군구,사고내용,사망자수,중상자수,경상자수,부상신고자수,사고유형,법규위반,노면상태,기상상태,도로형태,가해운전자 차종,가해운전자 성별,가해운전자 연령,가해운전자 상해정도,피해운전자 차종,피해운전자 성별,피해운전자 연령,피해운전자 상해정도
21029,2020020300100047,2020년 2월 3일 07시,월요일,경기도 김포시 운양동,중상사고,0,1,0,0,차대사람 - 횡단중,보행자보호의무위반,포장 - 건조,맑음,교차로 - 교차로횡단보도내,승용,여,61세,상해없음,보행자,여,18세,중상
21030,2020020300100063,2020년 2월 3일 07시,월요일,경기도 구리시 교문동,경상사고,0,0,1,0,차대사람 - 횡단중,보행자보호의무위반,포장 - 건조,맑음,교차로 - 교차로안,승용,여,49세,상해없음,보행자,남,19세,경상
21031,2020020300100080,2020년 2월 3일 08시,월요일,경기도 안성시 봉산동,경상사고,0,0,1,0,차대사람 - 기타,보행자보호의무위반,포장 - 건조,맑음,교차로 - 교차로부근,승용,남,43세,상해없음,보행자,여,24세,경상
21032,2020020300100100,2020년 2월 3일 08시,월요일,경기도 파주시 파주읍,사망사고,1,0,0,0,차대사람 - 횡단중,신호위반,포장 - 건조,맑음,교차로 - 교차로횡단보도내,승합,남,59세,상해없음,보행자,여,33세,사망
21033,2020020300100109,2020년 2월 3일 09시,월요일,경기도 오산시 오산동,중상사고,0,1,0,0,차대사람 - 횡단중,보행자보호의무위반,포장 - 건조,맑음,교차로 - 교차로횡단보도내,승용,남,26세,상해없음,보행자,여,42세,중상
21034,2020020300100115,2020년 2월 3일 09시,월요일,경기도 용인시 수지구 동천동,경상사고,0,0,1,0,차대사람 - 횡단중,보행자보호의무위반,포장 - 건조,맑음,단일로 - 기타,화물,남,63세,상해없음,보행자,여,39세,경상
21035,2020020300100147,2020년 2월 3일 10시,월요일,경기도 수원시 권선구 세류동,중상사고,0,1,0,0,차대사람 - 보도통행중,신호위반,포장 - 건조,맑음,교차로 - 교차로안,승용,남,58세,상해없음,보행자,여,51세,중상
21036,2020020300100180,2020년 2월 3일 11시,월요일,경기도 수원시 장안구 영화동,중상사고,0,1,0,0,차대사람 - 기타,안전운전불이행,포장 - 건조,맑음,교차로 - 교차로안,승용,여,46세,상해없음,보행자,여,76세,중상
21037,2020020300100188,2020년 2월 3일 11시,월요일,경기도 성남시 분당구 서현동,경상사고,0,0,1,0,차대사람 - 횡단중,보행자보호의무위반,포장 - 건조,맑음,교차로 - 교차로횡단보도내,승용,여,80세,상해없음,보행자,여,46세,경상
21038,2020020300100190,2020년 2월 3일 11시,월요일,경기도 시흥시 정왕동,경상사고,0,0,1,0,차대사람 - 기타,안전운전불이행,포장 - 건조,맑음,단일로 - 기타,승합,남,56세,상해없음,보행자,여,83세,경상
21039,2020020300100230,2020년 2월 3일 12시,월요일,경기도 평택시 팽성읍,경상사고,0,0,1,0,차대사람 - 기타,안전운전불이행,포장 - 건조,맑음,단일로 - 기타,승용,여,61세,상해없음,보행자,남,27세,경상
21040,2020020300100266,2020년 2월 3일 13시,월요일,경기도 성남시 수정구 수진동,경상사고,0,0,1,0,차대사람 - 기타,안전운전불이행,포장 - 건조,맑음,단일로 - 기타,승용,여,72세,상해없음,보행자,남,29세,경상
21041,2020020300100270,2020년 2월 3일 13시,월요일,경기도 이천시 증포동,경상사고,0,0,1,0,차대사람 - 차도통행중,기타,포장 - 건조,맑음,단일로 - 기타,승용,남,25세,상해없음,보행자,남,7세,경상
21042,2020020300100272,2020년 2월 3일 13시,월요일,경기도 용인시 처인구 역북동,사망사고,1,0,0,0,차대사람 - 횡단중,안전운전불이행,포장 - 건조,맑음,교차로 - 교차로안,승합,남,61세,상해없음,보행자,여,73세,사망
21043,2020020300100328,2020년 2월 3일 14시,월요일,경기도 남양주시 화도읍,경상사고,0,0,1,0,차대사람 - 기타,안전운전불이행,포장 - 건조,맑음,단일로 - 기타,승용,여,65세,상해없음,보행자,남,23세,경상
21044,2020020300100329,2020년 2월 3일 14시,월요일,경기도 구리시 수택동,경상사고,0,0,1,0,차대사람 - 기타,기타,포장 - 건조,맑음,단일로 - 기타,승용,남,61세,기타불명,보행자,여,40세,경상
21045,2020020300100449,2020년 2월 3일 18시,월요일,경기도 수원시 권선구 오목천동,중상사고,0,1,0,0,차대사람 - 기타,안전운전불이행,포장 - 건조,맑음,교차로 - 교차로부근,승용,남,58세,상해없음,보행자,여,78세,중상
21046,2020020300100451,2020년 2월 3일 18시,월요일,경기도 화성시 산척동,중상사고,0,1,0,0,차대사람 - 횡단중,보행자보호의무위반,포장 - 건조,맑음,교차로 - 교차로횡단보도내,승합,남,54세,상해없음,보행자,여,29세,중상
21047,2020020300100543,2020년 2월 3일 20시,월요일,경기도 고양시 일산서구 탄현동,경상사고,0,0,1,0,차대사람 - 기타,안전운전불이행,포장 - 건조,맑음,기타 - 기타,승용,남,20세,상해없음,보행자,남,35세,경상
21048,2020020300100551,2020년 2월 3일 21시,월요일,경기도 광주시 쌍령동,경상사고,0,0,1,0,차대사람 - 기타,안전운전불이행,포장 - 기타,기타,기타 - 기타,승용,여,52세,상해없음,보행자,남,33세,경상
21049,2020020300100564,2020년 2월 3일 21시,월요일,경기도 파주시 조리읍,부상신고사고,0,0,0,1,차대사람 - 횡단중,안전운전불이행,포장 - 건조,맑음,교차로 - 교차로안,승용,남,50세,상해없음,보행자,남,50세,부상신고
21050,2020020300100589,2020년 2월 3일 23시,월요일,경기도 부천시 중동,중상사고,0,1,0,0,차대사람 - 횡단중,보행자보호의무위반,포장 - 건조,맑음,교차로 - 교차로안,승용,남,48세,상해없음,보행자,남,26세,중상
21051,2020020400100058,2020년 2월 4일 07시,화요일,경기도 성남시 분당구 정자동,경상사고,0,0,1,0,차대사람 - 횡단중,보행자보호의무위반,포장 - 건조,맑음,교차로 - 교차로횡단보도내,승용,여,57세,상해없음,보행자,남,41세,경상
21052,2020020400100084,2020년 2월 4일 07시,화요일,경기도 남양주시 별내면,경상사고,0,0,1,0,차대사람 - 기타,안전운전불이행,포장 - 건조,맑음,단일로 - 기타,원동기,남,26세,상해없음,보행자,남,59세,경상
21053,2020020400100085,2020년 2월 4일 07시,화요일,경기도 고양시 일산서구 일산동,경상사고,0,0,1,0,차대사람 - 기타,안전운전불이행,포장 - 건조,맑음,교차로 - 교차로횡단보도내,승용,남,61세,상해없음,보행자,남,61세,경상
21054,2020020400100162,2020년 2월 4일 10시,화요일,경기도 수원시 팔달구 인계동,경상사고,0,0,1,0,차대사람 - 차도통행중,안전운전불이행,포장 - 건조,맑음,단일로 - 기타,승용,남,42세,상해없음,보행자,여,31세,경상
21055,2020020400100253,2020년 2월 4일 13시,화요일,경기도 광명시 광명동,부상신고사고,0,0,0,1,차대사람 - 차도통행중,안전운전불이행,포장 - 건조,맑음,단일로 - 기타,승용,남,78세,상해없음,보행자,남,54세,부상신고
21056,2020020400100254,2020년 2월 4일 13시,화요일,경기도 수원시 영통구 영통동,사망사고,1,0,0,0,차대사람 - 횡단중,안전운전불이행,포장 - 건조,맑음,단일로 - 기타,승합,남,61세,상해없음,보행자,남,87세,사망
21057,2020020400100270,2020년 2월 4일 13시,화요일,경기도 의정부시 신곡동,중상사고,0,1,0,0,차대사람 - 횡단중,보행자보호의무위반,포장 - 건조,맑음,교차로 - 교차로횡단보도내,승용,여,46세,상해없음,보행자,여,52세,중상
21058,2020020400100279,2020년 2월 4일 14시,화요일,경기도 수원시 장안구 영화동,중상사고,0,1,0,0,차대사람 - 횡단중,안전운전불이행,포장 - 건조,맑음,단일로 - 기타,승용,남,52세,상해없음,보행자,여,19세,중상
21059,2020020400100281,2020년 2월 4일 14시,화요일,경기도 평택시 세교동,사망사고,1,0,0,0,차대사람 - 횡단중,보행자보호의무위반,포장 - 건조,흐림,교차로 - 교차로횡단보도내,승용,남,59세,상해없음,보행자,남,59세,사망
21060,2020020400100343,2020년 2월 4일 15시,화요일,경기도 남양주시 화도읍,중상사고,0,1,0,0,차대사람 - 차도통행중,중앙선침범,포장 - 건조,맑음,교차로 - 교차로횡단보도내,화물,남,63세,상해없음,보행자,여,52세,중상
21061,2020020400100391,2020년 2월 4일 17시,화요일,경기도 성남시 분당구 야탑동,중상사고,0,1,0,0,차대사람 - 기타,신호위반,포장 - 건조,맑음,교차로 - 교차로부근,승용,남,22세,상해없음,보행자,여,37세,중상
21062,2020020400100422,2020년 2월 4일 17시,화요일,경기도 의정부시 민락동,중상사고,0,1,0,0,차대사람 - 횡단중,보행자보호의무위반,포장 - 젖음/습기,비,교차로 - 교차로횡단보도내,승용,남,63세,상해없음,보행자,여,19세,중상
21063,2020020400100423,2020년 2월 4일 17시,화요일,경기도 구리시 수택동,경상사고,0,0,1,0,차대사람 - 차도통행중,보행자보호의무위반,포장 - 건조,맑음,단일로 - 기타,승합,여,63세,상해없음,보행자,남,47세,경상
21064,2020020400100444,2020년 2월 4일 18시,화요일,경기도 용인시 처인구 김량장동,경상사고,0,0,1,0,차대사람 - 횡단중,보행자보호의무위반,포장 - 건조,맑음,교차로 - 교차로안,승용,남,27세,상해없음,보행자,남,61세,경상
21065,2020020400100445,2020년 2월 4일 18시,화요일,경기도 오산시 누읍동,경상사고,0,0,1,1,차대사람 - 횡단중,신호위반,포장 - 젖음/습기,눈,교차로 - 교차로횡단보도내,이륜,남,41세,부상신고,보행자,남,62세,경상
21066,2020020400100446,2020년 2월 4일 18시,화요일,경기도 부천시 춘의동,중상사고,0,1,0,0,차대사람 - 횡단중,신호위반,포장 - 젖음/습기,비,교차로 - 교차로안,승용,여,27세,상해없음,보행자,여,48세,중상
21067,2020020400100488,2020년 2월 4일 18시,화요일,경기도 남양주시 호평동,경상사고,0,0,1,0,차대사람 - 횡단중,신호위반,포장 - 젖음/습기,눈,교차로 - 교차로횡단보도내,승용,남,61세,상해없음,보행자,여,19세,경상
21068,2020020400100503,2020년 2월 4일 19시,화요일,경기도 수원시 장안구 영화동,경상사고,0,0,1,0,차대사람 - 기타,안전운전불이행,포장 - 젖음/습기,비,단일로 - 기타,승용,남,63세,상해없음,보행자,남,65세,경상
21069,2020020400100506,2020년 2월 4일 19시,화요일,경기도 용인시 처인구 양지면,중상사고,0,1,0,0,차대사람 - 보도통행중,안전운전불이행,포장 - 젖음/습기,눈,단일로 - 기타,승용,남,42세,상해없음,보행자,여,55세,중상
21070,2020020400100508,2020년 2월 4일 19시,화요일,경기도 수원시 팔달구 인계동,중상사고,0,1,1,0,차대사람 - 기타,보행자보호의무위반,포장 - 젖음/습기,비,교차로 - 교차로횡단보도내,화물,남,23세,상해없음,보행자,여,20세,중상
21071,2020020400100509,2020년 2월 4일 19시,화요일,경기도 성남시 분당구 정자동,중상사고,0,1,0,0,차대사람 - 횡단중,안전운전불이행,포장 - 젖음/습기,눈,기타 - 기타,이륜,남,44세,상해없음,보행자,남,82세,중상
21072,2020020400100510,2020년 2월 4일 19시,화요일,경기도 시흥시 정왕동,경상사고,0,0,1,0,차대사람 - 횡단중,보행자보호의무위반,포장 - 젖음/습기,흐림,교차로 - 교차로횡단보도내,승합,남,64세,상해없음,보행자,여,20세,경상
21073,2020020400100512,2020년 2월 4일 19시,화요일,경기도 수원시 권선구 세류동,경상사고,0,0,1,0,차대사람 - 기타,기타,포장 - 건조,맑음,단일로 - 기타,승합,남,42세,상해없음,보행자,남,58세,경상
21074,2020020400100513,2020년 2월 4일 19시,화요일,경기도 용인시 수지구 풍덕천동,부상신고사고,0,0,0,1,차대사람 - 횡단중,보행자보호의무위반,포장 - 젖음/습기,비,교차로 - 교차로횡단보도내,화물,남,30세,기타불명,보행자,여,61세,부상신고
21075,2020020400100536,2020년 2월 4일 19시,화요일,경기도 구리시 토평동,경상사고,0,0,1,0,차대사람 - 보도통행중,안전운전불이행,포장 - 건조,맑음,단일로 - 기타,승용,여,63세,상해없음,보행자,남,44세,경상
21076,2020020400100547,2020년 2월 4일 20시,화요일,경기도 광명시 광명동,경상사고,0,0,1,0,차대사람 - 기타,안전운전불이행,포장 - 건조,맑음,단일로 - 기타,승용,남,45세,상해없음,보행자,남,62세,경상
21077,2020020400100553,2020년 2월 4일 20시,화요일,경기도 화성시 송산면,중상사고,0,1,0,0,차대사람 - 길가장자리구역통행중,안전운전불이행,포장 - 젖음/습기,비,기타 - 기타,승용,여,52세,상해없음,보행자,남,40세,중상
21078,2020020400100584,2020년 2월 4일 21시,화요일,경기도 수원시 장안구 정자동,부상신고사고,0,0,0,1,차대사람 - 횡단중,안전운전불이행,포장 - 젖음/습기,흐림,교차로 - 교차로안,승용,남,61세,상해없음,보행자,여,74세,부상신고
21079,2020020400100619,2020년 2월 4일 22시,화요일,경기도 용인시 기흥구 구갈동,경상사고,0,0,1,0,차대사람 - 횡단중,안전운전불이행,포장 - 서리/결빙,눈,교차로 - 교차로횡단보도내,이륜,남,20세,기타불명,보행자,여,29세,경상
21080,2020020400100656,2020년 2월 4일 23시,화요일,경기도 파주시 목동동,중상사고,0,1,0,0,차대사람 - 보도통행중,신호위반,포장 - 건조,맑음,교차로 - 교차로안,승용,남,35세,상해없음,보행자,남,52세,중상
21081,2020020500100005,2020년 2월 5일 00시,수요일,경기도 수원시 팔달구 인계동,경상사고,0,0,1,0,차대사람 - 길가장자리구역통행중,안전운전불이행,포장 - 건조,맑음,단일로 - 기타,승용,남,25세,상해없음,보행자,남,39세,경상
21082,2020020500100006,2020년 2월 5일 00시,수요일,경기도 수원시 팔달구 인계동,중상사고,0,1,0,0,차대사람 - 횡단중,보행자보호의무위반,포장 - 건조,맑음,교차로 - 교차로횡단보도내,화물,남,65세,상해없음,보행자,여,56세,중상
21083,2020020500100049,2020년 2월 5일 05시,수요일,경기도 김포시 양촌읍,중상사고,0,1,0,0,차대사람 - 횡단중,신호위반,포장 - 건조,맑음,교차로 - 교차로안,승용,남,64세,상해없음,보행자,남,67세,중상
21084,2020020500100074,2020년 2월 5일 07시,수요일,경기도 안양시 동안구 관양동,경상사고,0,0,1,0,차대사람 - 횡단중,보행자보호의무위반,포장 - 건조,맑음,교차로 - 교차로횡단보도내,승용,남,49세,상해없음,보행자,여,27세,경상
21085,2020020500100077,2020년 2월 5일 07시,수요일,경기도 부천시 고강동,중상사고,0,1,0,0,차대사람 - 기타,안전운전불이행,포장 - 건조,맑음,교차로 - 교차로부근,화물,남,27세,상해없음,보행자,여,50세,중상
21086,2020020500100107,2020년 2월 5일 08시,수요일,경기도 의왕시 고천동,경상사고,0,0,1,0,차대사람 - 차도통행중,안전운전불이행,포장 - 건조,맑음,교차로 - 교차로안,승용,남,36세,상해없음,보행자,여,47세,경상
21087,2020020500100143,2020년 2월 5일 09시,수요일,경기도 안산시 단원구 원곡동,중상사고,0,1,0,0,차대사람 - 횡단중,보행자보호의무위반,포장 - 건조,맑음,교차로 - 교차로안,승합,남,55세,상해없음,보행자,여,38세,중상
21088,2020020500100145,2020년 2월 5일 09시,수요일,경기도 안산시 상록구 월피동,경상사고,0,0,1,0,차대사람 - 횡단중,신호위반,포장 - 건조,맑음,교차로 - 교차로안,승용,남,60세,상해없음,보행자,여,25세,경상
21089,2020020500100179,2020년 2월 5일 10시,수요일,경기도 의왕시 삼동,중상사고,0,1,0,0,차대사람 - 횡단중,안전운전불이행,포장 - 건조,맑음,단일로 - 기타,승용,남,70세,상해없음,보행자,여,33세,중상
21090,2020020500100271,2020년 2월 5일 12시,수요일,경기도 동두천시 지행동,부상신고사고,0,0,0,1,차대사람 - 기타,안전운전불이행,포장 - 건조,맑음,단일로 - 기타,승용,여,63세,상해없음,보행자,남,52세,부상신고
21091,2020020500100286,2020년 2월 5일 13시,수요일,경기도 안양시 동안구 호계동,경상사고,0,0,1,0,차대사람 - 차도통행중,안전운전불이행,포장 - 건조,맑음,교차로 - 교차로부근,화물,남,64세,상해없음,보행자,남,25세,경상
21092,2020020500100290,2020년 2월 5일 13시,수요일,경기도 수원시 팔달구 매산로1가,경상사고,0,0,1,0,차대사람 - 횡단중,보행자보호의무위반,포장 - 건조,맑음,단일로 - 기타,승용,남,39세,상해없음,보행자,여,20세,경상
21093,2020020500100313,2020년 2월 5일 14시,수요일,경기도 성남시 분당구 이매동,경상사고,0,0,1,0,차대사람 - 횡단중,보행자보호의무위반,포장 - 건조,맑음,교차로 - 교차로횡단보도내,승용,남,34세,상해없음,보행자,여,19세,경상
21094,2020020500100374,2020년 2월 5일 15시,수요일,경기도 고양시 덕양구 오금동,중상사고,0,1,0,0,차대사람 - 기타,안전운전불이행,포장 - 건조,맑음,단일로 - 기타,승합,남,69세,상해없음,보행자,여,18세,중상
21095,2020020500100384,2020년 2월 5일 16시,수요일,경기도 부천시 도당동,경상사고,0,0,1,0,차대사람 - 횡단중,안전운전불이행,포장 - 건조,맑음,단일로 - 기타,승용,여,63세,기타불명,보행자,남,14세,경상
21096,2020020500100392,2020년 2월 5일 16시,수요일,경기도 용인시 기흥구 언남동,부상신고사고,0,0,0,1,차대사람 - 기타,기타,포장 - 건조,맑음,단일로 - 기타,승합,남,51세,상해없음,보행자,남,3세,부상신고
21097,2020020500100393,2020년 2월 5일 16시,수요일,경기도 용인시 수지구 죽전동,경상사고,0,0,1,0,차대사람 - 기타,신호위반,포장 - 건조,맑음,교차로 - 교차로안,승용,남,68세,상해없음,보행자,여,30세,경상
21098,2020020500100426,2020년 2월 5일 17시,수요일,경기도 안산시 단원구 고잔동,중상사고,0,1,0,0,차대사람 - 기타,안전운전불이행,포장 - 건조,맑음,교차로 - 교차로횡단보도내,승합,남,54세,상해없음,보행자,남,19세,중상
21099,2020020500100468,2020년 2월 5일 18시,수요일,경기도 용인시 기흥구 신갈동,중상사고,0,1,0,0,차대사람 - 차도통행중,안전운전불이행,포장 - 건조,맑음,교차로 - 교차로부근,승용,남,49세,상해없음,보행자,남,57세,중상
21100,2020020500100470,2020년 2월 5일 18시,수요일,경기도 부천시 상동,경상사고,0,0,1,0,차대사람 - 기타,안전운전불이행,포장 - 건조,맑음,단일로 - 기타,승용,여,37세,상해없음,보행자,여,63세,경상
21101,2020020500100472,2020년 2월 5일 18시,수요일,경기도 안산시 단원구 대부북동,중상사고,0,1,0,0,차대사람 - 길가장자리구역통행중,안전운전불이행,포장 - 건조,맑음,단일로 - 기타,승용,여,62세,상해없음,보행자,여,56세,중상
21102,2020020500100474,2020년 2월 5일 18시,수요일,경기도 화성시 능동,경상사고,0,0,1,0,차대사람 - 횡단중,보행자보호의무위반,포장 - 건조,맑음,교차로 - 교차로부근,승용,남,26세,상해없음,보행자,남,47세,경상
21103,2020020500100509,2020년 2월 5일 18시,수요일,경기도 파주시 목동동,경상사고,0,0,1,0,차대사람 - 횡단중,보행자보호의무위반,포장 - 건조,맑음,교차로 - 교차로횡단보도내,승용,여,29세,상해없음,보행자,남,33세,경상
21104,2020020500100523,2020년 2월 5일 19시,수요일,경기도 평택시 동삭동,중상사고,0,1,0,0,차대사람 - 횡단중,신호위반,포장 - 건조,맑음,교차로 - 교차로안,이륜,남,37세,상해없음,보행자,남,49세,중상
21105,2020020500100571,2020년 2월 5일 19시,수요일,경기도 고양시 덕양구 행신동,중상사고,0,1,0,0,차대사람 - 보도통행중,신호위반,포장 - 건조,맑음,단일로 - 지하차도(도로)내,승합,남,59세,상해없음,보행자,남,35세,중상
21106,2020020500100578,2020년 2월 5일 20시,수요일,경기도 수원시 장안구 천천동,중상사고,0,1,0,0,차대사람 - 기타,안전운전불이행,포장 - 건조,맑음,단일로 - 기타,승용,남,45세,상해없음,보행자,여,26세,중상
21107,2020020500100581,2020년 2월 5일 20시,수요일,경기도 여주시 능서면,사망사고,1,0,0,0,차대사람 - 횡단중,안전운전불이행,포장 - 건조,맑음,단일로 - 기타,승용,남,56세,상해없음,보행자,여,68세,사망
21108,2020020500100588,2020년 2월 5일 20시,수요일,경기도 안산시 상록구 본오동,중상사고,0,1,0,0,차대사람 - 횡단중,안전운전불이행,포장 - 건조,맑음,교차로 - 교차로횡단보도내,승용,남,32세,상해없음,보행자,남,65세,중상
21109,2020020500100641,2020년 2월 5일 22시,수요일,경기도 평택시 지산동,중상사고,0,1,0,0,차대사람 - 차도통행중,안전운전불이행,포장 - 건조,맑음,단일로 - 기타,승용,여,23세,상해없음,보행자,여,68세,중상
21110,2020020500100666,2020년 2월 5일 23시,수요일,경기도 수원시 팔달구 화서동,중상사고,0,1,0,0,차대사람 - 횡단중,안전운전불이행,포장 - 건조,맑음,단일로 - 기타,화물,남,25세,상해없음,보행자,남,57세,중상
21111,2020020600100007,2020년 2월 6일 00시,목요일,경기도 시흥시 정왕동,경상사고,0,0,1,0,차대사람 - 기타,안전운전불이행,포장 - 건조,맑음,단일로 - 기타,승용,남,41세,상해없음,보행자,남,33세,경상
21112,2020020600100018,2020년 2월 6일 00시,목요일,경기도 남양주시 평내동,중상사고,0,1,0,0,차대사람 - 기타,안전운전불이행,포장 - 건조,맑음,단일로 - 기타,승용,남,25세,상해없음,보행자,여,21세,중상
21113,2020020600100030,2020년 2월 6일 01시,목요일,경기도 고양시 덕양구 원흥동,중상사고,0,1,0,0,차대사람 - 횡단중,과속,포장 - 건조,맑음,단일로 - 기타,승용,여,55세,상해없음,보행자,여,21세,중상
21114,2020020600100064,2020년 2월 6일 06시,목요일,경기도 평택시 이충동,경상사고,0,0,1,0,차대사람 - 횡단중,보행자보호의무위반,포장 - 건조,맑음,교차로 - 교차로횡단보도내,승용,남,29세,상해없음,보행자,여,35세,경상
21115,2020020600100066,2020년 2월 6일 06시,목요일,경기도 오산시 원동,중상사고,0,1,0,0,차대사람 - 횡단중,보행자보호의무위반,포장 - 건조,맑음,교차로 - 교차로횡단보도내,승용,여,34세,상해없음,보행자,남,37세,중상
21116,2020020600100092,2020년 2월 6일 07시,목요일,경기도 수원시 팔달구 인계동,경상사고,0,0,1,0,차대사람 - 차도통행중,안전운전불이행,포장 - 건조,맑음,단일로 - 기타,승용,남,33세,상해없음,보행자,남,31세,경상
21117,2020020600100120,2020년 2월 6일 08시,목요일,경기도 시흥시 정왕동,중상사고,0,1,0,0,차대사람 - 횡단중,보행자보호의무위반,포장 - 건조,맑음,교차로 - 교차로안,승합,남,53세,상해없음,보행자,여,47세,중상
21118,2020020600100159,2020년 2월 6일 09시,목요일,경기도 용인시 기흥구 보정동,경상사고,0,0,1,0,차대사람 - 기타,안전운전불이행,포장 - 건조,맑음,교차로 - 교차로부근,승용,남,62세,상해없음,보행자,여,33세,경상
21119,2020020600100222,2020년 2월 6일 11시,목요일,경기도 안산시 단원구 와동,중상사고,0,1,0,0,차대사람 - 차도통행중,신호위반,포장 - 건조,맑음,교차로 - 교차로안,화물,남,68세,상해없음,보행자,여,79세,중상
21120,2020020600100248,2020년 2월 6일 11시,목요일,경기도 고양시 일산서구 대화동,중상사고,0,1,0,0,차대사람 - 횡단중,신호위반,포장 - 건조,맑음,단일로 - 기타,승용,남,26세,상해없음,보행자,여,71세,중상
21121,2020020600100259,2020년 2월 6일 12시,목요일,경기도 부천시 중동,경상사고,0,0,1,0,차대사람 - 횡단중,보행자보호의무위반,포장 - 건조,맑음,교차로 - 교차로횡단보도내,승용,여,20세,상해없음,보행자,남,60세,경상
21122,2020020600100263,2020년 2월 6일 12시,목요일,경기도 성남시 중원구 금광동,중상사고,0,1,0,0,차대사람 - 횡단중,안전운전불이행,포장 - 서리/결빙,맑음,교차로 - 교차로횡단보도내,이륜,남,17세,기타불명,보행자,여,41세,중상
21123,2020020600100322,2020년 2월 6일 14시,목요일,경기도 평택시 포승읍,경상사고,0,0,1,0,차대사람 - 기타,기타,포장 - 건조,맑음,단일로 - 기타,승용,남,55세,상해없음,보행자,남,47세,경상
21124,2020020600100326,2020년 2월 6일 14시,목요일,경기도 부천시 중동,중상사고,0,1,0,0,차대사람 - 횡단중,안전운전불이행,포장 - 건조,맑음,교차로 - 교차로안,승용,여,56세,상해없음,보행자,남,69세,중상
21125,2020020600100369,2020년 2월 6일 15시,목요일,경기도 용인시 수지구 죽전동,중상사고,0,1,0,0,차대사람 - 기타,기타,포장 - 건조,맑음,단일로 - 기타,승합,남,56세,상해없음,보행자,여,82세,중상
21126,2020020600100389,2020년 2월 6일 16시,목요일,경기도 수원시 팔달구 화서동,경상사고,0,0,1,0,차대사람 - 기타,안전운전불이행,포장 - 건조,맑음,단일로 - 기타,승용,여,42세,상해없음,보행자,여,16세,경상
21127,2020020600100393,2020년 2월 6일 16시,목요일,경기도 오산시 오산동,부상신고사고,0,0,0,1,차대사람 - 보도통행중,안전운전불이행,포장 - 건조,맑음,기타 - 기타,개인형이동수단(PM),남,24세,상해없음,보행자,여,66세,부상신고
21128,2020020600100422,2020년 2월 6일 17시,목요일,경기도 용인시 기흥구 동백동,중상사고,0,1,0,0,차대사람 - 기타,안전운전불이행,포장 - 건조,맑음,단일로 - 기타,승합,여,36세,상해없음,보행자,여,72세,중상
21129,2020020600100425,2020년 2월 6일 17시,목요일,경기도 부천시 원미동,경상사고,0,0,1,0,차대사람 - 횡단중,보행자보호의무위반,포장 - 건조,맑음,단일로 - 기타,승용,여,53세,상해없음,보행자,여,73세,경상
21130,2020020600100511,2020년 2월 6일 19시,목요일,경기도 성남시 중원구 하대원동,중상사고,0,1,0,0,차대사람 - 기타,안전운전불이행,포장 - 건조,맑음,교차로 - 교차로안,승용,남,59세,상해없음,보행자,여,62세,중상
21131,2020020600100565,2020년 2월 6일 20시,목요일,경기도 고양시 덕양구 고양동,경상사고,0,0,2,0,차대사람 - 기타,안전운전불이행,포장 - 건조,맑음,교차로 - 교차로안,승용,여,70세,상해없음,보행자,남,23세,경상
21132,2020020700100060,2020년 2월 7일 06시,금요일,경기도 성남시 수정구 신흥동,중상사고,0,1,0,0,차대사람 - 기타,중앙선침범,포장 - 건조,맑음,단일로 - 기타,승용,남,54세,상해없음,보행자,남,66세,중상
21133,2020020700100063,2020년 2월 7일 06시,금요일,경기도 이천시 고담동,경상사고,0,0,1,0,차대사람 - 횡단중,안전운전불이행,포장 - 건조,맑음,교차로 - 교차로부근,승용,여,31세,상해없음,보행자,남,37세,경상
21134,2020020700100065,2020년 2월 7일 06시,금요일,경기도 과천시 별양동,사망사고,1,0,0,0,차대사람 - 횡단중,과속,포장 - 건조,맑음,단일로 - 기타,승용,남,71세,상해없음,보행자,남,73세,사망
21135,2020020700100117,2020년 2월 7일 08시,금요일,경기도 성남시 중원구 상대원동,경상사고,0,0,1,0,차대사람 - 차도통행중,안전운전불이행,포장 - 건조,맑음,단일로 - 기타,승용,남,41세,상해없음,보행자,남,67세,경상
21136,2020020700100118,2020년 2월 7일 08시,금요일,경기도 안양시 만안구 안양동,중상사고,0,1,0,0,차대사람 - 횡단중,보행자보호의무위반,포장 - 건조,맑음,교차로 - 교차로횡단보도내,승합,남,58세,기타불명,보행자,여,63세,중상
21137,2020020700100188,2020년 2월 7일 10시,금요일,경기도 부천시 심곡동,경상사고,0,0,1,0,차대사람 - 횡단중,신호위반,포장 - 건조,맑음,교차로 - 교차로부근,승용,남,31세,상해없음,보행자,여,40세,경상
21138,2020020700100205,2020년 2월 7일 10시,금요일,경기도 파주시 금촌동,중상사고,0,1,0,0,차대사람 - 기타,중앙선침범,포장 - 건조,맑음,단일로 - 기타,승용,남,53세,기타불명,보행자,남,70세,중상
21139,2020020700100239,2020년 2월 7일 11시,금요일,경기도 양주시 백석읍,부상신고사고,0,0,0,1,차대사람 - 기타,기타,포장 - 건조,맑음,기타 - 기타,승합,남,55세,기타불명,보행자,남,71세,부상신고
21140,2020020700100275,2020년 2월 7일 13시,금요일,경기도 수원시 장안구 연무동,경상사고,0,0,1,0,차대사람 - 기타,안전운전불이행,포장 - 건조,맑음,단일로 - 기타,승용,여,67세,상해없음,보행자,남,64세,경상
21141,2020020700100276,2020년 2월 7일 13시,금요일,경기도 성남시 수정구 신흥동,경상사고,0,0,1,0,차대사람 - 기타,보행자보호의무위반,포장 - 건조,맑음,단일로 - 기타,승용,남,57세,상해없음,보행자,남,67세,경상