,사고번호,사고일시,요일,시군구,사고내용,사망자수,중상자수,경상자수,부상신고자수,사고유형,법규위반,노면상태,기상상태,도로형태,가해운전자 차종,가해운전자 성별,가해운전자 연령,가해운전자 상해정도,피해운전자 차종,피해운전자 성별,피해운전자 연령,피해운전자 상해정도
21142,2020020700100309,2020년 2월 7일 14시,금요일,경기도 광명시 철산동,부상신고사고,0,0,0,3,차대사람 - 기타,안전운전불이행,포장 - 건조,맑음,단일로 - 기타,승용,여,67세,상해없음,보행자,남,44세,부상신고
21143,2020020700100351,2020년 2월 7일 15시,금요일,경기도 시흥시 신천동,중상사고,0,1,0,0,차대사람 - 차도통행중,안전운전불이행,포장 - 건조,맑음,단일로 - 기타,승용,남,69세,상해없음,보행자,남,11세,중상
21144,2020020700100373,2020년 2월 7일 15시,금요일,경기도 포천시 가산면,부상신고사고,0,0,0,1,차대사람 - 기타,안전운전불이행,포장 - 건조,맑음,기타 - 기타,승용,여,59세,상해없음,보행자,남,77세,부상신고
21145,2020020700100392,2020년 2월 7일 16시,금요일,경기도 부천시 원미동,경상사고,0,0,1,0,차대사람 - 기타,불법유턴,포장 - 건조,맑음,단일로 - 지하차도(도로)내,승용,남,61세,상해없음,보행자,여,67세,경상
21146,2020020700100428,2020년 2월 7일 17시,금요일,경기도 성남시 분당구 운중동,부상신고사고,0,0,0,1,차대사람 - 기타,안전운전불이행,포장 - 건조,맑음,기타 - 기타,이륜,남,40세,부상신고,보행자,여,27세,상해없음
21147,2020020700100480,2020년 2월 7일 18시,금요일,경기도 의왕시 오전동,경상사고,0,0,1,0,차대사람 - 기타,안전운전불이행,포장 - 건조,맑음,기타 - 기타,승용,여,51세,상해없음,보행자,남,14세,경상
21148,2020020700100517,2020년 2월 7일 18시,금요일,경기도 의정부시 의정부동,경상사고,0,0,1,0,차대사람 - 횡단중,보행자보호의무위반,포장 - 건조,맑음,교차로 - 교차로부근,화물,남,42세,상해없음,보행자,남,79세,경상
21149,2020020700100518,2020년 2월 7일 18시,금요일,경기도 남양주시 와부읍,중상사고,0,1,0,0,차대사람 - 차도통행중,안전운전불이행,포장 - 건조,맑음,기타 - 기타,승용,남,48세,상해없음,보행자,남,52세,중상
21150,2020020700100542,2020년 2월 7일 19시,금요일,경기도 용인시 기흥구 중동,중상사고,0,1,1,0,차대사람 - 횡단중,신호위반,포장 - 건조,맑음,교차로 - 교차로횡단보도내,이륜,남,22세,경상,보행자,여,9세,중상
21151,2020020700100544,2020년 2월 7일 19시,금요일,경기도 부천시 괴안동,사망사고,1,0,0,0,차대사람 - 기타,보행자보호의무위반,포장 - 기타,맑음,교차로 - 교차로횡단보도내,승용,남,37세,상해없음,보행자,남,87세,사망
21152,2020020700100545,2020년 2월 7일 19시,금요일,경기도 오산시 청학동,중상사고,0,1,0,0,차대사람 - 기타,안전운전불이행,포장 - 건조,맑음,단일로 - 기타,승합,남,66세,상해없음,보행자,남,41세,중상
21153,2020020700100548,2020년 2월 7일 19시,금요일,경기도 성남시 분당구 야탑동,중상사고,0,1,0,0,차대사람 - 기타,안전운전불이행,포장 - 건조,맑음,단일로 - 기타,승합,남,55세,상해없음,보행자,남,28세,중상
21154,2020020700100578,2020년 2월 7일 19시,금요일,경기도 고양시 덕양구 관산동,경상사고,0,0,1,0,차대사람 - 횡단중,안전운전불이행,포장 - 건조,맑음,교차로 - 교차로부근,이륜,남,36세,상해없음,보행자,여,68세,경상
21155,2020020700100620,2020년 2월 7일 20시,금요일,경기도 고양시 덕양구 행신동,경상사고,0,0,1,0,차대사람 - 기타,안전운전불이행,포장 - 건조,맑음,단일로 - 기타,승용,남,54세,상해없음,보행자,남,42세,경상
21156,2020020700100621,2020년 2월 7일 20시,금요일,경기도 양주시 은현면,경상사고,0,0,1,0,차대사람 - 기타,안전운전불이행,포장 - 건조,맑음,단일로 - 기타,화물,남,45세,상해없음,보행자,남,52세,경상
21157,2020020700100638,2020년 2월 7일 21시,금요일,경기도 김포시 사우동,중상사고,0,1,0,0,차대사람 - 횡단중,과속,포장 - 건조,맑음,단일로 - 기타,이륜,남,22세,상해없음,보행자,여,53세,중상
21158,2020020700100640,2020년 2월 7일 21시,금요일,경기도 안양시 만안구 안양동,중상사고,0,1,0,0,차대사람 - 기타,중앙선침범,포장 - 건조,맑음,단일로 - 기타,승용,남,33세,상해없음,보행자,남,57세,중상
21159,2020020800100008,2020년 2월 8일 00시,토요일,경기도 수원시 팔달구 인계동,경상사고,0,0,2,0,차대사람 - 기타,안전운전불이행,포장 - 건조,맑음,단일로 - 기타,승용,여,40세,상해없음,보행자,남,21세,경상
21160,2020020800100036,2020년 2월 8일 01시,토요일,경기도 가평군 청평면,경상사고,0,0,1,0,차대사람 - 길가장자리구역통행중,안전운전불이행,포장 - 건조,흐림,단일로 - 기타,승용,여,41세,상해없음,보행자,남,38세,경상
21161,2020020800100110,2020년 2월 8일 07시,토요일,경기도 용인시 수지구 풍덕천동,경상사고,0,0,1,0,차대사람 - 기타,안전운전불이행,포장 - 건조,맑음,단일로 - 기타,승용,남,52세,상해없음,보행자,남,19세,경상
21162,2020020800100115,2020년 2월 8일 07시,토요일,경기도 고양시 일산서구 주엽동,경상사고,0,0,1,0,차대사람 - 횡단중,보행자보호의무위반,포장 - 건조,맑음,교차로 - 교차로안,승합,남,58세,상해없음,보행자,남,60세,경상
21163,2020020800100124,2020년 2월 8일 08시,토요일,경기도 부천시 대장동,중상사고,0,1,0,0,차대사람 - 기타,안전운전불이행,포장 - 건조,맑음,주차장 - 주차장,승용,남,60세,상해없음,보행자,여,55세,중상
21164,2020020800100158,2020년 2월 8일 10시,토요일,경기도 안양시 동안구 관양동,경상사고,0,0,1,0,차대사람 - 차도통행중,안전운전불이행,포장 - 건조,맑음,교차로 - 교차로부근,화물,남,38세,상해없음,보행자,남,53세,경상
21165,2020020800100216,2020년 2월 8일 12시,토요일,경기도 평택시 세교동,경상사고,0,0,3,0,차대사람 - 기타,교차로운행방법위반,포장 - 건조,맑음,교차로 - 교차로부근,승합,남,55세,상해없음,보행자,여,59세,경상
21166,2020020800100218,2020년 2월 8일 12시,토요일,경기도 부천시 도당동,경상사고,0,0,1,0,차대사람 - 기타,안전운전불이행,포장 - 건조,맑음,단일로 - 기타,특수,남,51세,상해없음,보행자,남,49세,경상
21167,2020020800100306,2020년 2월 8일 15시,토요일,경기도 성남시 수정구 태평동,경상사고,0,0,1,0,차대사람 - 보도통행중,보행자보호의무위반,포장 - 건조,맑음,교차로 - 교차로횡단보도내,승용,여,27세,상해없음,보행자,여,10세,경상
21168,2020020800100326,2020년 2월 8일 15시,토요일,경기도 파주시 광탄면,중상사고,0,1,0,0,차대사람 - 기타,안전운전불이행,포장 - 건조,맑음,주차장 - 주차장,화물,남,56세,상해없음,보행자,남,57세,중상
21169,2020020800100335,2020년 2월 8일 16시,토요일,경기도 화성시 향남읍,중상사고,0,1,0,0,차대사람 - 보도통행중,보행자보호의무위반,포장 - 건조,맑음,교차로 - 교차로안,승용,남,53세,상해없음,보행자,여,65세,중상
21170,2020020800100357,2020년 2월 8일 16시,토요일,경기도 고양시 덕양구 동산동,중상사고,0,1,0,0,차대사람 - 기타,안전운전불이행,포장 - 건조,맑음,단일로 - 기타,승합,남,54세,상해없음,보행자,여,50세,중상
21171,2020020800100424,2020년 2월 8일 18시,토요일,경기도 의정부시 용현동,중상사고,0,1,0,0,차대사람 - 횡단중,안전운전불이행,포장 - 건조,맑음,단일로 - 기타,화물,남,53세,상해없음,보행자,여,63세,중상
21172,2020020800100426,2020년 2월 8일 18시,토요일,경기도 고양시 덕양구 토당동,경상사고,0,0,1,0,차대사람 - 기타,안전운전불이행,포장 - 건조,맑음,단일로 - 기타,승용,여,45세,상해없음,보행자,여,51세,경상
21173,2020020800100440,2020년 2월 8일 19시,토요일,경기도 성남시 중원구 하대원동,중상사고,0,1,0,0,차대사람 - 기타,안전운전불이행,포장 - 건조,맑음,교차로 - 교차로안,승용,남,62세,상해없음,보행자,남,61세,중상
21174,2020020800100441,2020년 2월 8일 19시,토요일,경기도 성남시 분당구 수내동,부상신고사고,0,0,0,1,차대사람 - 기타,안전운전불이행,포장 - 건조,맑음,교차로 - 교차로횡단보도내,이륜,남,26세,부상신고,보행자,여,54세,상해없음
21175,2020020800100482,2020년 2월 8일 20시,토요일,경기도 부천시 고강동,경상사고,0,0,1,0,차대사람 - 차도통행중,안전운전불이행,포장 - 건조,맑음,단일로 - 기타,승용,여,34세,상해없음,보행자,남,66세,경상
21176,2020020800100483,2020년 2월 8일 20시,토요일,경기도 화성시 진안동,경상사고,0,0,1,0,차대사람 - 차도통행중,안전운전불이행,포장 - 건조,맑음,단일로 - 기타,기타불명,기타불명,미분류,기타불명,보행자,여,18세,경상
21177,2020020800100510,2020년 2월 8일 21시,토요일,경기도 광명시 하안동,중상사고,0,1,0,0,차대사람 - 길가장자리구역통행중,안전운전불이행,포장 - 건조,맑음,교차로 - 교차로부근,이륜,남,45세,상해없음,보행자,여,73세,중상
21178,2020020800100512,2020년 2월 8일 21시,토요일,경기도 수원시 권선구 권선동,경상사고,0,0,1,0,차대사람 - 길가장자리구역통행중,안전운전불이행,포장 - 건조,맑음,단일로 - 기타,승용,남,36세,상해없음,보행자,남,30세,경상
21179,2020020800100540,2020년 2월 8일 22시,토요일,경기도 부천시 심곡동,중상사고,0,1,0,0,차대사람 - 횡단중,안전운전불이행,포장 - 건조,맑음,단일로 - 기타,승용,남,47세,상해없음,보행자,남,50세,중상
21180,2020020800100558,2020년 2월 8일 22시,토요일,경기도 의정부시 의정부동,경상사고,0,0,1,0,차대사람 - 길가장자리구역통행중,안전운전불이행,포장 - 건조,맑음,교차로 - 교차로부근,승용,여,66세,상해없음,보행자,남,21세,경상
21181,2020020800100561,2020년 2월 8일 22시,토요일,경기도 파주시 문산읍,경상사고,0,0,1,0,차대사람 - 횡단중,보행자보호의무위반,포장 - 건조,맑음,단일로 - 기타,기타불명,기타불명,미분류,기타불명,보행자,남,61세,경상
21182,2020020900100031,2020년 2월 9일 01시,일요일,경기도 고양시 덕양구 주교동,중상사고,0,1,0,0,차대사람 - 횡단중,보행자보호의무위반,포장 - 기타,기타,교차로 - 교차로횡단보도내,승용,남,59세,상해없음,보행자,남,52세,중상
21183,2020020900100070,2020년 2월 9일 05시,일요일,경기도 평택시 비전동,경상사고,0,0,1,0,차대사람 - 횡단중,안전운전불이행,포장 - 건조,맑음,단일로 - 기타,승용,남,64세,상해없음,보행자,여,20세,경상
21184,2020020900100073,2020년 2월 9일 05시,일요일,경기도 수원시 팔달구 인계동,경상사고,0,0,1,0,차대사람 - 기타,안전운전불이행,포장 - 건조,맑음,교차로 - 교차로부근,승용,남,21세,상해없음,보행자,남,26세,경상
21185,2020020900100081,2020년 2월 9일 06시,일요일,경기도 이천시 증포동,중상사고,0,1,0,0,차대사람 - 횡단중,보행자보호의무위반,포장 - 건조,맑음,교차로 - 교차로부근,승용,남,58세,상해없음,보행자,남,73세,중상
21186,2020020900100175,2020년 2월 9일 12시,일요일,경기도 동두천시 생연동,중상사고,0,1,0,0,차대사람 - 차도통행중,안전운전불이행,포장 - 건조,맑음,단일로 - 기타,승용,여,56세,상해없음,보행자,여,33세,중상
21187,2020020900100236,2020년 2월 9일 15시,일요일,경기도 과천시 갈현동,중상사고,0,1,0,0,차대사람 - 보도통행중,안전운전불이행,포장 - 건조,맑음,단일로 - 기타,기타불명,기타불명,미분류,기타불명,보행자,남,57세,중상
21188,2020020900100304,2020년 2월 9일 17시,일요일,경기도 파주시 문산읍,경상사고,0,0,1,0,차대사람 - 기타,안전운전불이행,포장 - 건조,맑음,단일로 - 기타,화물,남,58세,상해없음,보행자,여,72세,경상
21189,2020020900100329,2020년 2월 9일 18시,일요일,경기도 의정부시 신곡동,경상사고,0,0,1,0,차대사람 - 횡단중,보행자보호의무위반,포장 - 건조,맑음,교차로 - 교차로횡단보도내,기타불명,기타불명,미분류,기타불명,보행자,남,21세,경상
21190,2020020900100341,2020년 2월 9일 19시,일요일,경기도 안산시 단원구 와동,경상사고,0,0,1,0,차대사람 - 횡단중,신호위반,포장 - 건조,맑음,교차로 - 교차로횡단보도내,승용,남,29세,상해없음,보행자,여,49세,경상
21191,2020020900100345,2020년 2월 9일 19시,일요일,경기도 용인시 기흥구 청덕동,중상사고,0,1,0,0,차대사람 - 횡단중,안전운전불이행,포장 - 건조,맑음,단일로 - 기타,승용,여,46세,상해없음,보행자,여,76세,중상
21192,2020020900100368,2020년 2월 9일 19시,일요일,경기도 양주시 고암동,경상사고,0,0,1,0,차대사람 - 기타,안전운전불이행,포장 - 건조,맑음,단일로 - 기타,승용,남,58세,상해없음,보행자,남,31세,경상
21193,2020020900100378,2020년 2월 9일 20시,일요일,경기도 양평군 양평읍,경상사고,0,0,1,0,차대사람 - 기타,안전운전불이행,포장 - 건조,흐림,단일로 - 기타,승용,여,44세,상해없음,보행자,남,74세,경상
21194,2020020900100380,2020년 2월 9일 20시,일요일,경기도 수원시 권선구 권선동,중상사고,0,1,0,0,차대사람 - 횡단중,신호위반,포장 - 건조,맑음,단일로 - 기타,승용,여,58세,상해없음,보행자,남,30세,중상
21195,2020020900100383,2020년 2월 9일 20시,일요일,경기도 수원시 팔달구 교동,부상신고사고,0,0,0,1,차대사람 - 기타,안전운전불이행,포장 - 건조,맑음,교차로 - 교차로안,승합,남,69세,상해없음,보행자,남,44세,부상신고
21196,2020020900100403,2020년 2월 9일 21시,일요일,경기도 용인시 기흥구 구갈동,부상신고사고,0,0,0,1,차대사람 - 기타,안전운전불이행,포장 - 건조,맑음,단일로 - 기타,화물,남,68세,상해없음,보행자,남,40세,부상신고
21197,2020020900100408,2020년 2월 9일 21시,일요일,경기도 수원시 권선구 세류동,사망사고,1,0,0,0,차대사람 - 차도통행중,안전운전불이행,포장 - 건조,맑음,교차로 - 교차로부근,승합,남,62세,상해없음,보행자,여,79세,사망
21198,2020020900100423,2020년 2월 9일 21시,일요일,경기도 양주시 덕계동,경상사고,0,0,1,0,차대사람 - 횡단중,안전운전불이행,포장 - 건조,맑음,교차로 - 교차로횡단보도내,승용,남,52세,상해없음,보행자,남,46세,경상
21199,2020020900100438,2020년 2월 9일 22시,일요일,경기도 파주시 조리읍,경상사고,0,0,1,0,차대사람 - 길가장자리구역통행중,안전운전불이행,포장 - 건조,맑음,단일로 - 기타,승용,여,48세,상해없음,보행자,남,18세,경상
21200,2020021000100028,2020년 2월 10일 03시,월요일,경기도 안산시 단원구 고잔동,사망사고,1,0,0,0,차대사람 - 횡단중,안전운전불이행,포장 - 건조,맑음,단일로 - 기타,승용,남,24세,상해없음,보행자,남,29세,사망
21201,2020021000100041,2020년 2월 10일 05시,월요일,경기도 성남시 분당구 정자동,중상사고,0,1,0,0,차대사람 - 기타,신호위반,포장 - 건조,맑음,교차로 - 교차로횡단보도내,승용,여,57세,상해없음,보행자,여,75세,중상
21202,2020021000100061,2020년 2월 10일 06시,월요일,경기도 성남시 중원구 상대원동,중상사고,0,1,0,0,차대사람 - 길가장자리구역통행중,보행자보호의무위반,포장 - 젖음/습기,맑음,교차로 - 교차로안,승합,남,55세,상해없음,보행자,여,69세,중상
21203,2020021000100076,2020년 2월 10일 06시,월요일,경기도 의정부시 의정부동,경상사고,0,0,1,0,차대사람 - 기타,보행자보호의무위반,포장 - 건조,맑음,단일로 - 기타,승용,남,71세,상해없음,보행자,남,43세,경상
21204,2020021000100112,2020년 2월 10일 07시,월요일,경기도 양주시 백석읍,사망사고,1,0,0,0,차대사람 - 차도통행중,안전운전불이행,포장 - 건조,맑음,교차로 - 교차로안,승용,남,55세,상해없음,보행자,여,54세,사망
21205,2020021000100131,2020년 2월 10일 08시,월요일,경기도 부천시 원종동,경상사고,0,0,1,0,차대사람 - 기타,안전운전불이행,포장 - 건조,맑음,단일로 - 기타,승용,여,53세,상해없음,보행자,여,58세,경상
21206,2020021000100167,2020년 2월 10일 09시,월요일,경기도 광주시 경안동,중상사고,0,1,0,0,차대사람 - 횡단중,보행자보호의무위반,포장 - 건조,맑음,교차로 - 교차로횡단보도내,화물,남,39세,상해없음,보행자,여,78세,중상
21207,2020021000100168,2020년 2월 10일 09시,월요일,경기도 부천시 소사본동,사망사고,1,0,0,0,차대사람 - 기타,안전운전불이행,포장 - 건조,맑음,교차로 - 교차로안,승용,여,53세,상해없음,보행자,남,81세,사망
21208,2020021000100201,2020년 2월 10일 10시,월요일,경기도 용인시 처인구 포곡읍,중상사고,0,1,0,0,차대사람 - 횡단중,신호위반,포장 - 건조,맑음,교차로 - 교차로안,승용,남,31세,상해없음,보행자,여,52세,중상
21209,2020021000100203,2020년 2월 10일 10시,월요일,경기도 부천시 역곡동,경상사고,0,0,1,0,차대사람 - 길가장자리구역통행중,보행자보호의무위반,포장 - 건조,맑음,교차로 - 교차로안,승용,여,49세,상해없음,보행자,여,7세,경상
21210,2020021000100236,2020년 2월 10일 11시,월요일,경기도 광주시 오포읍,경상사고,0,0,1,0,차대사람 - 횡단중,안전운전불이행,포장 - 건조,맑음,교차로 - 교차로횡단보도내,특수,남,28세,상해없음,보행자,여,58세,경상
21211,2020021000100237,2020년 2월 10일 11시,월요일,경기도 용인시 처인구 김량장동,부상신고사고,0,0,0,1,차대사람 - 기타,안전운전불이행,포장 - 건조,맑음,단일로 - 기타,승합,남,57세,상해없음,보행자,남,76세,부상신고
21212,2020021000100308,2020년 2월 10일 13시,월요일,경기도 수원시 권선구 권선동,중상사고,0,1,0,0,차대사람 - 기타,중앙선침범,포장 - 건조,맑음,단일로 - 기타,이륜,남,26세,상해없음,보행자,남,70세,중상
21213,2020021000100309,2020년 2월 10일 13시,월요일,경기도 화성시 병점동,경상사고,0,0,1,0,차대사람 - 횡단중,보행자보호의무위반,포장 - 건조,맑음,교차로 - 교차로안,승용,남,70세,상해없음,보행자,남,79세,경상
21214,2020021000100354,2020년 2월 10일 15시,월요일,경기도 광주시 장지동,경상사고,0,0,1,0,차대사람 - 횡단중,안전운전불이행,포장 - 건조,맑음,단일로 - 기타,승용,남,40세,상해없음,보행자,남,6세,경상
21215,2020021000100355,2020년 2월 10일 15시,월요일,경기도 용인시 처인구 김량장동,경상사고,0,0,1,0,차대사람 - 횡단중,보행자보호의무위반,포장 - 건조,맑음,교차로 - 교차로안,화물,남,51세,상해없음,보행자,남,53세,경상
21216,2020021000100356,2020년 2월 10일 15시,월요일,경기도 오산시 궐동,중상사고,0,1,0,0,차대사람 - 기타,안전운전불이행,포장 - 건조,맑음,교차로 - 교차로안,승용,남,63세,상해없음,보행자,여,68세,중상
21217,2020021000100359,2020년 2월 10일 15시,월요일,경기도 성남시 분당구 야탑동,경상사고,0,0,1,0,차대사람 - 횡단중,보행자보호의무위반,포장 - 건조,맑음,교차로 - 교차로안,승용,여,52세,상해없음,보행자,남,26세,경상
21218,2020021000100394,2020년 2월 10일 16시,월요일,경기도 수원시 팔달구 북수동,중상사고,0,1,0,0,차대사람 - 기타,신호위반,포장 - 건조,맑음,교차로 - 교차로부근,이륜,남,47세,상해없음,보행자,여,27세,중상
21219,2020021000100436,2020년 2월 10일 17시,월요일,경기도 군포시 당정동,중상사고,0,1,0,0,차대사람 - 횡단중,안전운전불이행,포장 - 건조,맑음,교차로 - 교차로안,화물,남,68세,상해없음,보행자,여,43세,중상
21220,2020021000100466,2020년 2월 10일 17시,월요일,경기도 고양시 일산서구 일산동,중상사고,0,1,0,0,차대사람 - 차도통행중,불법유턴,포장 - 건조,맑음,교차로 - 교차로안,승합,남,63세,상해없음,보행자,여,69세,중상
21221,2020021000100564,2020년 2월 10일 20시,월요일,경기도 부천시 중동,경상사고,0,0,1,0,차대사람 - 기타,안전운전불이행,포장 - 건조,맑음,단일로 - 기타,승합,남,63세,상해없음,보행자,남,72세,경상
21222,2020021000100565,2020년 2월 10일 20시,월요일,경기도 안산시 단원구 선부동,경상사고,0,0,1,0,차대사람 - 기타,안전운전불이행,포장 - 건조,맑음,단일로 - 기타,화물,남,56세,상해없음,보행자,남,58세,경상
21223,2020021000100580,2020년 2월 10일 20시,월요일,경기도 의정부시 의정부동,경상사고,0,0,1,0,차대사람 - 길가장자리구역통행중,안전운전불이행,포장 - 건조,맑음,단일로 - 기타,승용,남,26세,상해없음,보행자,남,38세,경상
21224,2020021000100594,2020년 2월 10일 21시,월요일,경기도 수원시 권선구 세류동,경상사고,0,0,1,0,차대사람 - 보도통행중,안전운전불이행,포장 - 건조,맑음,단일로 - 기타,특수,남,29세,상해없음,보행자,여,39세,경상
21225,2020021000100621,2020년 2월 10일 22시,월요일,경기도 부천시 도당동,경상사고,0,0,1,0,차대사람 - 차도통행중,안전운전불이행,포장 - 건조,맑음,단일로 - 기타,기타불명,기타불명,미분류,기타불명,보행자,여,52세,경상
21226,2020021000100624,2020년 2월 10일 22시,월요일,경기도 의왕시 고천동,중상사고,0,1,0,0,차대사람 - 차도통행중,안전운전불이행,포장 - 건조,맑음,교차로 - 교차로안,승용,남,29세,상해없음,보행자,여,19세,중상
21227,2020021100100055,2020년 2월 11일 05시,화요일,경기도 용인시 수지구 풍덕천동,중상사고,0,1,0,0,차대사람 - 보도통행중,안전운전불이행,포장 - 건조,맑음,교차로 - 교차로횡단보도내,이륜,남,23세,상해없음,보행자,여,60세,중상
21228,2020021100100075,2020년 2월 11일 06시,화요일,경기도 고양시 덕양구 도내동,사망사고,1,0,0,0,차대사람 - 기타,안전운전불이행,포장 - 건조,맑음,교차로 - 교차로안,특수,남,48세,상해없음,보행자,여,85세,사망
21229,2020021100100082,2020년 2월 11일 07시,화요일,경기도 오산시 원동,중상사고,0,1,0,0,차대사람 - 기타,안전운전불이행,포장 - 건조,맑음,단일로 - 기타,승용,남,45세,상해없음,보행자,남,36세,중상
21230,2020021100100084,2020년 2월 11일 07시,화요일,경기도 안산시 단원구 신길동,중상사고,0,1,0,0,차대사람 - 기타,안전운전불이행,포장 - 건조,맑음,단일로 - 기타,이륜,남,24세,상해없음,보행자,여,46세,중상
21231,2020021100100140,2020년 2월 11일 09시,화요일,경기도 성남시 분당구 서현동,경상사고,0,0,1,0,차대사람 - 기타,보행자보호의무위반,포장 - 건조,맑음,단일로 - 기타,승용,남,91세,상해없음,보행자,여,34세,경상
21232,2020021100100172,2020년 2월 11일 10시,화요일,경기도 안산시 상록구 부곡동,경상사고,0,0,1,0,차대사람 - 기타,안전운전불이행,포장 - 건조,맑음,단일로 - 기타,승용,여,46세,상해없음,보행자,남,3세,경상
21233,2020021100100173,2020년 2월 11일 10시,화요일,경기도 부천시 원종동,중상사고,0,1,0,0,차대사람 - 횡단중,안전운전불이행,포장 - 건조,맑음,단일로 - 기타,화물,남,58세,상해없음,보행자,여,79세,중상
21234,2020021100100266,2020년 2월 11일 13시,화요일,경기도 안양시 동안구 관양동,경상사고,0,0,1,0,차대사람 - 횡단중,안전운전불이행,포장 - 건조,맑음,단일로 - 기타,승용,여,51세,상해없음,보행자,여,61세,경상
21235,2020021100100268,2020년 2월 11일 13시,화요일,경기도 부천시 심곡동,중상사고,0,1,0,0,차대사람 - 차도통행중,안전운전불이행,포장 - 건조,맑음,단일로 - 기타,승용,남,64세,상해없음,보행자,남,62세,중상
21236,2020021100100299,2020년 2월 11일 14시,화요일,경기도 시흥시 은행동,중상사고,0,1,0,0,차대사람 - 기타,안전운전불이행,포장 - 건조,맑음,단일로 - 기타,화물,남,51세,상해없음,보행자,여,55세,중상
21237,2020021100100334,2020년 2월 11일 15시,화요일,경기도 오산시 원동,부상신고사고,0,0,0,1,차대사람 - 기타,안전운전불이행,포장 - 건조,맑음,단일로 - 기타,개인형이동수단(PM),여,28세,상해없음,보행자,남,32세,부상신고
21238,2020021100100335,2020년 2월 11일 15시,화요일,경기도 부천시 심곡동,경상사고,0,0,1,0,차대사람 - 횡단중,안전운전불이행,포장 - 건조,맑음,교차로 - 교차로안,화물,남,50세,상해없음,보행자,여,5세,경상
21239,2020021100100337,2020년 2월 11일 15시,화요일,경기도 성남시 분당구 삼평동,중상사고,0,1,0,0,차대사람 - 횡단중,안전운전불이행,포장 - 건조,맑음,교차로 - 교차로횡단보도내,승합,남,56세,상해없음,보행자,남,74세,중상
21240,2020021100100403,2020년 2월 11일 17시,화요일,경기도 부천시 심곡동,중상사고,0,1,0,0,차대사람 - 기타,안전운전불이행,포장 - 건조,맑음,단일로 - 기타,승용,남,58세,상해없음,보행자,여,54세,중상
21241,2020021100100426,2020년 2월 11일 17시,화요일,경기도 남양주시 와부읍,중상사고,0,1,0,0,차대사람 - 차도통행중,안전운전불이행,포장 - 건조,맑음,교차로 - 교차로안,승용,남,31세,상해없음,보행자,여,9세,중상
21242,2020021100100430,2020년 2월 11일 17시,화요일,경기도 구리시 수택동,경상사고,0,0,1,0,차대사람 - 차도통행중,안전운전불이행,포장 - 건조,맑음,단일로 - 기타,승용,여,28세,상해없음,보행자,남,61세,경상
21243,2020021100100515,2020년 2월 11일 19시,화요일,경기도 파주시 동패동,경상사고,0,0,1,0,차대사람 - 횡단중,신호위반,포장 - 건조,맑음,교차로 - 교차로안,승용,여,52세,기타불명,보행자,여,14세,경상
21244,2020021100100517,2020년 2월 11일 19시,화요일,경기도 양주시 옥정동,중상사고,0,1,0,0,차대사람 - 기타,안전운전불이행,포장 - 건조,맑음,주차장 - 주차장,화물,남,51세,상해없음,보행자,여,56세,중상
21245,2020021100100530,2020년 2월 11일 20시,화요일,경기도 평택시 동삭동,부상신고사고,0,0,0,1,차대사람 - 기타,안전운전불이행,포장 - 건조,맑음,단일로 - 기타,이륜,남,20세,부상신고,보행자,남,26세,상해없음
21246,2020021100100531,2020년 2월 11일 20시,화요일,경기도 김포시 구래동,경상사고,0,0,1,0,차대사람 - 길가장자리구역통행중,교차로운행방법위반,포장 - 건조,맑음,교차로 - 교차로안,승용,여,46세,상해없음,보행자,남,48세,경상
21247,2020021100100532,2020년 2월 11일 20시,화요일,경기도 오산시 궐동,부상신고사고,0,0,0,1,차대사람 - 기타,안전운전불이행,포장 - 건조,맑음,단일로 - 기타,승용,남,44세,상해없음,보행자,남,5세,부상신고
21248,2020021100100533,2020년 2월 11일 20시,화요일,경기도 수원시 권선구 세류동,중상사고,0,1,0,0,차대사람 - 기타,안전운전불이행,포장 - 건조,맑음,교차로 - 교차로부근,승용,남,41세,상해없음,보행자,남,32세,중상
21249,2020021100100551,2020년 2월 11일 20시,화요일,경기도 의정부시 의정부동,경상사고,0,0,1,0,차대사람 - 기타,기타,포장 - 건조,맑음,단일로 - 기타,기타불명,기타불명,미분류,기타불명,보행자,남,18세,경상
21250,2020021100100619,2020년 2월 11일 23시,화요일,경기도 고양시 덕양구 주교동,사망사고,1,0,0,0,차대사람 - 기타,안전운전불이행,포장 - 건조,맑음,교차로 - 교차로부근,승용,남,41세,상해없음,보행자,남,46세,사망
21251,2020021100100620,2020년 2월 11일 23시,화요일,경기도 남양주시 평내동,경상사고,0,0,1,0,차대사람 - 횡단중,안전운전불이행,포장 - 건조,맑음,교차로 - 교차로부근,승용,여,58세,상해없음,보행자,남,34세,경상
21252,2020021100100622,2020년 2월 11일 23시,화요일,경기도 동두천시 지행동,중상사고,0,1,0,0,차대사람 - 기타,보행자보호의무위반,포장 - 건조,맑음,교차로 - 교차로안,화물,남,60세,상해없음,보행자,남,43세,중상
21253,2020021100100623,2020년 2월 11일 23시,화요일,경기도 연천군 전곡읍,중상사고,0,1,0,0,차대사람 - 차도통행중,안전운전불이행,포장 - 건조,맑음,단일로 - 기타,승용,남,43세,상해없음,보행자,남,24세,중상