,사고번호,사고일시,요일,시군구,사고내용,사망자수,중상자수,경상자수,부상신고자수,사고유형,법규위반,노면상태,기상상태,도로형태,가해운전자 차종,가해운전자 성별,가해운전자 연령,가해운전자 상해정도,피해운전자 차종,피해운전자 성별,피해운전자 연령,피해운전자 상해정도
21480,2020022000100500,2020년 2월 20일 18시,목요일,경기도 부천시 심곡본동,경상사고,0,0,1,0,차대사람 - 횡단중,안전운전불이행,포장 - 건조,맑음,교차로 - 교차로부근,승용,남,38세,상해없음,보행자,남,71세,경상
21481,2020022000100505,2020년 2월 20일 18시,목요일,경기도 수원시 권선구 권선동,경상사고,0,0,1,0,차대사람 - 보도통행중,기타,포장 - 건조,맑음,기타 - 기타,승용,여,41세,상해없음,보행자,여,23세,경상
21482,2020022000100554,2020년 2월 20일 19시,목요일,경기도 군포시 산본동,경상사고,0,0,1,0,차대사람 - 기타,안전운전불이행,포장 - 건조,맑음,교차로 - 교차로부근,화물,남,58세,상해없음,보행자,여,46세,경상
21483,2020022000100622,2020년 2월 20일 20시,목요일,경기도 파주시 문산읍,경상사고,0,0,1,0,차대사람 - 횡단중,안전운전불이행,포장 - 건조,맑음,교차로 - 교차로안,승용,여,37세,상해없음,보행자,남,55세,경상
21484,2020022000100654,2020년 2월 20일 21시,목요일,경기도 파주시 파주읍,중상사고,0,1,0,0,차대사람 - 기타,기타,포장 - 건조,맑음,주차장 - 주차장,승용,남,56세,상해없음,보행자,남,41세,중상
21485,2020022000100680,2020년 2월 20일 22시,목요일,경기도 남양주시 와부읍,경상사고,0,0,1,0,차대사람 - 횡단중,신호위반,포장 - 건조,맑음,교차로 - 교차로횡단보도내,승합,남,62세,상해없음,보행자,여,48세,경상
21486,2020022000100683,2020년 2월 20일 22시,목요일,경기도 고양시 일산서구 일산동,경상사고,0,0,1,0,차대사람 - 기타,안전운전불이행,포장 - 건조,흐림,기타 - 기타,승용,남,54세,상해없음,보행자,남,74세,경상
21487,2020022100100007,2020년 2월 21일 00시,금요일,경기도 안성시 석정동,경상사고,0,0,1,0,차대사람 - 길가장자리구역통행중,안전운전불이행,포장 - 건조,맑음,교차로 - 교차로부근,승용,남,27세,상해없음,보행자,남,21세,경상
21488,2020022100100020,2020년 2월 21일 00시,금요일,경기도 고양시 일산서구 대화동,부상신고사고,0,0,0,1,차대사람 - 횡단중,교차로운행방법위반,포장 - 건조,맑음,교차로 - 교차로횡단보도내,이륜,남,18세,상해없음,보행자,남,49세,부상신고
21489,2020022100100068,2020년 2월 21일 05시,금요일,경기도 수원시 권선구 곡반정동,중상사고,0,1,0,0,차대사람 - 기타,안전운전불이행,포장 - 젖음/습기,비,단일로 - 기타,승용,남,39세,상해없음,보행자,남,34세,중상
21490,2020022100100201,2020년 2월 21일 10시,금요일,경기도 광주시 태전동,경상사고,0,0,1,0,차대사람 - 보도통행중,안전운전불이행,포장 - 젖음/습기,비,교차로 - 교차로안,승용,남,24세,상해없음,보행자,여,25세,경상
21491,2020022100100221,2020년 2월 21일 11시,금요일,경기도 광주시 삼동,중상사고,0,1,0,0,차대사람 - 기타,기타,포장 - 건조,맑음,단일로 - 기타,화물,남,43세,상해없음,보행자,여,61세,중상
21492,2020022100100256,2020년 2월 21일 12시,금요일,경기도 안양시 동안구 평촌동,경상사고,0,0,1,0,차대사람 - 기타,안전운전불이행,포장 - 건조,맑음,주차장 - 주차장,승용,남,51세,상해없음,보행자,남,28세,경상
21493,2020022100100271,2020년 2월 21일 12시,금요일,경기도 의정부시 가능동,경상사고,0,0,1,0,차대사람 - 차도통행중,안전운전불이행,포장 - 건조,맑음,교차로 - 교차로부근,승용,여,34세,상해없음,보행자,여,83세,경상
21494,2020022100100272,2020년 2월 21일 12시,금요일,경기도 고양시 덕양구 행신동,경상사고,0,0,1,0,차대사람 - 횡단중,안전운전불이행,포장 - 건조,맑음,교차로 - 교차로횡단보도내,승용,남,58세,상해없음,보행자,여,77세,경상
21495,2020022100100274,2020년 2월 21일 12시,금요일,경기도 남양주시 다산동,중상사고,0,1,0,0,차대사람 - 횡단중,안전운전불이행,포장 - 건조,맑음,단일로 - 기타,화물,남,48세,상해없음,보행자,여,77세,중상
21496,2020022100100289,2020년 2월 21일 13시,금요일,경기도 하남시 학암동,경상사고,0,0,1,0,차대사람 - 기타,안전운전불이행,포장 - 건조,맑음,주차장 - 주차장,승용,남,28세,상해없음,보행자,남,60세,경상
21497,2020022100100307,2020년 2월 21일 13시,금요일,경기도 남양주시 평내동,경상사고,0,0,1,0,차대사람 - 차도통행중,안전운전불이행,포장 - 건조,맑음,단일로 - 기타,승용,여,40세,상해없음,보행자,여,51세,경상
21498,2020022100100316,2020년 2월 21일 14시,금요일,경기도 군포시 산본동,중상사고,0,1,0,0,차대사람 - 횡단중,신호위반,포장 - 건조,맑음,교차로 - 교차로부근,승합,남,66세,상해없음,보행자,여,58세,중상
21499,2020022100100337,2020년 2월 21일 14시,금요일,경기도 포천시 소흘읍,경상사고,0,0,1,0,차대사람 - 횡단중,보행자보호의무위반,포장 - 건조,맑음,단일로 - 기타,승용,여,56세,상해없음,보행자,남,83세,경상
21500,2020022100100353,2020년 2월 21일 15시,금요일,경기도 용인시 기흥구 언남동,경상사고,0,0,1,0,차대사람 - 횡단중,신호위반,포장 - 건조,맑음,교차로 - 교차로안,승용,남,46세,상해없음,보행자,여,11세,경상
21501,2020022100100387,2020년 2월 21일 16시,금요일,경기도 군포시 산본동,경상사고,0,0,1,0,차대사람 - 기타,안전운전불이행,포장 - 건조,맑음,주차장 - 주차장,승용,여,54세,상해없음,보행자,여,43세,경상
21502,2020022100100409,2020년 2월 21일 16시,금요일,경기도 파주시 금촌동,중상사고,0,1,0,0,차대사람 - 횡단중,안전운전불이행,포장 - 건조,맑음,교차로 - 교차로부근,승용,남,66세,상해없음,보행자,남,14세,중상
21503,2020022100100440,2020년 2월 21일 17시,금요일,경기도 의정부시 의정부동,경상사고,0,0,1,0,차대사람 - 길가장자리구역통행중,안전운전불이행,포장 - 젖음/습기,흐림,단일로 - 기타,승용,여,57세,상해없음,보행자,남,51세,경상
21504,2020022100100456,2020년 2월 21일 18시,금요일,경기도 안양시 동안구 비산동,중상사고,0,1,0,0,차대사람 - 차도통행중,안전운전불이행,포장 - 건조,맑음,단일로 - 기타,기타불명,기타불명,미분류,기타불명,보행자,여,59세,중상
21505,2020022100100489,2020년 2월 21일 18시,금요일,경기도 파주시 광탄면,중상사고,0,1,0,0,차대사람 - 기타,안전운전불이행,포장 - 건조,맑음,단일로 - 기타,승용,남,28세,상해없음,보행자,남,60세,중상
21506,2020022100100506,2020년 2월 21일 19시,금요일,경기도 광주시 경안동,중상사고,0,1,0,0,차대사람 - 횡단중,안전운전불이행,포장 - 건조,맑음,단일로 - 기타,승용,남,53세,상해없음,보행자,남,51세,중상
21507,2020022100100557,2020년 2월 21일 20시,금요일,경기도 용인시 기흥구 상하동,경상사고,0,0,1,0,차대사람 - 횡단중,기타,포장 - 젖음/습기,비,교차로 - 교차로부근,승용,남,46세,상해없음,보행자,여,60세,경상
21508,2020022100100563,2020년 2월 21일 20시,금요일,경기도 안산시 상록구 본오동,중상사고,0,1,0,0,차대사람 - 횡단중,보행자보호의무위반,포장 - 젖음/습기,비,교차로 - 교차로안,승용,남,23세,상해없음,보행자,남,70세,중상
21509,2020022100100566,2020년 2월 21일 20시,금요일,경기도 화성시 석우동,경상사고,0,0,1,0,차대사람 - 횡단중,안전운전불이행,포장 - 젖음/습기,비,교차로 - 교차로부근,승용,남,46세,상해없음,보행자,남,35세,경상
21510,2020022100100567,2020년 2월 21일 20시,금요일,경기도 화성시 반송동,경상사고,0,0,1,0,차대사람 - 횡단중,안전운전불이행,포장 - 젖음/습기,비,교차로 - 교차로횡단보도내,승용,남,48세,상해없음,보행자,남,14세,경상
21511,2020022100100602,2020년 2월 21일 21시,금요일,경기도 이천시 중리동,중상사고,0,1,0,0,차대사람 - 차도통행중,안전운전불이행,포장 - 젖음/습기,비,단일로 - 기타,승합,남,21세,상해없음,보행자,남,61세,중상
21512,2020022100100606,2020년 2월 21일 21시,금요일,경기도 성남시 중원구 하대원동,경상사고,0,0,1,0,차대사람 - 횡단중,신호위반,포장 - 건조,맑음,단일로 - 기타,이륜,남,38세,상해없음,보행자,여,46세,경상
21513,2020022100100607,2020년 2월 21일 21시,금요일,경기도 화성시 남양읍,중상사고,0,1,0,0,차대사람 - 횡단중,안전운전불이행,포장 - 건조,맑음,단일로 - 기타,승용,남,41세,상해없음,보행자,남,45세,중상
21514,2020022100100637,2020년 2월 21일 22시,금요일,경기도 평택시 비전동,경상사고,0,0,1,0,차대사람 - 기타,안전운전불이행,포장 - 젖음/습기,비,교차로 - 교차로안,승용,남,48세,상해없음,보행자,남,28세,경상
21515,2020022100100639,2020년 2월 21일 22시,금요일,경기도 용인시 기흥구 신갈동,경상사고,0,0,1,0,차대사람 - 횡단중,보행자보호의무위반,포장 - 젖음/습기,비,교차로 - 교차로횡단보도내,승용,남,45세,상해없음,보행자,남,35세,경상
21516,2020022100100640,2020년 2월 21일 22시,금요일,경기도 용인시 기흥구 공세동,사망사고,1,0,0,0,차대사람 - 차도통행중,안전운전불이행,포장 - 젖음/습기,비,단일로 - 기타,승용,남,46세,상해없음,보행자,남,65세,사망
21517,2020022100100641,2020년 2월 21일 22시,금요일,경기도 부천시 심곡본동,사망사고,1,0,0,0,차대사람 - 횡단중,안전운전불이행,포장 - 젖음/습기,비,단일로 - 기타,승용,남,39세,기타불명,보행자,남,46세,사망
21518,2020022100100643,2020년 2월 21일 22시,금요일,경기도 수원시 영통구 영통동,중상사고,0,1,0,0,차대사람 - 횡단중,신호위반,포장 - 젖음/습기,비,단일로 - 기타,승용,남,71세,상해없음,보행자,여,21세,중상
21519,2020022100100644,2020년 2월 21일 22시,금요일,경기도 수원시 팔달구 인계동,부상신고사고,0,0,0,1,차대사람 - 기타,안전운전불이행,포장 - 젖음/습기,비,단일로 - 기타,승용,여,53세,상해없음,보행자,여,19세,부상신고
21520,2020022100100645,2020년 2월 21일 22시,금요일,경기도 성남시 분당구 서현동,중상사고,0,1,0,0,차대사람 - 기타,안전운전불이행,포장 - 건조,맑음,교차로 - 교차로부근,승용,남,60세,상해없음,보행자,남,43세,중상
21521,2020022100100667,2020년 2월 21일 22시,금요일,경기도 양주시 고읍동,경상사고,0,0,1,0,차대사람 - 차도통행중,안전운전불이행,포장 - 건조,맑음,단일로 - 기타,이륜,남,45세,상해없음,보행자,여,49세,경상
21522,2020022100100678,2020년 2월 21일 23시,금요일,경기도 성남시 수정구 태평동,중상사고,0,1,0,0,차대사람 - 기타,안전운전불이행,포장 - 젖음/습기,비,단일로 - 기타,승용,남,30세,상해없음,보행자,남,22세,중상
21523,2020022100100680,2020년 2월 21일 23시,금요일,경기도 김포시 사우동,경상사고,0,0,1,0,차대사람 - 차도통행중,안전운전불이행,포장 - 젖음/습기,비,단일로 - 기타,승용,남,39세,상해없음,보행자,남,41세,경상
21524,2020022100100702,2020년 2월 21일 23시,금요일,경기도 파주시 야당동,경상사고,0,0,2,0,차대사람 - 횡단중,신호위반,포장 - 건조,맑음,교차로 - 교차로안,이륜,남,55세,상해없음,보행자,남,28세,경상
21525,2020022200100010,2020년 2월 22일 00시,토요일,경기도 부천시 도당동,중상사고,0,1,0,0,차대사람 - 횡단중,보행자보호의무위반,포장 - 젖음/습기,비,교차로 - 교차로횡단보도내,승합,남,43세,상해없음,보행자,여,60세,중상
21526,2020022200100033,2020년 2월 22일 00시,토요일,경기도 고양시 일산서구 대화동,중상사고,0,1,0,0,차대사람 - 차도통행중,안전운전불이행,포장 - 젖음/습기,비,교차로 - 교차로부근,승용,남,60세,상해없음,보행자,남,80세,중상
21527,2020022200100047,2020년 2월 22일 01시,토요일,경기도 안산시 단원구 고잔동,경상사고,0,0,1,0,차대사람 - 횡단중,신호위반,포장 - 건조,맑음,단일로 - 기타,승용,남,60세,상해없음,보행자,남,44세,경상
21528,2020022200100050,2020년 2월 22일 01시,토요일,경기도 하남시 덕풍동,경상사고,0,0,1,0,차대사람 - 기타,안전운전불이행,포장 - 건조,맑음,단일로 - 기타,승용,남,58세,기타불명,보행자,여,34세,경상
21529,2020022200100057,2020년 2월 22일 01시,토요일,경기도 의정부시 금오동,경상사고,0,0,1,0,차대사람 - 횡단중,보행자보호의무위반,포장 - 건조,맑음,교차로 - 교차로횡단보도내,원동기,남,27세,상해없음,보행자,남,34세,경상
21530,2020022200100067,2020년 2월 22일 02시,토요일,경기도 안산시 상록구 일동,중상사고,0,1,1,0,차대사람 - 횡단중,안전운전불이행,포장 - 젖음/습기,비,교차로 - 교차로안,이륜,남,25세,경상,보행자,남,48세,중상
21531,2020022200100075,2020년 2월 22일 03시,토요일,경기도 시흥시 정왕동,경상사고,0,0,2,0,차대사람 - 차도통행중,안전운전불이행,포장 - 건조,맑음,교차로 - 교차로안,승합,남,30세,상해없음,보행자,여,32세,경상
21532,2020022200100079,2020년 2월 22일 04시,토요일,경기도 광주시 역동,경상사고,0,0,1,0,차대사람 - 횡단중,보행자보호의무위반,포장 - 젖음/습기,맑음,교차로 - 교차로안,승용,남,23세,상해없음,보행자,남,18세,경상
21533,2020022200100080,2020년 2월 22일 04시,토요일,경기도 부천시 소사본동,경상사고,0,0,1,0,차대사람 - 횡단중,안전운전불이행,포장 - 젖음/습기,흐림,단일로 - 기타,승합,남,61세,상해없음,보행자,남,53세,경상
21534,2020022200100095,2020년 2월 22일 06시,토요일,경기도 오산시 원동,경상사고,0,0,1,0,차대사람 - 기타,안전운전불이행,포장 - 건조,맑음,단일로 - 기타,승용,남,28세,상해없음,보행자,남,27세,경상
21535,2020022200100114,2020년 2월 22일 07시,토요일,경기도 광명시 하안동,경상사고,0,0,2,0,차대사람 - 보도통행중,기타,포장 - 건조,맑음,기타 - 기타,승용,남,47세,기타불명,보행자,여,65세,경상
21536,2020022200100126,2020년 2월 22일 08시,토요일,경기도 안산시 단원구 신길동,중상사고,0,1,0,0,차대사람 - 횡단중,신호위반,포장 - 건조,맑음,단일로 - 기타,승용,남,36세,상해없음,보행자,남,60세,중상
21537,2020022200100140,2020년 2월 22일 09시,토요일,경기도 부천시 원종동,경상사고,0,0,1,0,차대사람 - 기타,안전운전불이행,포장 - 건조,맑음,단일로 - 기타,승용,여,62세,상해없음,보행자,남,50세,경상
21538,2020022200100154,2020년 2월 22일 10시,토요일,경기도 용인시 기흥구 동백동,경상사고,0,0,1,0,차대사람 - 차도통행중,안전운전불이행,포장 - 건조,맑음,단일로 - 기타,승용,남,37세,상해없음,보행자,남,51세,경상
21539,2020022200100170,2020년 2월 22일 10시,토요일,경기도 고양시 덕양구 고양동,경상사고,0,0,1,0,차대사람 - 횡단중,안전운전불이행,포장 - 건조,맑음,교차로 - 교차로부근,화물,남,50세,상해없음,보행자,남,77세,경상
21540,2020022200100199,2020년 2월 22일 11시,토요일,경기도 양주시 덕정동,중상사고,0,1,0,0,차대사람 - 횡단중,중앙선침범,포장 - 젖음/습기,눈,단일로 - 지하차도(도로)내,화물,남,23세,상해없음,보행자,남,57세,중상
21541,2020022200100217,2020년 2월 22일 12시,토요일,경기도 수원시 팔달구 매산로1가,경상사고,0,0,1,0,차대사람 - 차도통행중,안전운전불이행,포장 - 건조,맑음,단일로 - 기타,화물,남,57세,상해없음,보행자,여,18세,경상
21542,2020022200100239,2020년 2월 22일 13시,토요일,경기도 이천시 창전동,경상사고,0,0,1,0,차대사람 - 기타,안전운전불이행,포장 - 건조,맑음,단일로 - 기타,승용,남,40세,상해없음,보행자,여,85세,경상
21543,2020022200100270,2020년 2월 22일 14시,토요일,경기도 화성시 반송동,경상사고,0,0,1,0,차대사람 - 차도통행중,보행자보호의무위반,포장 - 건조,맑음,단일로 - 기타,승용,남,24세,상해없음,보행자,여,65세,경상
21544,2020022200100287,2020년 2월 22일 14시,토요일,경기도 파주시 조리읍,중상사고,0,1,0,0,차대사람 - 횡단중,안전운전불이행,포장 - 건조,맑음,교차로 - 교차로안,화물,남,53세,상해없음,보행자,여,65세,중상
21545,2020022200100301,2020년 2월 22일 15시,토요일,경기도 안산시 상록구 본오동,경상사고,0,0,1,0,차대사람 - 길가장자리구역통행중,안전운전불이행,포장 - 건조,맑음,단일로 - 기타,승용,남,54세,상해없음,보행자,남,13세,경상
21546,2020022200100364,2020년 2월 22일 17시,토요일,경기도 의정부시 금오동,중상사고,0,1,0,0,차대사람 - 횡단중,안전운전불이행,포장 - 건조,맑음,단일로 - 기타,화물,여,61세,상해없음,보행자,남,21세,중상
21547,2020022200100395,2020년 2월 22일 19시,토요일,경기도 평택시 서정동,경상사고,0,0,1,0,차대사람 - 보도통행중,보행자보호의무위반,포장 - 건조,맑음,단일로 - 기타,승용,남,50세,기타불명,보행자,여,26세,경상
21548,2020022200100484,2020년 2월 22일 23시,토요일,경기도 안산시 단원구 고잔동,경상사고,0,0,1,0,차대사람 - 횡단중,안전운전불이행,포장 - 건조,맑음,교차로 - 교차로안,기타불명,기타불명,미분류,기타불명,보행자,남,34세,경상
21549,2020022200100494,2020년 2월 22일 23시,토요일,경기도 고양시 일산서구 일산동,경상사고,0,0,1,0,차대사람 - 횡단중,신호위반,포장 - 건조,맑음,교차로 - 교차로부근,기타불명,기타불명,미분류,기타불명,보행자,남,32세,경상
21550,2020022300100023,2020년 2월 23일 02시,일요일,경기도 화성시 서신면,경상사고,0,0,1,0,차대사람 - 기타,안전운전불이행,포장 - 건조,맑음,단일로 - 기타,승용,남,56세,상해없음,보행자,남,53세,경상
21551,2020022300100035,2020년 2월 23일 04시,일요일,경기도 용인시 기흥구 영덕동,경상사고,0,0,1,0,차대사람 - 횡단중,안전운전불이행,포장 - 건조,맑음,교차로 - 교차로안,승용,여,52세,기타불명,보행자,남,75세,경상
21552,2020022300100055,2020년 2월 23일 06시,일요일,경기도 파주시 야당동,경상사고,0,0,1,0,차대사람 - 횡단중,안전운전불이행,포장 - 건조,맑음,단일로 - 기타,승용,남,35세,상해없음,보행자,남,80세,경상
21553,2020022300100122,2020년 2월 23일 12시,일요일,경기도 김포시 장기동,중상사고,0,1,0,0,차대사람 - 기타,신호위반,포장 - 건조,맑음,교차로 - 교차로안,이륜,남,27세,상해없음,보행자,여,70세,중상
21554,2020022300100125,2020년 2월 23일 12시,일요일,경기도 부천시 오정동,중상사고,0,1,0,0,차대사람 - 기타,안전운전불이행,포장 - 건조,맑음,단일로 - 기타,승용,여,44세,상해없음,보행자,남,70세,중상
21555,2020022300100160,2020년 2월 23일 13시,일요일,경기도 의정부시 의정부동,경상사고,0,0,1,0,차대사람 - 기타,안전운전불이행,포장 - 건조,맑음,교차로 - 교차로안,승용,남,46세,상해없음,보행자,여,66세,경상
21556,2020022300100182,2020년 2월 23일 15시,일요일,경기도 부천시 소사본동,중상사고,0,1,0,0,차대사람 - 기타,안전운전불이행,포장 - 건조,맑음,단일로 - 기타,승용,여,61세,상해없음,보행자,여,53세,중상
21557,2020022300100302,2020년 2월 23일 20시,일요일,경기도 수원시 장안구 파장동,경상사고,0,0,1,0,차대사람 - 기타,안전운전불이행,포장 - 건조,맑음,단일로 - 기타,승용,남,62세,상해없음,보행자,남,25세,경상
21558,2020022400100018,2020년 2월 24일 03시,월요일,경기도 의정부시 의정부동,부상신고사고,0,0,0,1,차대사람 - 횡단중,중앙선침범,포장 - 건조,맑음,교차로 - 교차로부근,승합,남,60세,상해없음,보행자,여,67세,부상신고
21559,2020022400100089,2020년 2월 24일 08시,월요일,경기도 수원시 영통구 이의동,경상사고,0,0,1,0,차대사람 - 보도통행중,기타,포장 - 건조,맑음,기타 - 기타,화물,남,63세,기타불명,보행자,여,25세,경상
21560,2020022400100110,2020년 2월 24일 08시,월요일,경기도 구리시 갈매동,중상사고,0,1,0,0,차대사람 - 횡단중,안전운전불이행,포장 - 건조,맑음,교차로 - 교차로부근,승용,여,55세,상해없음,보행자,남,77세,중상
21561,2020022400100137,2020년 2월 24일 10시,월요일,경기도 평택시 신장동,경상사고,0,0,1,0,차대사람 - 기타,안전운전불이행,포장 - 건조,맑음,교차로 - 교차로안,승용,여,30세,상해없음,보행자,남,73세,경상
21562,2020022400100163,2020년 2월 24일 11시,월요일,경기도 안산시 단원구 와동,중상사고,0,1,0,0,차대사람 - 횡단중,안전운전불이행,포장 - 건조,맑음,교차로 - 교차로안,승합,여,46세,상해없음,보행자,여,62세,중상
21563,2020022400100164,2020년 2월 24일 11시,월요일,경기도 화성시 남양읍,중상사고,0,1,0,0,차대사람 - 기타,기타,포장 - 건조,맑음,기타 - 기타,승합,남,61세,상해없음,보행자,남,78세,중상
21564,2020022400100205,2020년 2월 24일 12시,월요일,경기도 의왕시 삼동,경상사고,0,0,1,0,차대사람 - 길가장자리구역통행중,안전운전불이행,포장 - 건조,맑음,기타 - 기타,승합,남,49세,상해없음,보행자,여,21세,경상
21565,2020022400100266,2020년 2월 24일 14시,월요일,경기도 안산시 단원구 원곡동,경상사고,0,0,1,0,차대사람 - 기타,안전운전불이행,포장 - 건조,맑음,단일로 - 기타,승용,여,45세,상해없음,보행자,남,60세,경상
21566,2020022400100296,2020년 2월 24일 15시,월요일,경기도 광주시 중대동,경상사고,0,0,1,0,차대사람 - 횡단중,안전운전불이행,포장 - 건조,맑음,교차로 - 교차로안,화물,남,29세,상해없음,보행자,남,35세,경상
21567,2020022400100303,2020년 2월 24일 15시,월요일,경기도 화성시 향남읍,경상사고,0,0,1,0,차대사람 - 횡단중,안전운전불이행,포장 - 건조,맑음,교차로 - 교차로횡단보도내,승용,남,86세,상해없음,보행자,남,5세,경상
21568,2020022400100381,2020년 2월 24일 18시,월요일,경기도 성남시 중원구 상대원동,중상사고,0,1,0,0,차대사람 - 기타,안전운전불이행,포장 - 건조,맑음,교차로 - 교차로안,승용,남,26세,상해없음,보행자,여,61세,중상
21569,2020022400100414,2020년 2월 24일 19시,월요일,경기도 용인시 기흥구 하갈동,중상사고,0,1,0,0,차대사람 - 횡단중,안전운전불이행,포장 - 건조,맑음,교차로 - 교차로부근,화물,남,36세,상해없음,보행자,남,55세,중상
21570,2020022400100454,2020년 2월 24일 20시,월요일,경기도 안산시 단원구 원시동,경상사고,0,0,1,0,차대사람 - 보도통행중,신호위반,포장 - 건조,맑음,교차로 - 교차로안,승용,남,57세,상해없음,보행자,남,37세,경상
21571,2020022400100456,2020년 2월 24일 20시,월요일,경기도 군포시 산본동,중상사고,0,1,0,0,차대사람 - 기타,안전운전불이행,포장 - 건조,맑음,기타 - 기타,승용,남,38세,상해없음,보행자,남,33세,중상
21572,2020022400100470,2020년 2월 24일 20시,월요일,경기도 양주시 삼숭동,경상사고,0,0,2,0,차대사람 - 기타,안전운전불이행,포장 - 건조,맑음,교차로 - 교차로안,승용,여,51세,상해없음,보행자,남,39세,경상
21573,2020022400100478,2020년 2월 24일 21시,월요일,경기도 용인시 처인구 포곡읍,경상사고,0,0,1,0,차대사람 - 기타,안전운전불이행,포장 - 건조,맑음,단일로 - 기타,기타불명,기타불명,미분류,기타불명,보행자,남,40세,경상
21574,2020022400100482,2020년 2월 24일 21시,월요일,경기도 수원시 팔달구 매교동,경상사고,0,0,1,0,차대사람 - 횡단중,신호위반,포장 - 건조,맑음,교차로 - 교차로부근,승용,남,30세,상해없음,보행자,남,47세,경상
21575,2020022400100490,2020년 2월 24일 21시,월요일,경기도 남양주시 금곡동,경상사고,0,0,1,0,차대사람 - 기타,안전운전불이행,포장 - 건조,맑음,단일로 - 기타,승용,남,62세,상해없음,보행자,여,56세,경상
21576,2020022400100492,2020년 2월 24일 21시,월요일,경기도 구리시 수택동,경상사고,0,0,1,0,차대사람 - 기타,안전운전불이행,포장 - 건조,맑음,단일로 - 기타,승용,남,34세,상해없음,보행자,남,48세,경상
21577,2020022400100509,2020년 2월 24일 23시,월요일,경기도 수원시 권선구 구운동,부상신고사고,0,0,0,1,차대사람 - 기타,안전운전불이행,포장 - 건조,맑음,단일로 - 기타,승용,남,24세,상해없음,보행자,남,37세,부상신고
21578,2020022400100511,2020년 2월 24일 23시,월요일,경기도 화성시 병점동,경상사고,0,0,1,0,차대사람 - 기타,안전운전불이행,포장 - 건조,맑음,기타 - 기타,승용,남,22세,기타불명,보행자,여,57세,경상
21579,2020022500100008,2020년 2월 25일 00시,화요일,경기도 수원시 영통구 이의동,중상사고,0,1,0,0,차대사람 - 횡단중,신호위반,포장 - 젖음/습기,비,교차로 - 교차로횡단보도내,승용,남,61세,상해없음,보행자,여,25세,중상
21580,2020022500100009,2020년 2월 25일 00시,화요일,경기도 하남시 초이동,중상사고,0,1,0,0,차대사람 - 횡단중,과속,포장 - 건조,맑음,단일로 - 기타,승용,남,56세,상해없음,보행자,남,52세,중상
21581,2020022500100032,2020년 2월 25일 02시,화요일,경기도 수원시 팔달구 인계동,경상사고,0,0,1,0,차대사람 - 기타,안전운전불이행,포장 - 젖음/습기,비,교차로 - 교차로안,승용,남,19세,상해없음,보행자,남,37세,경상
21582,2020022500100046,2020년 2월 25일 05시,화요일,경기도 평택시 서정동,경상사고,0,0,1,0,차대사람 - 기타,안전운전불이행,포장 - 젖음/습기,비,단일로 - 기타,승용,남,74세,상해없음,보행자,남,42세,경상
21583,2020022500100125,2020년 2월 25일 09시,화요일,경기도 광명시 광명동,경상사고,0,0,1,0,차대사람 - 보도통행중,안전운전불이행,포장 - 건조,맑음,단일로 - 기타,승용,여,58세,상해없음,보행자,여,27세,경상
21584,2020022500100147,2020년 2월 25일 09시,화요일,경기도 구리시 인창동,경상사고,0,0,1,0,차대사람 - 차도통행중,안전운전불이행,포장 - 건조,맑음,단일로 - 기타,승용,남,62세,상해없음,보행자,여,59세,경상
21585,2020022500100240,2020년 2월 25일 14시,화요일,경기도 구리시 토평동,중상사고,0,1,0,0,차대사람 - 기타,안전운전불이행,포장 - 건조,맑음,기타 - 기타,승용,남,39세,상해없음,보행자,여,61세,중상
21586,2020022500100261,2020년 2월 25일 15시,화요일,경기도 평택시 합정동,부상신고사고,0,0,0,1,차대사람 - 기타,기타,포장 - 건조,기타,단일로 - 기타,기타불명,기타불명,미분류,기타불명,보행자,여,78세,부상신고
21587,2020022500100299,2020년 2월 25일 16시,화요일,경기도 고양시 일산동구 백석동,경상사고,0,0,1,0,차대사람 - 기타,안전운전불이행,포장 - 건조,맑음,단일로 - 기타,승용,남,50세,상해없음,보행자,여,34세,경상
21588,2020022500100343,2020년 2월 25일 18시,화요일,경기도 화성시 향남읍,경상사고,0,0,1,0,차대사람 - 횡단중,신호위반,포장 - 건조,맑음,교차로 - 교차로횡단보도내,승용,남,48세,상해없음,보행자,남,58세,경상
21589,2020022500100409,2020년 2월 25일 20시,화요일,경기도 안산시 상록구 팔곡이동,중상사고,0,1,0,0,차대사람 - 횡단중,안전운전불이행,포장 - 건조,맑음,교차로 - 교차로부근,승용,여,44세,상해없음,보행자,남,17세,중상
21590,2020022500100410,2020년 2월 25일 20시,화요일,경기도 화성시 팔탄면,사망사고,1,0,0,0,차대사람 - 차도통행중,안전운전불이행,포장 - 건조,맑음,기타 - 기타,승용,남,56세,상해없음,보행자,남,53세,사망
21591,2020022500100470,2020년 2월 25일 23시,화요일,경기도 남양주시 별내면,경상사고,0,0,1,0,차대사람 - 기타,안전운전불이행,포장 - 건조,맑음,교차로 - 교차로안,승용,남,43세,상해없음,보행자,남,48세,경상
21592,2020022500100472,2020년 2월 25일 23시,화요일,경기도 파주시 야당동,경상사고,0,0,1,0,차대사람 - 길가장자리구역통행중,안전운전불이행,포장 - 건조,맑음,단일로 - 기타,승용,남,26세,상해없음,보행자,여,28세,경상