,사고번호,사고일시,요일,시군구,사고내용,사망자수,중상자수,경상자수,부상신고자수,사고유형,법규위반,노면상태,기상상태,도로형태,가해운전자 차종,가해운전자 성별,가해운전자 연령,가해운전자 상해정도,피해운전자 차종,피해운전자 성별,피해운전자 연령,피해운전자 상해정도
21593,2020022600100036,2020년 2월 26일 05시,수요일,경기도 안산시 상록구 건건동,경상사고,0,0,1,0,차대사람 - 차도통행중,안전운전불이행,포장 - 건조,맑음,교차로 - 교차로부근,승용,남,62세,상해없음,보행자,여,39세,경상
21594,2020022600100051,2020년 2월 26일 06시,수요일,경기도 부천시 원종동,중상사고,0,1,0,0,차대사람 - 기타,안전운전불이행,포장 - 건조,맑음,단일로 - 기타,승합,남,58세,상해없음,보행자,여,78세,중상
21595,2020022600100062,2020년 2월 26일 06시,수요일,경기도 고양시 일산서구 대화동,경상사고,0,0,1,0,차대사람 - 기타,안전운전불이행,포장 - 건조,맑음,기타 - 기타,승용,남,58세,상해없음,보행자,남,21세,경상
21596,2020022600100090,2020년 2월 26일 08시,수요일,경기도 안산시 단원구 원시동,중상사고,0,1,0,0,차대사람 - 기타,안전운전불이행,포장 - 건조,맑음,교차로 - 교차로부근,승용,남,29세,상해없음,보행자,여,42세,중상
21597,2020022600100198,2020년 2월 26일 12시,수요일,경기도 고양시 일산동구 사리현동,경상사고,0,0,1,0,차대사람 - 길가장자리구역통행중,안전운전불이행,포장 - 건조,맑음,기타 - 기타,승합,남,76세,기타불명,보행자,남,30세,경상
21598,2020022600100220,2020년 2월 26일 13시,수요일,경기도 남양주시 호평동,중상사고,0,1,0,0,차대사람 - 횡단중,안전운전불이행,포장 - 건조,맑음,단일로 - 기타,승용,여,64세,상해없음,보행자,여,76세,중상
21599,2020022600100227,2020년 2월 26일 14시,수요일,경기도 성남시 수정구 신흥동,중상사고,0,1,0,0,차대사람 - 보도통행중,신호위반,포장 - 건조,맑음,단일로 - 기타,승용,남,74세,상해없음,보행자,여,41세,중상
21600,2020022600100276,2020년 2월 26일 16시,수요일,경기도 의정부시 신곡동,경상사고,0,0,1,0,차대사람 - 횡단중,보행자보호의무위반,포장 - 건조,맑음,교차로 - 교차로안,승용,남,47세,상해없음,보행자,여,70세,경상
21601,2020022600100277,2020년 2월 26일 16시,수요일,경기도 고양시 덕양구 행신동,경상사고,0,0,1,0,차대사람 - 차도통행중,안전운전불이행,포장 - 기타,맑음,교차로 - 교차로부근,승용,남,46세,상해없음,보행자,여,51세,경상
21602,2020022600100360,2020년 2월 26일 18시,수요일,경기도 연천군 군남면,중상사고,0,1,0,0,차대사람 - 기타,안전운전불이행,비포장 - 건조,맑음,기타 - 기타,건설기계,남,38세,상해없음,보행자,남,60세,중상
21603,2020022600100369,2020년 2월 26일 19시,수요일,경기도 안산시 단원구 고잔동,경상사고,0,0,1,0,차대사람 - 기타,안전운전불이행,포장 - 건조,맑음,교차로 - 교차로부근,승용,남,28세,상해없음,보행자,남,58세,경상
21604,2020022600100371,2020년 2월 26일 19시,수요일,경기도 안산시 상록구 본오동,경상사고,0,0,1,0,차대사람 - 길가장자리구역통행중,안전운전불이행,포장 - 건조,맑음,교차로 - 교차로부근,승용,여,41세,상해없음,보행자,남,15세,경상
21605,2020022600100452,2020년 2월 26일 22시,수요일,경기도 평택시 포승읍,사망사고,1,0,0,0,차대사람 - 길가장자리구역통행중,과속,포장 - 건조,맑음,단일로 - 기타,승용,남,48세,상해없음,보행자,남,59세,사망
21606,2020022600100454,2020년 2월 26일 22시,수요일,경기도 부천시 심곡동,경상사고,0,0,1,0,차대사람 - 길가장자리구역통행중,신호위반,포장 - 건조,맑음,단일로 - 기타,승용,남,39세,상해없음,보행자,여,24세,경상
21607,2020022600100463,2020년 2월 26일 22시,수요일,경기도 포천시 군내면,중상사고,0,1,0,0,차대사람 - 기타,안전운전불이행,포장 - 건조,맑음,단일로 - 기타,화물,남,61세,상해없음,보행자,여,81세,중상
21608,2020022700100003,2020년 2월 27일 00시,목요일,경기도 용인시 기흥구 구갈동,중상사고,0,1,0,0,차대사람 - 횡단중,안전운전불이행,포장 - 건조,맑음,교차로 - 교차로횡단보도내,승용,남,52세,상해없음,보행자,남,29세,중상
21609,2020022700100044,2020년 2월 27일 05시,목요일,경기도 수원시 영통구 영통동,사망사고,1,0,0,0,차대사람 - 횡단중,보행자보호의무위반,포장 - 건조,맑음,교차로 - 교차로횡단보도내,승용,남,47세,상해없음,보행자,여,77세,사망
21610,2020022700100047,2020년 2월 27일 05시,목요일,경기도 의정부시 의정부동,중상사고,0,1,0,0,차대사람 - 기타,안전운전불이행,포장 - 건조,맑음,교차로 - 교차로횡단보도내,승용,여,50세,상해없음,보행자,남,30세,중상
21611,2020022700100056,2020년 2월 27일 06시,목요일,경기도 화성시 반송동,중상사고,0,1,0,0,차대사람 - 횡단중,신호위반,포장 - 건조,맑음,교차로 - 교차로부근,승용,남,84세,상해없음,보행자,여,35세,중상
21612,2020022700100066,2020년 2월 27일 06시,목요일,경기도 양주시 남면,사망사고,1,0,0,0,차대사람 - 차도통행중,안전운전불이행,포장 - 건조,맑음,교차로 - 교차로안,승용,남,56세,상해없음,보행자,남,79세,사망
21613,2020022700100096,2020년 2월 27일 08시,목요일,경기도 광주시 장지동,경상사고,0,0,1,0,차대사람 - 차도통행중,신호위반,포장 - 건조,맑음,교차로 - 교차로안,승용,남,67세,기타불명,보행자,여,40세,경상
21614,2020022700100126,2020년 2월 27일 09시,목요일,경기도 하남시 감일동,중상사고,0,1,0,0,차대사람 - 기타,안전운전불이행,포장 - 건조,맑음,단일로 - 기타,승용,남,56세,상해없음,보행자,여,80세,중상
21615,2020022700100137,2020년 2월 27일 09시,목요일,경기도 의정부시 신곡동,중상사고,0,1,0,0,차대사람 - 횡단중,안전운전불이행,포장 - 건조,맑음,교차로 - 교차로안,승용,여,51세,상해없음,보행자,여,61세,중상
21616,2020022700100142,2020년 2월 27일 10시,목요일,경기도 수원시 팔달구 화서동,경상사고,0,0,1,0,차대사람 - 길가장자리구역통행중,안전운전불이행,포장 - 건조,맑음,단일로 - 기타,승용,여,55세,상해없음,보행자,남,77세,경상
21617,2020022700100197,2020년 2월 27일 13시,목요일,경기도 김포시 사우동,중상사고,0,1,0,0,차대사람 - 기타,안전운전불이행,포장 - 건조,맑음,단일로 - 기타,승합,남,62세,상해없음,보행자,여,86세,중상
21618,2020022700100253,2020년 2월 27일 15시,목요일,경기도 김포시 통진읍,중상사고,0,1,0,0,차대사람 - 횡단중,안전운전불이행,포장 - 건조,맑음,교차로 - 교차로안,승용,여,30세,상해없음,보행자,남,8세,중상
21619,2020022700100278,2020년 2월 27일 16시,목요일,경기도 성남시 분당구 수내동,부상신고사고,0,0,0,1,차대사람 - 기타,안전운전불이행,포장 - 건조,맑음,단일로 - 기타,자전거,남,19세,상해없음,보행자,여,55세,부상신고
21620,2020022700100297,2020년 2월 27일 17시,목요일,경기도 수원시 권선구 권선동,경상사고,0,0,1,0,차대사람 - 기타,안전운전불이행,포장 - 건조,맑음,교차로 - 교차로안,승용,남,66세,상해없음,보행자,여,7세,경상
21621,2020022700100298,2020년 2월 27일 17시,목요일,경기도 성남시 중원구 성남동,중상사고,0,1,0,0,차대사람 - 횡단중,안전운전불이행,포장 - 건조,맑음,단일로 - 기타,승용,여,52세,상해없음,보행자,남,65세,중상
21622,2020022700100350,2020년 2월 27일 19시,목요일,경기도 광명시 소하동,중상사고,0,1,0,0,차대사람 - 횡단중,안전운전불이행,포장 - 건조,맑음,단일로 - 기타,원동기,남,55세,중상,보행자,남,14세,상해없음
21623,2020022700100380,2020년 2월 27일 20시,목요일,경기도 성남시 분당구 삼평동,중상사고,0,1,0,0,차대사람 - 횡단중,보행자보호의무위반,포장 - 건조,흐림,교차로 - 교차로부근,승용,남,60세,상해없음,보행자,여,25세,중상
21624,2020022700100382,2020년 2월 27일 20시,목요일,경기도 안산시 상록구 사동,경상사고,0,0,1,0,차대사람 - 보도통행중,보행자보호의무위반,포장 - 건조,맑음,교차로 - 교차로안,승용,남,50세,상해없음,보행자,남,40세,경상
21625,2020022700100384,2020년 2월 27일 20시,목요일,경기도 부천시 원종동,경상사고,0,0,1,0,차대사람 - 기타,안전운전불이행,포장 - 건조,맑음,교차로 - 교차로안,승용,여,53세,상해없음,보행자,여,54세,경상
21626,2020022700100393,2020년 2월 27일 20시,목요일,경기도 양주시 옥정동,중상사고,0,1,0,0,차대사람 - 보도통행중,보행자보호의무위반,포장 - 건조,맑음,교차로 - 교차로안,이륜,남,20세,상해없음,보행자,남,36세,중상
21627,2020022700100406,2020년 2월 27일 21시,목요일,경기도 부천시 심곡동,중상사고,0,1,0,0,차대사람 - 횡단중,안전운전불이행,포장 - 건조,맑음,단일로 - 기타,승용,남,68세,상해없음,보행자,여,53세,중상
21628,2020022800100049,2020년 2월 28일 06시,금요일,경기도 남양주시 화도읍,경상사고,0,0,1,0,차대사람 - 기타,신호위반,포장 - 건조,맑음,교차로 - 교차로횡단보도내,승용,남,64세,상해없음,보행자,남,22세,경상
21629,2020022800100095,2020년 2월 28일 09시,금요일,경기도 안양시 만안구 안양동,경상사고,0,0,1,0,차대사람 - 기타,중앙선침범,포장 - 건조,맑음,단일로 - 기타,이륜,남,75세,기타불명,보행자,여,48세,경상
21630,2020022800100178,2020년 2월 28일 13시,금요일,경기도 화성시 남양읍,중상사고,0,1,0,0,차대사람 - 차도통행중,안전운전불이행,포장 - 젖음/습기,비,단일로 - 기타,승용,여,64세,상해없음,보행자,여,70세,중상
21631,2020022800100193,2020년 2월 28일 13시,금요일,경기도 고양시 일산동구 장항동,중상사고,0,1,0,0,차대사람 - 기타,안전운전불이행,포장 - 젖음/습기,비,교차로 - 교차로부근,기타불명,기타불명,미분류,기타불명,보행자,남,77세,중상
21632,2020022800100247,2020년 2월 28일 16시,금요일,경기도 성남시 중원구 은행동,경상사고,0,0,1,0,차대사람 - 횡단중,안전운전불이행,포장 - 건조,맑음,단일로 - 기타,승용,여,57세,기타불명,보행자,남,36세,경상
21633,2020022800100274,2020년 2월 28일 17시,금요일,경기도 부천시 오정동,경상사고,0,0,1,0,차대사람 - 횡단중,안전운전불이행,포장 - 젖음/습기,비,교차로 - 교차로안,승용,여,52세,상해없음,보행자,여,40세,경상
21634,2020022800100302,2020년 2월 28일 18시,금요일,경기도 부천시 상동,경상사고,0,0,1,0,차대사람 - 횡단중,보행자보호의무위반,포장 - 젖음/습기,비,교차로 - 교차로횡단보도내,기타불명,기타불명,미분류,기타불명,보행자,여,24세,경상
21635,2020022800100306,2020년 2월 28일 18시,금요일,경기도 성남시 중원구 상대원동,경상사고,0,0,1,0,차대사람 - 횡단중,신호위반,포장 - 건조,맑음,단일로 - 기타,승용,남,59세,상해없음,보행자,여,28세,경상
21636,2020022800100342,2020년 2월 28일 19시,금요일,경기도 안양시 동안구 관양동,경상사고,0,0,1,0,차대사람 - 기타,신호위반,포장 - 젖음/습기,비,단일로 - 기타,승용,남,53세,상해없음,보행자,남,32세,경상
21637,2020022800100343,2020년 2월 28일 19시,금요일,경기도 여주시 점동면,중상사고,0,1,0,0,차대사람 - 기타,안전운전불이행,포장 - 건조,맑음,단일로 - 기타,화물,남,58세,상해없음,보행자,남,30세,중상
21638,2020022800100347,2020년 2월 28일 19시,금요일,경기도 성남시 분당구 정자동,경상사고,0,0,1,0,차대사람 - 보도통행중,기타,포장 - 젖음/습기,비,기타 - 기타,이륜,남,28세,상해없음,보행자,남,29세,경상
21639,2020022800100348,2020년 2월 28일 19시,금요일,경기도 수원시 권선구 구운동,중상사고,0,1,0,0,차대사람 - 기타,안전운전불이행,포장 - 건조,맑음,단일로 - 기타,승용,여,45세,상해없음,보행자,여,67세,중상
21640,2020022800100371,2020년 2월 28일 19시,금요일,경기도 고양시 일산동구 중산동,경상사고,0,0,1,0,차대사람 - 횡단중,보행자보호의무위반,포장 - 젖음/습기,비,교차로 - 교차로횡단보도내,승용,남,41세,상해없음,보행자,여,26세,경상
21641,2020022800100375,2020년 2월 28일 19시,금요일,경기도 고양시 일산서구 일산동,부상신고사고,0,0,0,1,차대사람 - 기타,안전거리미확보,포장 - 건조,맑음,단일로 - 기타,승용,남,46세,상해없음,보행자,남,51세,부상신고
21642,2020022800100392,2020년 2월 28일 20시,금요일,경기도 화성시 팔탄면,경상사고,0,0,2,0,차대사람 - 기타,안전운전불이행,포장 - 젖음/습기,비,단일로 - 기타,승용,남,49세,상해없음,보행자,남,50세,경상
21643,2020022800100414,2020년 2월 28일 21시,금요일,경기도 화성시 진안동,경상사고,0,0,1,0,차대사람 - 기타,안전운전불이행,포장 - 젖음/습기,비,단일로 - 기타,이륜,여,31세,경상,보행자,남,39세,상해없음
21644,2020022800100449,2020년 2월 28일 22시,금요일,경기도 고양시 덕양구 내유동,중상사고,0,1,0,0,차대사람 - 기타,안전운전불이행,포장 - 젖음/습기,비,기타 - 기타,승용,남,26세,상해없음,보행자,여,50세,중상
21645,2020022900100007,2020년 2월 29일 00시,토요일,경기도 용인시 처인구 마평동,경상사고,0,0,2,0,차대사람 - 횡단중,안전운전불이행,포장 - 젖음/습기,비,교차로 - 교차로안,화물,남,48세,상해없음,보행자,여,51세,경상
21646,2020022900100008,2020년 2월 29일 00시,토요일,경기도 오산시 부산동,경상사고,0,0,1,0,차대사람 - 횡단중,안전운전불이행,포장 - 건조,맑음,교차로 - 교차로횡단보도내,승용,남,26세,상해없음,보행자,남,64세,경상
21647,2020022900100013,2020년 2월 29일 00시,토요일,경기도 하남시 덕풍동,중상사고,0,1,0,0,차대사람 - 횡단중,안전운전불이행,포장 - 건조,맑음,단일로 - 기타,승용,여,49세,상해없음,보행자,남,55세,중상
21648,2020022900100021,2020년 2월 29일 00시,토요일,경기도 고양시 일산동구 정발산동,경상사고,0,0,1,0,차대사람 - 기타,안전운전불이행,포장 - 젖음/습기,비,교차로 - 교차로안,승합,남,46세,상해없음,보행자,여,26세,경상
21649,2020022900100058,2020년 2월 29일 04시,토요일,경기도 광명시 철산동,경상사고,0,0,1,0,차대사람 - 보도통행중,기타,포장 - 건조,맑음,단일로 - 기타,화물,남,58세,상해없음,보행자,여,20세,경상
21650,2020022900100114,2020년 2월 29일 10시,토요일,경기도 수원시 장안구 율전동,중상사고,0,1,0,0,차대사람 - 횡단중,보행자보호의무위반,포장 - 건조,맑음,교차로 - 교차로횡단보도내,승용,여,52세,상해없음,보행자,여,76세,중상
21651,2020022900100115,2020년 2월 29일 10시,토요일,경기도 성남시 분당구 서현동,중상사고,0,1,0,0,차대사람 - 기타,신호위반,포장 - 건조,맑음,교차로 - 교차로횡단보도내,승용,남,34세,상해없음,보행자,여,69세,중상
21652,2020022900100155,2020년 2월 29일 12시,토요일,경기도 수원시 팔달구 우만동,경상사고,0,0,1,0,차대사람 - 횡단중,안전운전불이행,포장 - 건조,맑음,단일로 - 기타,승용,여,55세,상해없음,보행자,여,62세,경상
21653,2020022900100156,2020년 2월 29일 12시,토요일,경기도 수원시 장안구 정자동,경상사고,0,0,1,0,차대사람 - 횡단중,안전운전불이행,포장 - 건조,맑음,교차로 - 교차로안,승용,남,64세,상해없음,보행자,여,39세,경상
21654,2020022900100157,2020년 2월 29일 12시,토요일,경기도 수원시 팔달구 매산로1가,경상사고,0,0,1,0,차대사람 - 기타,안전운전불이행,포장 - 건조,맑음,교차로 - 교차로안,승용,남,57세,상해없음,보행자,여,30세,경상
21655,2020022900100225,2020년 2월 29일 15시,토요일,경기도 수원시 영통구 망포동,중상사고,0,1,0,0,차대사람 - 횡단중,신호위반,포장 - 건조,맑음,교차로 - 교차로횡단보도내,이륜,남,35세,기타불명,보행자,여,30세,중상
21656,2020022900100226,2020년 2월 29일 15시,토요일,경기도 용인시 수지구 성복동,경상사고,0,0,1,0,차대사람 - 보도통행중,안전운전불이행,포장 - 건조,맑음,주차장 - 주차장,승용,여,46세,상해없음,보행자,남,86세,경상
21657,2020022900100266,2020년 2월 29일 17시,토요일,경기도 수원시 장안구 파장동,경상사고,0,0,1,0,차대사람 - 기타,안전운전불이행,포장 - 건조,맑음,단일로 - 기타,승용,남,29세,상해없음,보행자,남,53세,경상
21658,2020022900100267,2020년 2월 29일 17시,토요일,경기도 용인시 기흥구 보라동,중상사고,0,1,0,0,차대사람 - 횡단중,신호위반,포장 - 건조,맑음,교차로 - 교차로횡단보도내,이륜,남,43세,상해없음,보행자,여,19세,중상
21659,2020022900100268,2020년 2월 29일 17시,토요일,경기도 김포시 통진읍,중상사고,0,1,0,0,차대사람 - 기타,보행자보호의무위반,포장 - 건조,맑음,교차로 - 교차로안,승용,여,57세,상해없음,보행자,여,77세,중상
21660,2020022900100291,2020년 2월 29일 18시,토요일,경기도 부천시 역곡동,경상사고,0,0,1,0,차대사람 - 기타,안전운전불이행,포장 - 건조,맑음,단일로 - 기타,승합,남,40세,상해없음,보행자,남,76세,경상
21661,2020022900100303,2020년 2월 29일 18시,토요일,경기도 남양주시 평내동,경상사고,0,0,1,0,차대사람 - 기타,안전운전불이행,포장 - 건조,맑음,단일로 - 기타,승용,남,53세,상해없음,보행자,여,33세,경상
21662,2020022900100314,2020년 2월 29일 19시,토요일,경기도 안산시 단원구 신길동,중상사고,0,1,0,0,차대사람 - 횡단중,보행자보호의무위반,포장 - 건조,맑음,교차로 - 교차로횡단보도내,승용,남,30세,상해없음,보행자,남,8세,중상
21663,2020022900100316,2020년 2월 29일 19시,토요일,경기도 성남시 분당구 이매동,경상사고,0,0,1,0,차대사람 - 기타,안전운전불이행,포장 - 건조,맑음,단일로 - 기타,승용,남,46세,상해없음,보행자,남,54세,경상
21664,2020022900100356,2020년 2월 29일 21시,토요일,경기도 군포시 당동,부상신고사고,0,0,0,1,차대사람 - 기타,안전운전불이행,포장 - 건조,맑음,기타 - 기타,승용,남,64세,상해없음,보행자,여,39세,부상신고
21665,2020022900100384,2020년 2월 29일 22시,토요일,경기도 안산시 단원구 원곡동,중상사고,0,1,0,0,차대사람 - 차도통행중,안전운전불이행,포장 - 건조,맑음,교차로 - 교차로안,승용,남,21세,상해없음,보행자,여,71세,중상
21666,2020022900100385,2020년 2월 29일 22시,토요일,경기도 군포시 산본동,경상사고,0,0,1,0,차대사람 - 기타,안전운전불이행,포장 - 건조,맑음,교차로 - 교차로안,이륜,남,16세,상해없음,보행자,남,56세,경상
21667,2020022900100386,2020년 2월 29일 22시,토요일,경기도 수원시 권선구 구운동,중상사고,0,1,0,0,차대사람 - 횡단중,안전운전불이행,포장 - 건조,맑음,단일로 - 기타,승용,남,41세,상해없음,보행자,남,21세,중상
21668,2020030100100025,2020년 3월 1일 02시,일요일,경기도 수원시 팔달구 인계동,경상사고,0,0,1,0,차대사람 - 횡단중,안전운전불이행,포장 - 건조,맑음,단일로 - 기타,승용,남,21세,상해없음,보행자,남,32세,경상
21669,2020030100100039,2020년 3월 1일 04시,일요일,경기도 부천시 고강동,중상사고,0,1,0,0,차대사람 - 횡단중,안전운전불이행,포장 - 건조,맑음,교차로 - 교차로부근,승용,남,35세,상해없음,보행자,남,50세,중상
21670,2020030100100047,2020년 3월 1일 06시,일요일,경기도 이천시 부발읍,경상사고,0,0,1,0,차대사람 - 횡단중,안전운전불이행,포장 - 건조,맑음,교차로 - 교차로안,승용,남,25세,상해없음,보행자,남,25세,경상
21671,2020030100100048,2020년 3월 1일 06시,일요일,경기도 오산시 갈곶동,경상사고,0,0,1,0,차대사람 - 기타,안전운전불이행,포장 - 건조,맑음,단일로 - 기타,기타불명,기타불명,미분류,기타불명,보행자,여,62세,경상
21672,2020030100100111,2020년 3월 1일 13시,일요일,경기도 수원시 장안구 영화동,경상사고,0,0,1,0,차대사람 - 기타,기타,포장 - 건조,맑음,기타 - 기타,승용,남,70세,상해없음,보행자,남,24세,경상
21673,2020030100100114,2020년 3월 1일 13시,일요일,경기도 여주시 오학동,경상사고,0,0,1,0,차대사람 - 차도통행중,안전운전불이행,포장 - 건조,맑음,기타 - 기타,자전거,남,57세,상해없음,보행자,여,68세,경상
21674,2020030100100141,2020년 3월 1일 14시,일요일,경기도 포천시 신읍동,경상사고,0,0,1,0,차대사람 - 기타,안전운전불이행,포장 - 건조,맑음,단일로 - 기타,승용,남,40세,상해없음,보행자,여,42세,경상
21675,2020030100100169,2020년 3월 1일 16시,일요일,경기도 부천시 원종동,중상사고,0,1,0,0,차대사람 - 횡단중,보행자보호의무위반,포장 - 건조,흐림,교차로 - 교차로횡단보도내,승합,남,57세,상해없음,보행자,남,62세,중상
21676,2020030100100179,2020년 3월 1일 16시,일요일,경기도 양주시 옥정동,사망사고,1,0,0,0,차대사람 - 기타,기타,포장 - 건조,맑음,교차로 - 교차로부근,승용,여,48세,상해없음,보행자,여,66세,사망
21677,2020030100100184,2020년 3월 1일 17시,일요일,경기도 평택시 포승읍,중상사고,0,1,0,0,차대사람 - 기타,안전운전불이행,포장 - 건조,맑음,단일로 - 기타,승합,남,39세,상해없음,보행자,여,39세,중상
21678,2020030100100233,2020년 3월 1일 19시,일요일,경기도 고양시 일산동구 중산동,경상사고,0,0,1,0,차대사람 - 보도통행중,보행자보호의무위반,포장 - 건조,맑음,교차로 - 교차로횡단보도내,승용,여,44세,상해없음,보행자,남,23세,경상
21679,2020030100100239,2020년 3월 1일 20시,일요일,경기도 광주시 역동,중상사고,0,1,0,0,차대사람 - 차도통행중,안전운전불이행,포장 - 건조,맑음,교차로 - 교차로안,승용,여,52세,상해없음,보행자,남,89세,중상
21680,2020030100100272,2020년 3월 1일 22시,일요일,경기도 광주시 오포읍,경상사고,0,0,2,0,차대사람 - 횡단중,안전운전불이행,포장 - 건조,맑음,교차로 - 교차로횡단보도내,승용,남,38세,기타불명,보행자,남,45세,경상
21681,2020030100100283,2020년 3월 1일 22시,일요일,경기도 의정부시 의정부동,경상사고,0,0,1,0,차대사람 - 기타,안전운전불이행,포장 - 젖음/습기,비,교차로 - 교차로부근,화물,남,50세,상해없음,보행자,여,18세,경상
21682,2020030100100284,2020년 3월 1일 22시,일요일,경기도 남양주시 화도읍,중상사고,0,1,0,0,차대사람 - 횡단중,과속,포장 - 젖음/습기,비,단일로 - 기타,승용,남,26세,상해없음,보행자,남,58세,중상
21683,2020030100100288,2020년 3월 1일 23시,일요일,경기도 평택시 비전동,중상사고,0,1,0,0,차대사람 - 횡단중,신호위반,포장 - 건조,맑음,교차로 - 교차로횡단보도내,이륜,남,25세,상해없음,보행자,남,50세,중상
21684,2020030100100289,2020년 3월 1일 23시,일요일,경기도 수원시 팔달구 인계동,경상사고,0,0,1,0,차대사람 - 차도통행중,안전운전불이행,포장 - 건조,맑음,단일로 - 기타,승용,남,41세,상해없음,보행자,남,26세,경상
21685,2020030200100018,2020년 3월 2일 03시,월요일,경기도 부천시 심곡동,중상사고,0,1,0,0,차대사람 - 횡단중,안전운전불이행,포장 - 젖음/습기,흐림,단일로 - 기타,이륜,남,18세,상해없음,보행자,남,23세,중상
21686,2020030200100027,2020년 3월 2일 04시,월요일,경기도 의정부시 의정부동,경상사고,0,0,1,0,차대사람 - 길가장자리구역통행중,안전운전불이행,포장 - 건조,맑음,단일로 - 기타,화물,남,51세,상해없음,보행자,남,25세,경상
21687,2020030200100028,2020년 3월 2일 04시,월요일,경기도 양주시 고암동,경상사고,0,0,1,0,차대사람 - 기타,안전운전불이행,포장 - 건조,맑음,주차장 - 주차장,승용,여,25세,상해없음,보행자,남,33세,경상
21688,2020030200100092,2020년 3월 2일 08시,월요일,경기도 양주시 회정동,중상사고,0,1,0,0,차대사람 - 기타,안전운전불이행,포장 - 건조,맑음,교차로 - 교차로부근,승용,여,42세,상해없음,보행자,남,44세,중상
21689,2020030200100122,2020년 3월 2일 10시,월요일,경기도 성남시 분당구 야탑동,중상사고,0,1,0,0,차대사람 - 횡단중,보행자보호의무위반,포장 - 건조,맑음,교차로 - 교차로횡단보도내,승용,남,63세,상해없음,보행자,여,74세,중상
21690,2020030200100140,2020년 3월 2일 10시,월요일,경기도 포천시 소흘읍,중상사고,0,1,0,0,차대사람 - 기타,보행자보호의무위반,포장 - 건조,맑음,단일로 - 기타,승용,남,65세,상해없음,보행자,여,65세,중상
21691,2020030200100141,2020년 3월 2일 10시,월요일,경기도 포천시 영북면,중상사고,0,1,0,0,차대사람 - 횡단중,안전운전불이행,포장 - 건조,맑음,교차로 - 교차로부근,화물,남,67세,상해없음,보행자,여,70세,중상
21692,2020030200100170,2020년 3월 2일 11시,월요일,경기도 남양주시 진접읍,경상사고,0,0,1,0,차대사람 - 기타,안전운전불이행,포장 - 건조,맑음,기타 - 기타,승용,남,68세,상해없음,보행자,여,46세,경상
21693,2020030200100173,2020년 3월 2일 12시,월요일,경기도 광주시 오포읍,중상사고,0,1,0,0,차대사람 - 기타,안전운전불이행,포장 - 건조,맑음,기타 - 기타,승용,남,35세,상해없음,보행자,여,71세,중상
21694,2020030200100193,2020년 3월 2일 12시,월요일,경기도 의정부시 의정부동,경상사고,0,0,1,0,차대사람 - 기타,보행자보호의무위반,포장 - 건조,맑음,단일로 - 기타,승용,남,31세,상해없음,보행자,남,35세,경상
21695,2020030200100194,2020년 3월 2일 12시,월요일,경기도 파주시 금촌동,경상사고,0,0,1,0,차대사람 - 기타,기타,포장 - 건조,맑음,기타 - 기타,승용,남,68세,상해없음,보행자,여,21세,경상
21696,2020030200100203,2020년 3월 2일 13시,월요일,경기도 안양시 동안구 호계동,경상사고,0,0,1,0,차대사람 - 횡단중,보행자보호의무위반,포장 - 건조,맑음,단일로 - 기타,건설기계,남,42세,상해없음,보행자,여,48세,경상
21697,2020030200100206,2020년 3월 2일 13시,월요일,경기도 용인시 처인구 원삼면,중상사고,0,1,0,0,차대사람 - 횡단중,보행자보호의무위반,포장 - 건조,맑음,교차로 - 교차로안,화물,남,29세,상해없음,보행자,여,77세,중상
21698,2020030200100208,2020년 3월 2일 13시,월요일,경기도 화성시 영천동,경상사고,0,0,1,0,차대사람 - 횡단중,안전운전불이행,포장 - 건조,맑음,단일로 - 기타,승용,여,51세,상해없음,보행자,남,62세,경상
21699,2020030200100226,2020년 3월 2일 14시,월요일,경기도 화성시 능동,경상사고,0,0,1,0,차대사람 - 기타,안전운전불이행,포장 - 건조,맑음,단일로 - 기타,승용,여,38세,상해없음,보행자,여,36세,경상
21700,2020030200100246,2020년 3월 2일 14시,월요일,경기도 남양주시 화도읍,중상사고,0,1,0,0,차대사람 - 횡단중,중앙선침범,포장 - 건조,맑음,단일로 - 기타,승용,여,63세,상해없음,보행자,여,63세,중상
21701,2020030200100253,2020년 3월 2일 15시,월요일,경기도 안산시 상록구 이동,경상사고,0,0,1,0,차대사람 - 횡단중,안전운전불이행,포장 - 건조,맑음,단일로 - 기타,승용,남,72세,상해없음,보행자,여,42세,경상
21702,2020030200100340,2020년 3월 2일 18시,월요일,경기도 부천시 중동,중상사고,0,1,1,0,차대사람 - 기타,신호위반,포장 - 건조,맑음,교차로 - 교차로부근,이륜,남,17세,경상,보행자,여,20세,중상
21703,2020030200100342,2020년 3월 2일 18시,월요일,경기도 수원시 권선구 당수동,중상사고,0,1,0,0,차대사람 - 횡단중,보행자보호의무위반,포장 - 건조,맑음,교차로 - 교차로횡단보도내,승용,남,40세,상해없음,보행자,남,71세,중상
21704,2020030200100343,2020년 3월 2일 18시,월요일,경기도 화성시 병점동,중상사고,0,1,0,0,차대사람 - 기타,안전운전불이행,포장 - 건조,맑음,교차로 - 교차로부근,승용,남,35세,상해없음,보행자,여,81세,중상