,사고번호,사고일시,요일,시군구,사고내용,사망자수,중상자수,경상자수,부상신고자수,사고유형,법규위반,노면상태,기상상태,도로형태,가해운전자 차종,가해운전자 성별,가해운전자 연령,가해운전자 상해정도,피해운전자 차종,피해운전자 성별,피해운전자 연령,피해운전자 상해정도
21705,2020030200100368,2020년 3월 2일 19시,월요일,경기도 부천시 심곡본동,중상사고,0,1,0,0,차대사람 - 기타,과속,포장 - 기타,맑음,교차로 - 교차로횡단보도내,승용,여,29세,상해없음,보행자,여,54세,중상
21706,2020030200100369,2020년 3월 2일 19시,월요일,경기도 오산시 궐동,중상사고,0,1,0,0,차대사람 - 횡단중,보행자보호의무위반,포장 - 건조,맑음,교차로 - 교차로횡단보도내,승용,남,69세,상해없음,보행자,남,73세,중상
21707,2020030200100393,2020년 3월 2일 20시,월요일,경기도 안양시 동안구 호계동,경상사고,0,0,1,0,차대사람 - 횡단중,신호위반,포장 - 건조,맑음,교차로 - 교차로횡단보도내,승용,남,56세,상해없음,보행자,남,14세,경상
21708,2020030200100394,2020년 3월 2일 20시,월요일,경기도 김포시 북변동,경상사고,0,0,1,0,차대사람 - 횡단중,안전운전불이행,포장 - 건조,맑음,단일로 - 기타,이륜,남,34세,상해없음,보행자,남,43세,경상
21709,2020030200100417,2020년 3월 2일 21시,월요일,경기도 수원시 팔달구 우만동,경상사고,0,0,1,0,차대사람 - 횡단중,보행자보호의무위반,포장 - 건조,맑음,교차로 - 교차로안,원동기,남,16세,상해없음,보행자,남,28세,경상
21710,2020030200100434,2020년 3월 2일 21시,월요일,경기도 의정부시 용현동,경상사고,0,0,1,0,차대사람 - 기타,안전운전불이행,포장 - 건조,맑음,단일로 - 기타,이륜,남,22세,경상,보행자,남,44세,상해없음
21711,2020030300100045,2020년 3월 3일 06시,화요일,경기도 수원시 팔달구 우만동,경상사고,0,0,1,0,차대사람 - 기타,안전운전불이행,포장 - 건조,맑음,교차로 - 교차로안,화물,남,55세,상해없음,보행자,남,44세,경상
21712,2020030300100046,2020년 3월 3일 06시,화요일,경기도 용인시 처인구 마평동,부상신고사고,0,0,0,1,차대사람 - 횡단중,신호위반,포장 - 건조,맑음,단일로 - 기타,이륜,남,17세,상해없음,보행자,남,61세,부상신고
21713,2020030300100047,2020년 3월 3일 06시,화요일,경기도 안산시 상록구 일동,중상사고,0,1,0,0,차대사람 - 횡단중,안전운전불이행,포장 - 건조,맑음,교차로 - 교차로부근,승용,남,48세,상해없음,보행자,여,69세,중상
21714,2020030300100101,2020년 3월 3일 09시,화요일,경기도 광주시 경안동,경상사고,0,0,1,0,차대사람 - 기타,안전운전불이행,포장 - 건조,맑음,기타 - 기타,승용,남,58세,상해없음,보행자,여,50세,경상
21715,2020030300100125,2020년 3월 3일 10시,화요일,경기도 안양시 만안구 안양동,중상사고,0,1,0,0,차대사람 - 기타,기타,포장 - 건조,맑음,단일로 - 기타,승합,남,51세,상해없음,보행자,여,83세,중상
21716,2020030300100167,2020년 3월 3일 12시,화요일,경기도 평택시 서정동,부상신고사고,0,0,0,1,차대사람 - 차도통행중,안전운전불이행,포장 - 건조,맑음,교차로 - 교차로부근,승용,여,26세,상해없음,보행자,남,5세,부상신고
21717,2020030300100189,2020년 3월 3일 13시,화요일,경기도 광주시 송정동,중상사고,0,1,0,0,차대사람 - 기타,안전운전불이행,포장 - 건조,맑음,단일로 - 기타,승용,여,57세,상해없음,보행자,남,5세,중상
21718,2020030300100190,2020년 3월 3일 13시,화요일,경기도 김포시 장기동,경상사고,0,0,1,0,차대사람 - 보도통행중,안전운전불이행,포장 - 건조,맑음,기타 - 기타,자전거,남,46세,상해없음,보행자,여,38세,경상
21719,2020030300100194,2020년 3월 3일 13시,화요일,경기도 부천시 원종동,중상사고,0,1,0,0,차대사람 - 기타,안전운전불이행,포장 - 건조,맑음,단일로 - 기타,승합,남,54세,기타불명,보행자,여,80세,중상
21720,2020030300100206,2020년 3월 3일 14시,화요일,경기도 성남시 분당구 수내동,중상사고,0,1,0,0,차대사람 - 횡단중,보행자보호의무위반,포장 - 건조,맑음,교차로 - 교차로횡단보도내,승용,남,36세,상해없음,보행자,남,66세,중상
21721,2020030300100223,2020년 3월 3일 14시,화요일,경기도 파주시 문산읍,부상신고사고,0,0,0,1,차대사람 - 기타,안전운전불이행,포장 - 건조,맑음,교차로 - 교차로안,승용,남,62세,상해없음,보행자,남,61세,부상신고
21722,2020030300100261,2020년 3월 3일 17시,화요일,경기도 수원시 팔달구 영동,경상사고,0,0,1,0,차대사람 - 기타,보행자보호의무위반,포장 - 건조,맑음,교차로 - 교차로횡단보도내,승용,여,21세,상해없음,보행자,여,77세,경상
21723,2020030300100263,2020년 3월 3일 17시,화요일,경기도 화성시 장안면,경상사고,0,0,1,0,차대사람 - 기타,안전운전불이행,포장 - 건조,맑음,단일로 - 기타,승용,남,46세,상해없음,보행자,남,22세,경상
21724,2020030300100285,2020년 3월 3일 18시,화요일,경기도 광주시 경안동,경상사고,0,0,1,0,차대사람 - 횡단중,보행자보호의무위반,포장 - 건조,맑음,기타 - 기타,이륜,남,23세,상해없음,보행자,남,83세,경상
21725,2020030300100286,2020년 3월 3일 18시,화요일,경기도 시흥시 목감동,경상사고,0,0,1,0,차대사람 - 기타,안전운전불이행,포장 - 건조,맑음,단일로 - 기타,승용,남,52세,상해없음,보행자,남,57세,경상
21726,2020030300100347,2020년 3월 3일 20시,화요일,경기도 성남시 분당구 수내동,경상사고,0,0,1,0,차대사람 - 기타,보행자보호의무위반,포장 - 건조,맑음,교차로 - 교차로횡단보도내,승용,남,57세,상해없음,보행자,남,35세,경상
21727,2020030300100360,2020년 3월 3일 20시,화요일,경기도 남양주시 진접읍,경상사고,0,0,1,0,차대사람 - 횡단중,안전운전불이행,포장 - 건조,맑음,단일로 - 기타,승용,남,51세,상해없음,보행자,여,56세,경상
21728,2020030400100026,2020년 3월 4일 03시,수요일,경기도 수원시 팔달구 인계동,경상사고,0,0,1,0,차대사람 - 길가장자리구역통행중,안전운전불이행,포장 - 건조,맑음,교차로 - 교차로안,승용,남,24세,상해없음,보행자,남,25세,경상
21729,2020030400100031,2020년 3월 4일 05시,수요일,경기도 부천시 중동,중상사고,0,1,0,0,차대사람 - 횡단중,신호위반,포장 - 건조,맑음,단일로 - 기타,승용,남,72세,상해없음,보행자,여,63세,중상
21730,2020030400100038,2020년 3월 4일 06시,수요일,경기도 부천시 중동,경상사고,0,0,1,0,차대사람 - 기타,보행자보호의무위반,포장 - 건조,맑음,단일로 - 기타,승용,여,40세,상해없음,보행자,남,70세,경상
21731,2020030400100187,2020년 3월 4일 13시,수요일,경기도 의정부시 가능동,경상사고,0,0,1,0,차대사람 - 횡단중,신호위반,포장 - 건조,맑음,교차로 - 교차로횡단보도내,승용,남,25세,상해없음,보행자,여,66세,경상
21732,2020030400100225,2020년 3월 4일 15시,수요일,경기도 의정부시 의정부동,경상사고,0,0,1,0,차대사람 - 기타,기타,포장 - 건조,맑음,단일로 - 기타,승합,남,55세,상해없음,보행자,여,80세,경상
21733,2020030400100267,2020년 3월 4일 17시,수요일,경기도 부천시 소사본동,경상사고,0,0,1,0,차대사람 - 기타,교차로운행방법위반,포장 - 건조,맑음,단일로 - 기타,승용,남,30세,상해없음,보행자,남,31세,경상
21734,2020030400100294,2020년 3월 4일 18시,수요일,경기도 수원시 장안구 송죽동,경상사고,0,0,1,0,차대사람 - 길가장자리구역통행중,안전운전불이행,포장 - 건조,맑음,교차로 - 교차로부근,자전거,남,75세,상해없음,보행자,여,60세,경상
21735,2020030400100330,2020년 3월 4일 19시,수요일,경기도 화성시 향남읍,경상사고,0,0,1,0,차대사람 - 기타,안전운전불이행,포장 - 건조,맑음,단일로 - 기타,승용,남,38세,상해없음,보행자,여,23세,경상
21736,2020030400100332,2020년 3월 4일 19시,수요일,경기도 화성시 반송동,경상사고,0,0,1,0,차대사람 - 기타,신호위반,포장 - 건조,맑음,교차로 - 교차로안,승용,여,31세,상해없음,보행자,여,42세,경상
21737,2020030400100333,2020년 3월 4일 19시,수요일,경기도 화성시 진안동,중상사고,0,1,0,0,차대사람 - 횡단중,신호위반,포장 - 건조,맑음,교차로 - 교차로안,특수,남,22세,상해없음,보행자,남,24세,중상
21738,2020030400100380,2020년 3월 4일 20시,수요일,경기도 고양시 일산서구 대화동,중상사고,0,1,0,0,차대사람 - 횡단중,보행자보호의무위반,포장 - 건조,기타,교차로 - 교차로횡단보도내,화물,남,42세,상해없음,보행자,남,56세,중상
21739,2020030400100387,2020년 3월 4일 21시,수요일,경기도 평택시 장당동,중상사고,0,1,0,0,차대사람 - 기타,안전운전불이행,포장 - 건조,맑음,교차로 - 교차로부근,승용,남,46세,상해없음,보행자,남,48세,중상
21740,2020030400100417,2020년 3월 4일 22시,수요일,경기도 부천시 심곡동,경상사고,0,0,1,0,차대사람 - 기타,안전운전불이행,포장 - 건조,맑음,기타 - 기타,승용,남,51세,상해없음,보행자,여,20세,경상
21741,2020030500100004,2020년 3월 5일 00시,목요일,경기도 평택시 서정동,중상사고,0,1,0,0,차대사람 - 차도통행중,안전운전불이행,포장 - 건조,맑음,단일로 - 기타,승용,남,39세,상해없음,보행자,남,45세,중상
21742,2020030500100009,2020년 3월 5일 00시,목요일,경기도 구리시 수택동,경상사고,0,0,1,0,차대사람 - 기타,기타,포장 - 건조,맑음,교차로 - 교차로부근,이륜,남,23세,상해없음,보행자,남,46세,경상
21743,2020030500100015,2020년 3월 5일 01시,목요일,경기도 수원시 권선구 권선동,경상사고,0,0,1,0,차대사람 - 기타,기타,포장 - 건조,맑음,단일로 - 기타,승용,남,67세,상해없음,보행자,여,38세,경상
21744,2020030500100115,2020년 3월 5일 08시,목요일,경기도 구리시 인창동,경상사고,0,0,1,0,차대사람 - 횡단중,안전운전불이행,포장 - 건조,맑음,단일로 - 기타,승용,여,50세,기타불명,보행자,남,28세,경상
21745,2020030500100155,2020년 3월 5일 10시,목요일,경기도 고양시 덕양구 성사동,경상사고,0,0,1,0,차대사람 - 보도통행중,보행자보호의무위반,포장 - 건조,맑음,교차로 - 교차로횡단보도내,승용,여,53세,상해없음,보행자,여,53세,경상
21746,2020030500100190,2020년 3월 5일 12시,목요일,경기도 성남시 수정구 태평동,중상사고,0,1,0,0,차대사람 - 횡단중,보행자보호의무위반,포장 - 건조,맑음,교차로 - 교차로횡단보도내,승용,남,61세,상해없음,보행자,여,74세,중상
21747,2020030500100210,2020년 3월 5일 13시,목요일,경기도 안양시 동안구 호계동,중상사고,0,1,0,0,차대사람 - 차도통행중,안전운전불이행,포장 - 건조,맑음,교차로 - 교차로안,승용,남,67세,상해없음,보행자,여,92세,중상
21748,2020030500100260,2020년 3월 5일 15시,목요일,경기도 평택시 비전동,중상사고,0,1,0,0,차대사람 - 횡단중,안전운전불이행,포장 - 건조,맑음,교차로 - 교차로안,승용,남,62세,상해없음,보행자,여,49세,중상
21749,2020030500100283,2020년 3월 5일 16시,목요일,경기도 성남시 수정구 태평동,경상사고,0,0,1,0,차대사람 - 기타,안전운전불이행,포장 - 건조,맑음,기타 - 기타,승용,남,66세,상해없음,보행자,남,56세,경상
21750,2020030500100305,2020년 3월 5일 17시,목요일,경기도 화성시 산척동,중상사고,0,1,0,0,차대사람 - 횡단중,신호위반,포장 - 건조,맑음,교차로 - 교차로횡단보도내,승합,남,37세,상해없음,보행자,여,36세,중상
21751,2020030500100328,2020년 3월 5일 17시,목요일,경기도 남양주시 퇴계원읍,경상사고,0,0,1,0,차대사람 - 보도통행중,기타,포장 - 건조,맑음,기타 - 기타,자전거,남,12세,상해없음,보행자,여,79세,경상
21752,2020030500100329,2020년 3월 5일 17시,목요일,경기도 남양주시 와부읍,중상사고,0,1,0,0,차대사람 - 횡단중,보행자보호의무위반,포장 - 건조,맑음,교차로 - 교차로횡단보도내,승합,남,67세,상해없음,보행자,여,64세,중상
21753,2020030500100368,2020년 3월 5일 18시,목요일,경기도 김포시 양촌읍,중상사고,0,1,0,0,차대사람 - 기타,안전운전불이행,포장 - 건조,맑음,단일로 - 기타,화물,남,37세,상해없음,보행자,남,45세,중상
21754,2020030500100377,2020년 3월 5일 18시,목요일,경기도 동두천시 지행동,경상사고,0,0,1,0,차대사람 - 횡단중,보행자보호의무위반,포장 - 건조,맑음,교차로 - 교차로횡단보도내,화물,남,41세,상해없음,보행자,남,62세,경상
21755,2020030500100387,2020년 3월 5일 19시,목요일,경기도 성남시 수정구 신흥동,중상사고,0,1,0,0,차대사람 - 기타,안전운전불이행,포장 - 건조,맑음,단일로 - 기타,승용,여,28세,상해없음,보행자,여,57세,중상
21756,2020030500100394,2020년 3월 5일 19시,목요일,경기도 화성시 봉담읍,중상사고,0,1,0,0,차대사람 - 횡단중,보행자보호의무위반,포장 - 건조,맑음,교차로 - 교차로안,승용,남,36세,상해없음,보행자,남,58세,중상
21757,2020030500100413,2020년 3월 5일 19시,목요일,경기도 의정부시 의정부동,중상사고,0,1,0,0,차대사람 - 횡단중,안전운전불이행,포장 - 건조,맑음,교차로 - 교차로안,이륜,남,23세,상해없음,보행자,남,75세,중상
21758,2020030500100415,2020년 3월 5일 19시,목요일,경기도 포천시 영중면,중상사고,0,1,0,0,차대사람 - 기타,안전운전불이행,포장 - 건조,맑음,교차로 - 교차로안,승용,남,64세,상해없음,보행자,여,61세,중상
21759,2020030500100416,2020년 3월 5일 19시,목요일,경기도 포천시 소흘읍,중상사고,0,1,0,0,차대사람 - 횡단중,안전운전불이행,포장 - 건조,맑음,단일로 - 기타,승용,남,59세,상해없음,보행자,남,23세,중상
21760,2020030500100435,2020년 3월 5일 20시,목요일,경기도 고양시 덕양구 화전동,중상사고,0,1,0,0,차대사람 - 횡단중,보행자보호의무위반,포장 - 건조,맑음,교차로 - 교차로안,승용,남,41세,상해없음,보행자,여,53세,중상
21761,2020030500100470,2020년 3월 5일 22시,목요일,경기도 성남시 중원구 상대원동,부상신고사고,0,0,0,2,차대사람 - 횡단중,보행자보호의무위반,포장 - 건조,맑음,단일로 - 기타,이륜,남,34세,기타불명,보행자,남,45세,부상신고
21762,2020030500100491,2020년 3월 5일 23시,목요일,경기도 안산시 단원구 신길동,경상사고,0,0,1,0,차대사람 - 횡단중,신호위반,포장 - 건조,맑음,교차로 - 교차로횡단보도내,승용,남,56세,상해없음,보행자,여,24세,경상
21763,2020030600100004,2020년 3월 6일 00시,금요일,경기도 안양시 만안구 안양동,경상사고,0,0,1,0,차대사람 - 길가장자리구역통행중,안전운전불이행,포장 - 건조,맑음,기타 - 기타,승용,여,55세,상해없음,보행자,남,41세,경상
21764,2020030600100016,2020년 3월 6일 01시,금요일,경기도 시흥시 정왕동,경상사고,0,0,2,0,차대사람 - 기타,안전운전불이행,포장 - 건조,맑음,단일로 - 기타,승용,남,27세,상해없음,보행자,남,24세,경상
21765,2020030600100017,2020년 3월 6일 01시,금요일,경기도 용인시 수지구 풍덕천동,중상사고,0,1,0,0,차대사람 - 횡단중,안전운전불이행,포장 - 건조,맑음,단일로 - 기타,승용,남,30세,상해없음,보행자,남,54세,중상
21766,2020030600100042,2020년 3월 6일 04시,금요일,경기도 고양시 일산서구 구산동,중상사고,0,1,0,0,차대사람 - 횡단중,신호위반,포장 - 건조,맑음,단일로 - 기타,승합,남,71세,상해없음,보행자,여,61세,중상
21767,2020030600100069,2020년 3월 6일 07시,금요일,경기도 평택시 신장동,중상사고,0,1,0,0,차대사람 - 기타,안전운전불이행,포장 - 건조,맑음,단일로 - 기타,승용,남,59세,상해없음,보행자,여,20세,중상
21768,2020030600100091,2020년 3월 6일 08시,금요일,경기도 평택시 고덕면,경상사고,0,0,1,0,차대사람 - 횡단중,안전운전불이행,포장 - 건조,맑음,교차로 - 교차로부근,승용,남,57세,상해없음,보행자,여,22세,경상
21769,2020030600100093,2020년 3월 6일 08시,금요일,경기도 이천시 관고동,경상사고,0,0,1,0,차대사람 - 횡단중,안전운전불이행,포장 - 건조,맑음,단일로 - 기타,승용,여,69세,상해없음,보행자,여,26세,경상
21770,2020030600100099,2020년 3월 6일 08시,금요일,경기도 성남시 분당구 야탑동,경상사고,0,0,1,0,차대사람 - 횡단중,보행자보호의무위반,포장 - 건조,맑음,교차로 - 교차로횡단보도내,승용,여,59세,상해없음,보행자,여,54세,경상
21771,2020030600100100,2020년 3월 6일 08시,금요일,경기도 하남시 덕풍동,경상사고,0,0,1,0,차대사람 - 기타,안전운전불이행,포장 - 건조,맑음,단일로 - 기타,승합,남,60세,상해없음,보행자,남,24세,경상
21772,2020030600100122,2020년 3월 6일 08시,금요일,경기도 파주시 월롱면,중상사고,0,1,0,0,차대사람 - 횡단중,신호위반,포장 - 건조,맑음,단일로 - 기타,승용,여,27세,상해없음,보행자,남,37세,중상
21773,2020030600100155,2020년 3월 6일 10시,금요일,경기도 김포시 감정동,경상사고,0,0,1,0,차대사람 - 기타,안전운전불이행,포장 - 건조,맑음,기타 - 기타,화물,남,67세,기타불명,보행자,여,7세,경상
21774,2020030600100156,2020년 3월 6일 10시,금요일,경기도 부천시 심곡본동,경상사고,0,0,1,0,차대사람 - 기타,기타,포장 - 건조,맑음,단일로 - 기타,승용,남,64세,기타불명,보행자,남,59세,경상
21775,2020030600100205,2020년 3월 6일 12시,금요일,경기도 광명시 소하동,중상사고,0,1,0,0,차대사람 - 횡단중,보행자보호의무위반,포장 - 건조,맑음,교차로 - 교차로횡단보도내,화물,남,47세,상해없음,보행자,여,56세,중상
21776,2020030600100232,2020년 3월 6일 13시,금요일,경기도 안성시 공도읍,경상사고,0,0,1,0,차대사람 - 기타,안전운전불이행,포장 - 건조,맑음,주차장 - 주차장,승용,남,55세,상해없음,보행자,여,33세,경상
21777,2020030600100234,2020년 3월 6일 13시,금요일,경기도 광주시 태전동,경상사고,0,0,1,0,차대사람 - 차도통행중,안전운전불이행,포장 - 건조,맑음,단일로 - 기타,승용,여,47세,기타불명,보행자,여,50세,경상
21778,2020030600100263,2020년 3월 6일 14시,금요일,경기도 오산시 원동,경상사고,0,0,1,0,차대사람 - 횡단중,보행자보호의무위반,포장 - 건조,맑음,교차로 - 교차로횡단보도내,승용,여,33세,상해없음,보행자,남,9세,경상
21779,2020030600100303,2020년 3월 6일 15시,금요일,경기도 시흥시 정왕동,경상사고,0,0,1,0,차대사람 - 기타,안전운전불이행,포장 - 건조,맑음,단일로 - 기타,화물,남,63세,상해없음,보행자,남,31세,경상
21780,2020030600100331,2020년 3월 6일 16시,금요일,경기도 수원시 장안구 파장동,경상사고,0,0,1,0,차대사람 - 기타,기타,포장 - 건조,맑음,단일로 - 기타,화물,남,48세,상해없음,보행자,여,80세,경상
21781,2020030600100334,2020년 3월 6일 16시,금요일,경기도 시흥시 신천동,경상사고,0,0,1,0,차대사람 - 횡단중,신호위반,포장 - 건조,맑음,교차로 - 교차로횡단보도내,승합,여,52세,상해없음,보행자,여,49세,경상
21782,2020030600100371,2020년 3월 6일 17시,금요일,경기도 안양시 동안구 평촌동,중상사고,0,1,0,0,차대사람 - 횡단중,안전운전불이행,포장 - 건조,맑음,단일로 - 기타,승용,남,19세,상해없음,보행자,여,20세,중상
21783,2020030600100378,2020년 3월 6일 17시,금요일,경기도 성남시 분당구 구미동,중상사고,0,1,0,0,차대사람 - 기타,안전운전불이행,포장 - 건조,흐림,주차장 - 주차장,건설기계,남,77세,상해없음,보행자,남,80세,중상
21784,2020030600100410,2020년 3월 6일 17시,금요일,경기도 고양시 덕양구 성사동,경상사고,0,0,1,0,차대사람 - 횡단중,안전운전불이행,포장 - 건조,맑음,단일로 - 기타,승용,여,58세,상해없음,보행자,여,62세,경상
21785,2020030600100412,2020년 3월 6일 17시,금요일,경기도 양주시 백석읍,경상사고,0,0,1,0,차대사람 - 횡단중,보행자보호의무위반,포장 - 건조,맑음,단일로 - 기타,승합,남,63세,상해없음,보행자,여,5세,경상
21786,2020030600100423,2020년 3월 6일 18시,금요일,경기도 성남시 중원구 성남동,중상사고,0,1,0,0,차대사람 - 기타,안전운전불이행,포장 - 건조,맑음,교차로 - 교차로부근,승용,남,25세,상해없음,보행자,남,68세,중상
21787,2020030600100502,2020년 3월 6일 20시,금요일,경기도 부천시 심곡동,경상사고,0,0,1,0,차대사람 - 차도통행중,안전운전불이행,포장 - 건조,맑음,미분류 - 미분류,승용,남,32세,상해없음,보행자,남,49세,경상
21788,2020030600100505,2020년 3월 6일 20시,금요일,경기도 용인시 수지구 동천동,중상사고,0,1,0,0,차대사람 - 횡단중,신호위반,포장 - 건조,맑음,교차로 - 교차로안,화물,남,31세,상해없음,보행자,남,77세,중상
21789,2020030600100514,2020년 3월 6일 20시,금요일,경기도 포천시 소흘읍,경상사고,0,0,1,0,차대사람 - 기타,안전운전불이행,포장 - 건조,맑음,교차로 - 교차로부근,이륜,남,21세,상해없음,보행자,남,33세,경상
21790,2020030600100523,2020년 3월 6일 21시,금요일,경기도 평택시 합정동,경상사고,0,0,1,0,차대사람 - 차도통행중,안전운전불이행,포장 - 건조,맑음,단일로 - 기타,승용,남,50세,상해없음,보행자,남,49세,경상
21791,2020030600100525,2020년 3월 6일 21시,금요일,경기도 부천시 심곡동,경상사고,0,0,1,0,차대사람 - 보도통행중,기타,포장 - 건조,맑음,기타 - 기타,자전거,남,34세,상해없음,보행자,남,37세,경상
21792,2020030600100548,2020년 3월 6일 22시,금요일,경기도 평택시 서정동,경상사고,0,0,1,0,차대사람 - 기타,안전운전불이행,포장 - 건조,맑음,단일로 - 기타,승용,남,40세,상해없음,보행자,남,35세,경상
21793,2020030600100550,2020년 3월 6일 22시,금요일,경기도 안산시 단원구 신길동,중상사고,0,1,0,0,차대사람 - 횡단중,안전운전불이행,포장 - 건조,맑음,교차로 - 교차로횡단보도내,승용,남,59세,상해없음,보행자,남,48세,중상
21794,2020030600100552,2020년 3월 6일 22시,금요일,경기도 성남시 분당구 구미동,중상사고,0,1,0,0,차대사람 - 횡단중,보행자보호의무위반,포장 - 건조,맑음,교차로 - 교차로안,승합,남,28세,상해없음,보행자,남,59세,중상
21795,2020030600100554,2020년 3월 6일 22시,금요일,경기도 안산시 상록구 부곡동,중상사고,0,1,0,0,차대사람 - 기타,안전운전불이행,포장 - 건조,맑음,단일로 - 기타,승용,남,49세,상해없음,보행자,여,51세,중상
21796,2020030700100088,2020년 3월 7일 08시,토요일,경기도 고양시 덕양구 관산동,경상사고,0,0,1,0,차대사람 - 길가장자리구역통행중,안전운전불이행,포장 - 건조,맑음,단일로 - 지하차도(도로)내,기타불명,기타불명,미분류,기타불명,보행자,여,58세,경상
21797,2020030700100090,2020년 3월 7일 09시,토요일,경기도 평택시 서정동,경상사고,0,0,1,0,차대사람 - 기타,안전운전불이행,포장 - 건조,맑음,단일로 - 기타,기타불명,기타불명,미분류,기타불명,보행자,남,43세,경상
21798,2020030700100106,2020년 3월 7일 10시,토요일,경기도 부천시 상동,경상사고,0,0,1,0,차대사람 - 횡단중,보행자보호의무위반,포장 - 건조,맑음,교차로 - 교차로횡단보도내,승용,남,49세,상해없음,보행자,여,23세,경상
21799,2020030700100167,2020년 3월 7일 12시,토요일,경기도 성남시 수정구 단대동,경상사고,0,0,1,0,차대사람 - 기타,안전운전불이행,포장 - 건조,맑음,단일로 - 기타,승용,여,51세,상해없음,보행자,남,34세,경상
21800,2020030700100172,2020년 3월 7일 12시,토요일,경기도 김포시 운양동,중상사고,0,1,0,0,차대사람 - 차도통행중,안전운전불이행,포장 - 건조,맑음,단일로 - 기타,자전거,여,51세,상해없음,보행자,여,72세,중상
21801,2020030700100215,2020년 3월 7일 14시,토요일,경기도 부천시 송내동,경상사고,0,0,1,0,차대사람 - 기타,안전운전불이행,포장 - 기타,맑음,단일로 - 기타,승용,남,55세,상해없음,보행자,여,27세,경상
21802,2020030700100218,2020년 3월 7일 14시,토요일,경기도 부천시 오정동,경상사고,0,0,1,0,차대사람 - 차도통행중,안전운전불이행,포장 - 건조,맑음,단일로 - 기타,승용,남,57세,상해없음,보행자,여,59세,경상
21803,2020030700100259,2020년 3월 7일 16시,토요일,경기도 용인시 기흥구 상하동,경상사고,0,0,1,0,차대사람 - 기타,안전운전불이행,포장 - 건조,맑음,단일로 - 기타,자전거,남,53세,상해없음,보행자,남,6세,경상
21804,2020030700100262,2020년 3월 7일 16시,토요일,경기도 화성시 새솔동,경상사고,0,0,1,0,차대사람 - 기타,신호위반,포장 - 건조,맑음,단일로 - 기타,이륜,남,60세,상해없음,보행자,여,53세,경상
21805,2020030700100279,2020년 3월 7일 16시,토요일,경기도 의정부시 의정부동,중상사고,0,1,0,0,차대사람 - 횡단중,신호위반,포장 - 건조,맑음,교차로 - 교차로안,승용,여,68세,상해없음,보행자,남,36세,중상
21806,2020030700100283,2020년 3월 7일 17시,토요일,경기도 광주시 역동,중상사고,0,1,0,0,차대사람 - 차도통행중,안전운전불이행,포장 - 건조,맑음,단일로 - 기타,승용,남,58세,상해없음,보행자,남,62세,중상
21807,2020030700100285,2020년 3월 7일 17시,토요일,경기도 수원시 권선구 탑동,중상사고,0,1,0,0,차대사람 - 기타,안전운전불이행,포장 - 건조,맑음,단일로 - 기타,승용,여,62세,상해없음,보행자,남,65세,중상
21808,2020030700100341,2020년 3월 7일 19시,토요일,경기도 용인시 기흥구 영덕동,중상사고,0,1,0,0,차대사람 - 횡단중,안전운전불이행,포장 - 건조,기타,교차로 - 교차로안,이륜,남,42세,상해없음,보행자,남,49세,중상
21809,2020030700100343,2020년 3월 7일 19시,토요일,경기도 성남시 분당구 금곡동,경상사고,0,0,1,0,차대사람 - 기타,안전운전불이행,포장 - 건조,맑음,단일로 - 기타,승용,여,52세,상해없음,보행자,남,52세,경상
21810,2020030700100345,2020년 3월 7일 19시,토요일,경기도 안산시 상록구 성포동,중상사고,0,1,0,0,차대사람 - 차도통행중,안전운전불이행,포장 - 건조,맑음,단일로 - 기타,승용,남,44세,상해없음,보행자,여,58세,중상
21811,2020030700100346,2020년 3월 7일 19시,토요일,경기도 안산시 상록구 본오동,경상사고,0,0,1,0,차대사람 - 횡단중,신호위반,포장 - 건조,맑음,교차로 - 교차로안,승용,남,24세,상해없음,보행자,남,70세,경상
21812,2020030700100361,2020년 3월 7일 19시,토요일,경기도 남양주시 퇴계원면,중상사고,0,1,0,0,차대사람 - 차도통행중,안전운전불이행,포장 - 건조,맑음,단일로 - 기타,화물,남,63세,상해없음,보행자,여,73세,중상
21813,2020030700100371,2020년 3월 7일 20시,토요일,경기도 평택시 평택동,경상사고,0,0,1,0,차대사람 - 기타,안전운전불이행,포장 - 건조,맑음,단일로 - 기타,승용,남,44세,상해없음,보행자,여,24세,경상
21814,2020030700100411,2020년 3월 7일 22시,토요일,경기도 오산시 원동,경상사고,0,0,1,0,차대사람 - 기타,안전운전불이행,포장 - 건조,맑음,기타 - 기타,승용,남,59세,기타불명,보행자,남,35세,경상
21815,2020030700100413,2020년 3월 7일 22시,토요일,경기도 화성시 봉담읍,중상사고,0,1,0,0,차대사람 - 횡단중,안전운전불이행,포장 - 건조,맑음,기타 - 기타,승용,남,28세,상해없음,보행자,남,49세,중상
21816,2020030800100037,2020년 3월 8일 03시,일요일,경기도 부천시 심곡동,경상사고,0,0,1,0,차대사람 - 길가장자리구역통행중,안전운전불이행,포장 - 건조,기타,단일로 - 기타,승용,남,76세,상해없음,보행자,남,27세,경상
21817,2020030800100068,2020년 3월 8일 07시,일요일,경기도 화성시 향남읍,경상사고,0,0,1,0,차대사람 - 횡단중,신호위반,포장 - 건조,맑음,기타 - 기타,화물,남,62세,상해없음,보행자,여,52세,경상
21818,2020030800100166,2020년 3월 8일 14시,일요일,경기도 김포시 월곶면,중상사고,0,1,0,0,차대사람 - 기타,안전운전불이행,포장 - 건조,맑음,단일로 - 기타,승용,남,35세,상해없음,보행자,남,44세,중상
21819,2020030800100183,2020년 3월 8일 14시,일요일,경기도 구리시 사노동,경상사고,0,0,1,0,차대사람 - 차도통행중,안전운전불이행,포장 - 건조,맑음,단일로 - 기타,자전거,남,65세,기타불명,보행자,여,77세,경상