,사고번호,사고일시,요일,시군구,사고내용,사망자수,중상자수,경상자수,부상신고자수,사고유형,법규위반,노면상태,기상상태,도로형태,가해운전자 차종,가해운전자 성별,가해운전자 연령,가해운전자 상해정도,피해운전자 차종,피해운전자 성별,피해운전자 연령,피해운전자 상해정도
21820,2020030800100211,2020년 3월 8일 16시,일요일,경기도 오산시 오산동,경상사고,0,0,1,0,차대사람 - 차도통행중,안전운전불이행,포장 - 건조,맑음,단일로 - 기타,승용,남,48세,상해없음,보행자,남,64세,경상
21821,2020030800100212,2020년 3월 8일 16시,일요일,경기도 성남시 분당구 판교동,중상사고,0,1,0,0,차대사람 - 기타,안전운전불이행,포장 - 건조,맑음,단일로 - 기타,자전거,남,20세,상해없음,보행자,여,9세,중상
21822,2020030800100213,2020년 3월 8일 16시,일요일,경기도 성남시 분당구 정자동,중상사고,0,1,0,0,차대사람 - 횡단중,안전운전불이행,포장 - 건조,맑음,교차로 - 교차로부근,이륜,남,56세,기타불명,보행자,여,50세,중상
21823,2020030800100240,2020년 3월 8일 17시,일요일,경기도 평택시 서정동,경상사고,0,0,1,0,차대사람 - 길가장자리구역통행중,안전운전불이행,포장 - 건조,맑음,교차로 - 교차로부근,승용,여,43세,상해없음,보행자,남,62세,경상
21824,2020030800100247,2020년 3월 8일 17시,일요일,경기도 안산시 단원구 와동,경상사고,0,0,1,0,차대사람 - 기타,안전운전불이행,포장 - 건조,맑음,단일로 - 기타,이륜,남,33세,상해없음,보행자,남,81세,경상
21825,2020030800100248,2020년 3월 8일 17시,일요일,경기도 안산시 상록구 본오동,경상사고,0,0,1,0,차대사람 - 보도통행중,기타,포장 - 건조,맑음,기타 - 기타,이륜,남,19세,상해없음,보행자,남,17세,경상
21826,2020030800100280,2020년 3월 8일 18시,일요일,경기도 평택시 지산동,경상사고,0,0,1,0,차대사람 - 차도통행중,안전운전불이행,포장 - 건조,맑음,단일로 - 기타,승용,남,58세,기타불명,보행자,남,57세,경상
21827,2020030800100299,2020년 3월 8일 19시,일요일,경기도 용인시 기흥구 고매동,경상사고,0,0,1,0,차대사람 - 횡단중,보행자보호의무위반,포장 - 건조,맑음,교차로 - 교차로횡단보도내,화물,남,48세,상해없음,보행자,남,38세,경상
21828,2020030800100317,2020년 3월 8일 19시,일요일,경기도 고양시 일산동구 장항동,경상사고,0,0,1,0,차대사람 - 횡단중,안전운전불이행,포장 - 건조,맑음,교차로 - 교차로안,승용,남,26세,상해없음,보행자,여,53세,경상
21829,2020030800100343,2020년 3월 8일 21시,일요일,경기도 수원시 권선구 금곡동,경상사고,0,0,1,0,차대사람 - 횡단중,교차로운행방법위반,포장 - 건조,맑음,교차로 - 교차로안,승용,남,31세,상해없음,보행자,여,53세,경상
21830,2020030800100362,2020년 3월 8일 22시,일요일,경기도 고양시 일산동구 장항동,부상신고사고,0,0,0,1,차대사람 - 차도통행중,안전운전불이행,포장 - 건조,맑음,교차로 - 교차로부근,이륜,남,33세,상해없음,보행자,남,48세,부상신고
21831,2020030900100038,2020년 3월 9일 06시,월요일,경기도 이천시 송정동,경상사고,0,0,1,0,차대사람 - 기타,안전운전불이행,포장 - 건조,맑음,단일로 - 기타,승용,남,52세,상해없음,보행자,남,62세,경상
21832,2020030900100058,2020년 3월 9일 07시,월요일,경기도 부천시 원종동,중상사고,0,1,0,0,차대사람 - 기타,안전운전불이행,포장 - 건조,맑음,단일로 - 기타,승합,남,48세,상해없음,보행자,남,61세,중상
21833,2020030900100085,2020년 3월 9일 08시,월요일,경기도 성남시 분당구 서현동,경상사고,0,0,1,0,차대사람 - 차도통행중,안전운전불이행,포장 - 건조,맑음,교차로 - 교차로부근,화물,남,68세,상해없음,보행자,남,25세,경상
21834,2020030900100122,2020년 3월 9일 09시,월요일,경기도 광명시 하안동,중상사고,0,1,0,0,차대사람 - 기타,안전운전불이행,포장 - 건조,맑음,기타 - 기타,기타불명,기타불명,미분류,기타불명,보행자,남,88세,중상
21835,2020030900100164,2020년 3월 9일 10시,월요일,경기도 구리시 교문동,경상사고,0,0,1,0,차대사람 - 차도통행중,안전운전불이행,포장 - 건조,맑음,단일로 - 기타,승용,남,72세,상해없음,보행자,남,38세,경상
21836,2020030900100252,2020년 3월 9일 13시,월요일,경기도 의정부시 낙양동,경상사고,0,0,2,0,차대사람 - 기타,교차로운행방법위반,포장 - 건조,맑음,교차로 - 교차로안,승용,남,64세,상해없음,보행자,여,39세,경상
21837,2020030900100263,2020년 3월 9일 14시,월요일,경기도 김포시 마산동,중상사고,0,1,0,0,차대사람 - 횡단중,보행자보호의무위반,포장 - 건조,맑음,교차로 - 교차로안,승용,남,59세,상해없음,보행자,여,33세,중상
21838,2020030900100264,2020년 3월 9일 14시,월요일,경기도 안산시 단원구 선부동,중상사고,0,1,0,0,차대사람 - 기타,안전운전불이행,포장 - 건조,맑음,기타 - 기타,화물,남,59세,상해없음,보행자,여,63세,중상
21839,2020030900100406,2020년 3월 9일 18시,월요일,경기도 구리시 수택동,경상사고,0,0,1,0,차대사람 - 기타,안전운전불이행,포장 - 건조,맑음,교차로 - 교차로안,승용,남,55세,기타불명,보행자,여,65세,경상
21840,2020030900100439,2020년 3월 9일 19시,월요일,경기도 파주시 광탄면,중상사고,0,1,0,0,차대사람 - 기타,안전운전불이행,포장 - 건조,맑음,교차로 - 교차로부근,화물,남,39세,상해없음,보행자,남,50세,중상
21841,2020030900100473,2020년 3월 9일 21시,월요일,경기도 수원시 장안구 연무동,경상사고,0,0,1,0,차대사람 - 기타,안전운전불이행,포장 - 건조,맑음,단일로 - 기타,승용,남,48세,상해없음,보행자,남,59세,경상
21842,2020030900100476,2020년 3월 9일 21시,월요일,경기도 오산시 원동,경상사고,0,0,1,0,차대사람 - 횡단중,보행자보호의무위반,포장 - 젖음/습기,비,교차로 - 교차로횡단보도내,승합,남,43세,상해없음,보행자,여,32세,경상
21843,2020030900100477,2020년 3월 9일 21시,월요일,경기도 성남시 분당구 수내동,경상사고,0,0,1,0,차대사람 - 횡단중,보행자보호의무위반,포장 - 건조,맑음,교차로 - 교차로횡단보도내,화물,남,45세,상해없음,보행자,남,17세,경상
21844,2020030900100479,2020년 3월 9일 21시,월요일,경기도 부천시 고강동,중상사고,0,1,0,0,차대사람 - 기타,과속,포장 - 건조,맑음,교차로 - 교차로부근,승용,남,37세,기타불명,보행자,남,17세,중상
21845,2020030900100506,2020년 3월 9일 22시,월요일,경기도 평택시 신장동,부상신고사고,0,0,0,1,차대사람 - 횡단중,안전운전불이행,포장 - 건조,맑음,교차로 - 교차로부근,승용,남,26세,상해없음,보행자,남,47세,부상신고
21846,2020031000100029,2020년 3월 10일 01시,화요일,경기도 오산시 원동,경상사고,0,0,1,0,차대사람 - 횡단중,보행자보호의무위반,포장 - 젖음/습기,비,교차로 - 교차로부근,승용,남,58세,상해없음,보행자,남,23세,경상
21847,2020031000100057,2020년 3월 10일 04시,화요일,경기도 포천시 소흘읍,경상사고,0,0,1,0,차대사람 - 기타,안전운전불이행,포장 - 젖음/습기,비,단일로 - 기타,승용,남,59세,상해없음,보행자,여,52세,경상
21848,2020031000100090,2020년 3월 10일 07시,화요일,경기도 고양시 일산동구 장항동,경상사고,0,0,1,0,차대사람 - 보도통행중,신호위반,포장 - 건조,맑음,교차로 - 교차로안,승용,남,20세,상해없음,보행자,남,22세,경상
21849,2020031000100098,2020년 3월 10일 08시,화요일,경기도 군포시 대야미동,경상사고,0,0,1,0,차대사람 - 기타,안전운전불이행,포장 - 젖음/습기,비,단일로 - 기타,승합,남,70세,상해없음,보행자,남,22세,경상
21850,2020031000100115,2020년 3월 10일 08시,화요일,경기도 동두천시 송내동,경상사고,0,0,1,0,차대사람 - 횡단중,보행자보호의무위반,포장 - 젖음/습기,비,교차로 - 교차로횡단보도내,승용,남,49세,상해없음,보행자,남,38세,경상
21851,2020031000100145,2020년 3월 10일 10시,화요일,경기도 양평군 양서면,중상사고,0,1,0,0,차대사람 - 차도통행중,안전운전불이행,포장 - 젖음/습기,비,교차로 - 교차로부근,승용,여,57세,상해없음,보행자,여,80세,중상
21852,2020031000100185,2020년 3월 10일 12시,화요일,경기도 안산시 상록구 본오동,중상사고,0,1,0,0,차대사람 - 기타,안전운전불이행,포장 - 젖음/습기,맑음,단일로 - 기타,승용,남,51세,상해없음,보행자,여,24세,중상
21853,2020031000100239,2020년 3월 10일 14시,화요일,경기도 평택시 지제동,경상사고,0,0,1,0,차대사람 - 기타,안전운전불이행,포장 - 건조,맑음,단일로 - 기타,승합,남,51세,기타불명,보행자,여,24세,경상
21854,2020031000100283,2020년 3월 10일 16시,화요일,경기도 김포시 북변동,경상사고,0,0,1,0,차대사람 - 횡단중,안전운전불이행,포장 - 건조,맑음,단일로 - 기타,승합,남,56세,상해없음,보행자,남,78세,경상
21855,2020031000100285,2020년 3월 10일 16시,화요일,경기도 안산시 상록구 사동,중상사고,0,1,0,0,차대사람 - 기타,안전운전불이행,포장 - 건조,맑음,교차로 - 교차로부근,기타불명,기타불명,미분류,기타불명,보행자,여,77세,중상
21856,2020031000100336,2020년 3월 10일 18시,화요일,경기도 이천시 부발읍,경상사고,0,0,1,0,차대사람 - 횡단중,신호위반,포장 - 젖음/습기,비,교차로 - 교차로안,승용,남,30세,상해없음,보행자,남,30세,경상
21857,2020031000100338,2020년 3월 10일 18시,화요일,경기도 광주시 경안동,경상사고,0,0,1,0,차대사람 - 기타,안전운전불이행,포장 - 젖음/습기,비,교차로 - 교차로부근,승합,남,48세,상해없음,보행자,여,18세,경상
21858,2020031000100357,2020년 3월 10일 18시,화요일,경기도 구리시 인창동,경상사고,0,0,1,0,차대사람 - 횡단중,안전운전불이행,포장 - 젖음/습기,흐림,교차로 - 교차로안,이륜,남,37세,상해없음,보행자,남,53세,경상
21859,2020031000100371,2020년 3월 10일 19시,화요일,경기도 이천시 마장면,경상사고,0,0,1,0,차대사람 - 횡단중,신호위반,포장 - 젖음/습기,비,교차로 - 교차로안,승용,여,48세,상해없음,보행자,남,32세,경상
21860,2020031000100372,2020년 3월 10일 19시,화요일,경기도 이천시 대월면,경상사고,0,0,1,0,차대사람 - 기타,안전운전불이행,포장 - 건조,맑음,단일로 - 기타,승용,남,51세,상해없음,보행자,남,23세,경상
21861,2020031000100411,2020년 3월 10일 20시,화요일,경기도 화성시 석우동,중상사고,0,1,0,0,차대사람 - 횡단중,보행자보호의무위반,포장 - 건조,맑음,단일로 - 기타,승용,남,40세,상해없음,보행자,남,43세,중상
21862,2020031000100448,2020년 3월 10일 21시,화요일,경기도 의정부시 의정부동,부상신고사고,0,0,0,1,차대사람 - 횡단중,신호위반,포장 - 젖음/습기,비,단일로 - 기타,이륜,남,65세,부상신고,보행자,남,25세,상해없음
21863,2020031000100450,2020년 3월 10일 21시,화요일,경기도 남양주시 오남읍,중상사고,0,1,0,0,차대사람 - 기타,안전운전불이행,포장 - 젖음/습기,비,단일로 - 기타,이륜,남,22세,상해없음,보행자,여,60세,중상
21864,2020031000100468,2020년 3월 10일 22시,화요일,경기도 의정부시 의정부동,경상사고,0,0,1,0,차대사람 - 기타,안전운전불이행,포장 - 건조,맑음,단일로 - 기타,승용,남,65세,상해없음,보행자,남,59세,경상
21865,2020031100100003,2020년 3월 11일 00시,수요일,경기도 화성시 향남읍,경상사고,0,0,1,0,차대사람 - 기타,안전운전불이행,포장 - 건조,맑음,기타 - 기타,승용,남,31세,상해없음,보행자,남,26세,경상
21866,2020031100100014,2020년 3월 11일 00시,수요일,경기도 남양주시 일패동,중상사고,0,1,0,0,차대사람 - 횡단중,안전운전불이행,포장 - 건조,맑음,단일로 - 기타,승용,여,59세,상해없음,보행자,남,51세,중상
21867,2020031100100015,2020년 3월 11일 00시,수요일,경기도 구리시 수택동,경상사고,0,0,1,0,차대사람 - 기타,안전운전불이행,포장 - 건조,맑음,단일로 - 기타,승용,남,54세,상해없음,보행자,남,28세,경상
21868,2020031100100042,2020년 3월 11일 05시,수요일,경기도 성남시 수정구 복정동,중상사고,0,1,0,0,차대사람 - 차도통행중,안전운전불이행,포장 - 건조,맑음,교차로 - 교차로부근,승합,여,59세,상해없음,보행자,남,22세,중상
21869,2020031100100043,2020년 3월 11일 05시,수요일,경기도 오산시 오산동,중상사고,0,1,0,0,차대사람 - 횡단중,과속,포장 - 건조,맑음,교차로 - 교차로횡단보도내,승용,여,51세,상해없음,보행자,여,77세,중상
21870,2020031100100085,2020년 3월 11일 08시,수요일,경기도 안산시 단원구 선부동,경상사고,0,0,1,0,차대사람 - 기타,안전운전불이행,포장 - 건조,맑음,단일로 - 기타,기타불명,남,28세,기타불명,보행자,남,37세,경상
21871,2020031100100160,2020년 3월 11일 11시,수요일,경기도 부천시 송내동,경상사고,0,0,1,0,차대사람 - 길가장자리구역통행중,안전운전불이행,포장 - 건조,맑음,단일로 - 기타,화물,남,31세,상해없음,보행자,여,75세,경상
21872,2020031100100186,2020년 3월 11일 12시,수요일,경기도 성남시 분당구 분당동,사망사고,1,0,0,0,차대사람 - 횡단중,안전운전불이행,포장 - 건조,맑음,단일로 - 기타,승합,남,60세,상해없음,보행자,여,77세,사망
21873,2020031100100240,2020년 3월 11일 14시,수요일,경기도 김포시 사우동,중상사고,0,1,0,0,차대사람 - 횡단중,신호위반,포장 - 건조,맑음,교차로 - 교차로안,승용,남,35세,상해없음,보행자,여,58세,중상
21874,2020031100100266,2020년 3월 11일 14시,수요일,경기도 구리시 교문동,중상사고,0,1,0,0,차대사람 - 횡단중,보행자보호의무위반,포장 - 건조,맑음,교차로 - 교차로부근,승용,남,40세,상해없음,보행자,여,72세,중상
21875,2020031100100285,2020년 3월 11일 15시,수요일,경기도 안산시 상록구 사동,중상사고,0,1,0,0,차대사람 - 차도통행중,안전운전불이행,포장 - 건조,맑음,단일로 - 기타,승용,남,25세,상해없음,보행자,여,63세,중상
21876,2020031100100343,2020년 3월 11일 17시,수요일,경기도 오산시 오산동,부상신고사고,0,0,0,1,차대사람 - 기타,안전운전불이행,포장 - 건조,맑음,기타 - 기타,승용,남,51세,상해없음,보행자,남,51세,부상신고
21877,2020031100100346,2020년 3월 11일 17시,수요일,경기도 하남시 망월동,경상사고,0,0,1,0,차대사람 - 횡단중,신호위반,포장 - 건조,맑음,단일로 - 기타,자전거,남,38세,상해없음,보행자,여,68세,경상
21878,2020031100100390,2020년 3월 11일 18시,수요일,경기도 오산시 원동,중상사고,0,1,1,0,차대사람 - 기타,신호위반,포장 - 건조,맑음,교차로 - 교차로안,이륜,남,25세,경상,보행자,남,38세,중상
21879,2020031100100391,2020년 3월 11일 18시,수요일,경기도 부천시 춘의동,중상사고,0,1,1,0,차대사람 - 횡단중,안전운전불이행,포장 - 건조,맑음,단일로 - 기타,원동기,남,37세,중상,보행자,여,47세,경상
21880,2020031100100451,2020년 3월 11일 19시,수요일,경기도 고양시 일산서구 주엽동,중상사고,0,1,0,0,차대사람 - 기타,안전운전불이행,포장 - 건조,맑음,단일로 - 기타,승합,여,57세,상해없음,보행자,여,65세,중상
21881,2020031100100482,2020년 3월 11일 21시,수요일,경기도 부천시 중동,경상사고,0,0,1,0,차대사람 - 기타,불법유턴,포장 - 건조,맑음,교차로 - 교차로안,승용,남,24세,상해없음,보행자,남,32세,경상
21882,2020031100100505,2020년 3월 11일 22시,수요일,경기도 용인시 처인구 포곡읍,중상사고,0,1,0,0,차대사람 - 횡단중,보행자보호의무위반,포장 - 건조,맑음,단일로 - 기타,화물,남,55세,상해없음,보행자,남,42세,중상
21883,2020031100100507,2020년 3월 11일 22시,수요일,경기도 안산시 단원구 초지동,경상사고,0,0,1,0,차대사람 - 횡단중,안전운전불이행,포장 - 건조,맑음,단일로 - 기타,승용,남,27세,상해없음,보행자,남,57세,경상
21884,2020031100100523,2020년 3월 11일 23시,수요일,경기도 용인시 기흥구 구갈동,경상사고,0,0,1,0,차대사람 - 횡단중,안전운전불이행,포장 - 건조,기타,단일로 - 기타,승합,남,28세,기타불명,보행자,남,24세,경상
21885,2020031200100005,2020년 3월 12일 00시,목요일,경기도 부천시 고강동,중상사고,0,1,0,0,차대사람 - 기타,안전운전불이행,포장 - 건조,맑음,교차로 - 교차로부근,승용,남,66세,상해없음,보행자,여,23세,중상
21886,2020031200100052,2020년 3월 12일 06시,목요일,경기도 수원시 권선구 권선동,경상사고,0,0,1,0,차대사람 - 기타,안전운전불이행,포장 - 기타,기타,교차로 - 교차로부근,화물,남,52세,상해없음,보행자,남,56세,경상
21887,2020031200100070,2020년 3월 12일 07시,목요일,경기도 군포시 당동,경상사고,0,0,1,0,차대사람 - 기타,안전운전불이행,포장 - 건조,맑음,교차로 - 교차로부근,승용,남,60세,상해없음,보행자,남,82세,경상
21888,2020031200100155,2020년 3월 12일 10시,목요일,경기도 성남시 중원구 은행동,경상사고,0,0,1,0,차대사람 - 기타,안전운전불이행,포장 - 건조,맑음,기타 - 기타,승용,남,68세,상해없음,보행자,남,66세,경상
21889,2020031200100158,2020년 3월 12일 10시,목요일,경기도 부천시 원종동,경상사고,0,0,1,0,차대사람 - 횡단중,불법유턴,포장 - 건조,맑음,교차로 - 교차로안,화물,남,49세,상해없음,보행자,여,26세,경상
21890,2020031200100246,2020년 3월 12일 13시,목요일,경기도 김포시 풍무동,경상사고,0,0,1,0,차대사람 - 기타,안전운전불이행,포장 - 건조,맑음,단일로 - 기타,승용,남,54세,상해없음,보행자,여,28세,경상
21891,2020031200100251,2020년 3월 12일 13시,목요일,경기도 안산시 상록구 본오동,경상사고,0,0,1,0,차대사람 - 보도통행중,신호위반,포장 - 건조,맑음,교차로 - 교차로횡단보도내,이륜,남,33세,상해없음,보행자,여,20세,경상
21892,2020031200100303,2020년 3월 12일 15시,목요일,경기도 성남시 수정구 수진동,경상사고,0,0,1,0,차대사람 - 기타,안전운전불이행,포장 - 건조,맑음,교차로 - 교차로부근,승용,남,45세,상해없음,보행자,남,25세,경상
21893,2020031200100340,2020년 3월 12일 16시,목요일,경기도 과천시 별양동,중상사고,0,1,0,0,차대사람 - 기타,안전운전불이행,포장 - 건조,맑음,교차로 - 교차로안,승용,남,20세,상해없음,보행자,여,54세,중상
21894,2020031200100373,2020년 3월 12일 17시,목요일,경기도 성남시 분당구 구미동,중상사고,0,1,0,0,차대사람 - 기타,안전운전불이행,포장 - 건조,맑음,교차로 - 교차로안,승용,여,45세,상해없음,보행자,남,57세,중상
21895,2020031200100410,2020년 3월 12일 18시,목요일,경기도 용인시 기흥구 신갈동,중상사고,0,1,0,0,차대사람 - 차도통행중,안전운전불이행,포장 - 건조,맑음,단일로 - 기타,승용,남,51세,상해없음,보행자,여,64세,중상
21896,2020031200100437,2020년 3월 12일 18시,목요일,경기도 고양시 일산동구 장항동,부상신고사고,0,0,0,1,차대사람 - 기타,안전운전불이행,포장 - 건조,맑음,기타 - 기타,기타불명,기타불명,미분류,기타불명,보행자,남,71세,부상신고
21897,2020031200100479,2020년 3월 12일 20시,목요일,경기도 평택시 지산동,경상사고,0,0,1,0,차대사람 - 기타,안전운전불이행,포장 - 건조,맑음,단일로 - 기타,승용,남,28세,상해없음,보행자,여,81세,경상
21898,2020031200100483,2020년 3월 12일 20시,목요일,경기도 김포시 통진읍,중상사고,0,1,0,0,차대사람 - 기타,안전운전불이행,포장 - 건조,맑음,교차로 - 교차로안,승용,남,41세,상해없음,보행자,남,57세,중상
21899,2020031200100484,2020년 3월 12일 20시,목요일,경기도 광명시 광명동,경상사고,0,0,1,0,차대사람 - 길가장자리구역통행중,안전운전불이행,포장 - 건조,맑음,단일로 - 기타,승용,남,59세,상해없음,보행자,남,28세,경상
21900,2020031200100505,2020년 3월 12일 20시,목요일,경기도 남양주시 와부읍,경상사고,0,0,1,0,차대사람 - 차도통행중,안전운전불이행,포장 - 건조,맑음,교차로 - 교차로부근,승용,남,68세,상해없음,보행자,남,66세,경상
21901,2020031200100519,2020년 3월 12일 21시,목요일,경기도 화성시 향남읍,경상사고,0,0,1,0,차대사람 - 횡단중,안전운전불이행,포장 - 건조,맑음,교차로 - 교차로안,승용,여,48세,상해없음,보행자,남,53세,경상
21902,2020031200100520,2020년 3월 12일 21시,목요일,경기도 화성시 향남읍,경상사고,0,0,1,0,차대사람 - 기타,안전운전불이행,포장 - 건조,맑음,교차로 - 교차로횡단보도내,승용,남,34세,상해없음,보행자,남,45세,경상
21903,2020031200100542,2020년 3월 12일 22시,목요일,경기도 수원시 장안구 영화동,경상사고,0,0,1,0,차대사람 - 횡단중,신호위반,포장 - 건조,맑음,단일로 - 기타,승용,남,53세,상해없음,보행자,여,23세,경상
21904,2020031200100547,2020년 3월 12일 22시,목요일,경기도 시흥시 은행동,경상사고,0,0,1,0,차대사람 - 기타,기타,포장 - 건조,맑음,단일로 - 기타,승합,남,51세,상해없음,보행자,남,52세,경상
21905,2020031200100567,2020년 3월 12일 23시,목요일,경기도 수원시 팔달구 매산로1가,부상신고사고,0,0,0,1,차대사람 - 횡단중,안전운전불이행,포장 - 건조,맑음,단일로 - 기타,승합,남,51세,상해없음,보행자,남,58세,부상신고
21906,2020031200100576,2020년 3월 12일 23시,목요일,경기도 의정부시 의정부동,중상사고,0,1,0,0,차대사람 - 차도통행중,안전운전불이행,포장 - 건조,맑음,교차로 - 교차로부근,화물,남,39세,상해없음,보행자,여,65세,중상
21907,2020031300100003,2020년 3월 13일 00시,금요일,경기도 수원시 팔달구 화서동,경상사고,0,0,1,0,차대사람 - 기타,안전운전불이행,포장 - 건조,맑음,교차로 - 교차로안,승용,남,46세,상해없음,보행자,여,49세,경상
21908,2020031300100016,2020년 3월 13일 01시,금요일,경기도 김포시 운양동,중상사고,0,1,0,0,차대사람 - 횡단중,안전운전불이행,포장 - 건조,맑음,교차로 - 교차로부근,승용,남,50세,상해없음,보행자,남,29세,중상
21909,2020031300100017,2020년 3월 13일 01시,금요일,경기도 수원시 팔달구 인계동,경상사고,0,0,1,0,차대사람 - 횡단중,안전운전불이행,포장 - 건조,맑음,단일로 - 기타,승용,남,23세,상해없음,보행자,남,26세,경상
21910,2020031300100044,2020년 3월 13일 05시,금요일,경기도 포천시 소흘읍,사망사고,1,0,0,0,차대사람 - 횡단중,안전운전불이행,포장 - 젖음/습기,흐림,단일로 - 기타,화물,남,42세,상해없음,보행자,여,61세,사망
21911,2020031300100095,2020년 3월 13일 09시,금요일,경기도 시흥시 정왕동,중상사고,0,1,0,0,차대사람 - 보도통행중,기타,포장 - 건조,맑음,단일로 - 기타,원동기,남,37세,상해없음,보행자,남,29세,중상
21912,2020031300100150,2020년 3월 13일 11시,금요일,경기도 평택시 팽성읍,중상사고,0,1,1,0,차대사람 - 횡단중,보행자보호의무위반,포장 - 건조,맑음,교차로 - 교차로횡단보도내,이륜,남,62세,상해없음,보행자,여,68세,중상
21913,2020031300100152,2020년 3월 13일 11시,금요일,경기도 용인시 수지구 성복동,중상사고,0,1,0,0,차대사람 - 횡단중,신호위반,포장 - 건조,맑음,교차로 - 교차로안,승용,남,57세,상해없음,보행자,여,62세,중상
21914,2020031300100256,2020년 3월 13일 14시,금요일,경기도 남양주시 진건읍,중상사고,0,1,0,0,차대사람 - 횡단중,안전운전불이행,포장 - 건조,맑음,단일로 - 기타,승용,여,20세,상해없음,보행자,여,49세,중상
21915,2020031300100295,2020년 3월 13일 16시,금요일,경기도 수원시 권선구 권선동,경상사고,0,0,1,0,차대사람 - 기타,안전운전불이행,포장 - 건조,맑음,단일로 - 기타,승용,남,19세,상해없음,보행자,여,27세,경상
21916,2020031300100367,2020년 3월 13일 18시,금요일,경기도 안산시 단원구 원시동,중상사고,0,1,0,0,차대사람 - 기타,안전운전불이행,포장 - 건조,맑음,단일로 - 기타,자전거,남,51세,상해없음,보행자,남,51세,중상
21917,2020031300100426,2020년 3월 13일 19시,금요일,경기도 고양시 덕양구 관산동,경상사고,0,0,1,0,차대사람 - 기타,안전운전불이행,포장 - 건조,맑음,단일로 - 기타,승용,남,80세,상해없음,보행자,여,28세,경상
21918,2020031300100427,2020년 3월 13일 19시,금요일,경기도 남양주시 진접읍,중상사고,0,1,0,0,차대사람 - 횡단중,신호위반,포장 - 건조,맑음,교차로 - 교차로횡단보도내,이륜,남,19세,상해없음,보행자,여,49세,중상
21919,2020031300100464,2020년 3월 13일 21시,금요일,경기도 성남시 수정구 수진동,경상사고,0,0,1,0,차대사람 - 횡단중,보행자보호의무위반,포장 - 건조,맑음,단일로 - 기타,승용,남,64세,상해없음,보행자,남,26세,경상
21920,2020031300100467,2020년 3월 13일 21시,금요일,경기도 수원시 팔달구 인계동,경상사고,0,0,1,0,차대사람 - 차도통행중,안전운전불이행,포장 - 건조,맑음,교차로 - 교차로안,승용,남,46세,상해없음,보행자,여,57세,경상
21921,2020031300100484,2020년 3월 13일 21시,금요일,경기도 구리시 교문동,중상사고,0,1,0,0,차대사람 - 횡단중,안전운전불이행,포장 - 건조,맑음,교차로 - 교차로부근,승용,남,47세,상해없음,보행자,여,45세,중상
21922,2020031300100496,2020년 3월 13일 22시,금요일,경기도 안산시 상록구 사동,중상사고,0,2,0,0,차대사람 - 횡단중,신호위반,포장 - 건조,맑음,교차로 - 교차로횡단보도내,이륜,남,43세,중상,보행자,남,27세,중상
21923,2020031400100008,2020년 3월 14일 00시,토요일,경기도 부천시 심곡동,경상사고,0,0,1,0,차대사람 - 횡단중,보행자보호의무위반,포장 - 건조,맑음,단일로 - 기타,승용,남,54세,상해없음,보행자,남,25세,경상
21924,2020031400100009,2020년 3월 14일 00시,토요일,경기도 광명시 하안동,중상사고,0,1,0,0,차대사람 - 기타,안전운전불이행,포장 - 건조,맑음,주차장 - 주차장,승용,남,48세,상해없음,보행자,남,39세,중상
21925,2020031400100063,2020년 3월 14일 04시,토요일,경기도 이천시 창전동,경상사고,0,0,1,0,차대사람 - 횡단중,안전운전불이행,포장 - 건조,맑음,교차로 - 교차로안,승용,남,30세,상해없음,보행자,남,27세,경상
21926,2020031400100072,2020년 3월 14일 05시,토요일,경기도 용인시 처인구 모현읍,경상사고,0,0,1,0,차대사람 - 기타,안전운전불이행,포장 - 건조,맑음,기타 - 기타,화물,남,72세,상해없음,보행자,남,40세,경상
21927,2020031400100073,2020년 3월 14일 05시,토요일,경기도 성남시 중원구 성남동,중상사고,0,1,0,0,차대사람 - 횡단중,안전운전불이행,포장 - 건조,맑음,교차로 - 교차로부근,승용,남,73세,상해없음,보행자,여,71세,중상
21928,2020031400100129,2020년 3월 14일 09시,토요일,경기도 안양시 만안구 안양동,경상사고,0,0,1,0,차대사람 - 기타,안전운전불이행,포장 - 건조,맑음,단일로 - 기타,승용,남,40세,상해없음,보행자,여,61세,경상
21929,2020031400100140,2020년 3월 14일 09시,토요일,경기도 동두천시 보산동,중상사고,0,1,0,0,차대사람 - 길가장자리구역통행중,안전운전불이행,포장 - 건조,맑음,단일로 - 기타,승용,남,58세,상해없음,보행자,여,84세,중상
21930,2020031400100149,2020년 3월 14일 10시,토요일,경기도 광명시 철산동,경상사고,0,0,1,0,차대사람 - 기타,기타,포장 - 건조,맑음,단일로 - 기타,승합,남,70세,상해없음,보행자,여,48세,경상
21931,2020031400100151,2020년 3월 14일 10시,토요일,경기도 하남시 풍산동,경상사고,0,0,1,0,차대사람 - 기타,안전운전불이행,포장 - 건조,맑음,기타 - 기타,자전거,여,16세,상해없음,보행자,남,44세,경상
21932,2020031400100171,2020년 3월 14일 10시,토요일,경기도 고양시 일산서구 주엽동,부상신고사고,0,0,0,1,차대사람 - 보도통행중,안전운전불이행,포장 - 건조,맑음,기타 - 기타,승용,여,45세,상해없음,보행자,여,76세,부상신고