,사고번호,사고일시,요일,시군구,사고내용,사망자수,중상자수,경상자수,부상신고자수,사고유형,법규위반,노면상태,기상상태,도로형태,가해운전자 차종,가해운전자 성별,가해운전자 연령,가해운전자 상해정도,피해운전자 차종,피해운전자 성별,피해운전자 연령,피해운전자 상해정도
21933,2020031400100237,2020년 3월 14일 13시,토요일,경기도 수원시 영통구 원천동,중상사고,0,1,0,0,차대사람 - 보도통행중,안전운전불이행,포장 - 기타,기타,기타 - 기타,자전거,남,67세,상해없음,보행자,여,74세,중상
21934,2020031400100260,2020년 3월 14일 13시,토요일,경기도 남양주시 조안면,경상사고,0,0,1,0,차대사람 - 기타,안전운전불이행,포장 - 건조,맑음,기타 - 기타,자전거,남,49세,상해없음,보행자,여,57세,경상
21935,2020031400100307,2020년 3월 14일 15시,토요일,경기도 시흥시 정왕동,중상사고,0,1,0,0,차대사람 - 기타,안전운전불이행,포장 - 건조,맑음,단일로 - 기타,기타불명,남,44세,상해없음,보행자,남,3세,중상
21936,2020031400100341,2020년 3월 14일 16시,토요일,경기도 성남시 중원구 성남동,중상사고,0,1,0,0,차대사람 - 횡단중,보행자보호의무위반,포장 - 건조,맑음,단일로 - 기타,이륜,남,28세,상해없음,보행자,여,63세,중상
21937,2020031400100404,2020년 3월 14일 18시,토요일,경기도 안양시 동안구 관양동,경상사고,0,0,1,0,차대사람 - 기타,안전운전불이행,포장 - 건조,맑음,단일로 - 기타,화물,남,43세,상해없음,보행자,남,27세,경상
21938,2020031400100517,2020년 3월 14일 23시,토요일,경기도 안양시 만안구 안양동,중상사고,0,1,0,0,차대사람 - 기타,안전운전불이행,포장 - 건조,맑음,교차로 - 교차로안,승용,남,64세,상해없음,보행자,남,66세,중상
21939,2020031500100030,2020년 3월 15일 02시,일요일,경기도 평택시 합정동,경상사고,0,0,1,0,차대사람 - 기타,안전운전불이행,포장 - 건조,맑음,기타 - 기타,승용,남,19세,상해없음,보행자,남,23세,경상
21940,2020031500100193,2020년 3월 15일 15시,일요일,경기도 파주시 광탄면,경상사고,0,0,1,0,차대사람 - 기타,안전운전불이행,포장 - 건조,맑음,기타 - 기타,승용,남,56세,상해없음,보행자,남,17세,경상
21941,2020031500100269,2020년 3월 15일 19시,일요일,경기도 수원시 권선구 권선동,부상신고사고,0,0,0,1,차대사람 - 기타,보행자보호의무위반,포장 - 건조,맑음,단일로 - 기타,기타불명,기타불명,미분류,기타불명,보행자,남,42세,부상신고
21942,2020031500100298,2020년 3월 15일 20시,일요일,경기도 양평군 용문면,경상사고,0,0,1,0,차대사람 - 기타,안전운전불이행,포장 - 건조,맑음,교차로 - 교차로부근,승용,남,48세,상해없음,보행자,남,59세,경상
21943,2020031600100052,2020년 3월 16일 07시,월요일,경기도 군포시 금정동,경상사고,0,0,1,0,차대사람 - 기타,안전운전불이행,포장 - 건조,맑음,단일로 - 기타,승용,남,60세,상해없음,보행자,남,67세,경상
21944,2020031600100074,2020년 3월 16일 07시,월요일,경기도 구리시 수택동,중상사고,0,1,0,0,차대사람 - 횡단중,안전운전불이행,포장 - 건조,맑음,단일로 - 기타,기타불명,기타불명,미분류,기타불명,보행자,여,70세,중상
21945,2020031600100194,2020년 3월 16일 11시,월요일,경기도 안산시 단원구 고잔동,경상사고,0,0,1,0,차대사람 - 기타,안전운전불이행,포장 - 건조,맑음,교차로 - 교차로안,승용,남,21세,기타불명,보행자,남,32세,경상
21946,2020031600100267,2020년 3월 16일 14시,월요일,경기도 수원시 장안구 연무동,경상사고,0,0,1,0,차대사람 - 기타,안전운전불이행,포장 - 건조,맑음,교차로 - 교차로안,승용,남,52세,상해없음,보행자,남,81세,경상
21947,2020031600100328,2020년 3월 16일 16시,월요일,경기도 안성시 아양동,부상신고사고,0,0,0,1,차대사람 - 기타,안전운전불이행,포장 - 건조,맑음,교차로 - 교차로부근,기타불명,기타불명,미분류,기타불명,보행자,여,54세,부상신고
21948,2020031600100362,2020년 3월 16일 17시,월요일,경기도 오산시 수청동,경상사고,0,0,1,0,차대사람 - 기타,안전운전불이행,포장 - 건조,맑음,단일로 - 기타,승용,남,27세,상해없음,보행자,남,5세,경상
21949,2020031600100439,2020년 3월 16일 19시,월요일,경기도 평택시 평택동,경상사고,0,0,1,0,차대사람 - 차도통행중,안전운전불이행,포장 - 건조,맑음,단일로 - 기타,승용,남,40세,상해없음,보행자,여,64세,경상
21950,2020031600100441,2020년 3월 16일 19시,월요일,경기도 광주시 초월읍,경상사고,0,0,1,0,차대사람 - 횡단중,보행자보호의무위반,포장 - 건조,맑음,교차로 - 교차로안,화물,남,58세,상해없음,보행자,남,38세,경상
21951,2020031600100446,2020년 3월 16일 19시,월요일,경기도 화성시 봉담읍,사망사고,1,0,0,0,차대사람 - 횡단중,안전운전불이행,포장 - 건조,맑음,교차로 - 교차로횡단보도내,승용,남,52세,상해없음,보행자,여,60세,사망
21952,2020031600100481,2020년 3월 16일 20시,월요일,경기도 용인시 처인구 포곡읍,부상신고사고,0,0,0,1,차대사람 - 횡단중,안전운전불이행,포장 - 건조,맑음,교차로 - 교차로부근,기타불명,기타불명,미분류,기타불명,보행자,남,57세,부상신고
21953,2020031600100538,2020년 3월 16일 23시,월요일,경기도 부천시 심곡동,부상신고사고,0,0,0,1,차대사람 - 기타,불법유턴,포장 - 건조,맑음,단일로 - 기타,승용,여,27세,상해없음,보행자,남,35세,부상신고
21954,2020031700100019,2020년 3월 17일 01시,화요일,경기도 의정부시 의정부동,부상신고사고,0,0,0,1,차대사람 - 기타,안전운전불이행,포장 - 건조,맑음,단일로 - 기타,승용,남,40세,상해없음,보행자,남,39세,부상신고
21955,2020031700100020,2020년 3월 17일 02시,화요일,경기도 용인시 처인구 유방동,사망사고,1,0,0,0,차대사람 - 차도통행중,안전운전불이행,포장 - 건조,맑음,교차로 - 교차로안,화물,남,57세,상해없음,보행자,남,53세,사망
21956,2020031700100101,2020년 3월 17일 09시,화요일,경기도 평택시 통복동,중상사고,0,1,0,0,차대사람 - 기타,기타,포장 - 건조,맑음,기타 - 기타,승합,남,44세,상해없음,보행자,남,83세,중상
21957,2020031700100102,2020년 3월 17일 09시,화요일,경기도 이천시 창전동,경상사고,0,0,1,0,차대사람 - 횡단중,안전운전불이행,포장 - 건조,맑음,교차로 - 교차로부근,승합,남,60세,상해없음,보행자,여,84세,경상
21958,2020031700100167,2020년 3월 17일 12시,화요일,경기도 수원시 팔달구 팔달로1가,중상사고,0,1,0,0,차대사람 - 기타,안전운전불이행,포장 - 건조,맑음,단일로 - 기타,승용,여,55세,상해없음,보행자,여,72세,중상
21959,2020031700100208,2020년 3월 17일 14시,화요일,경기도 안산시 상록구 건건동,경상사고,0,0,1,0,차대사람 - 기타,안전운전불이행,포장 - 건조,맑음,교차로 - 교차로부근,승용,남,69세,상해없음,보행자,남,72세,경상
21960,2020031700100234,2020년 3월 17일 14시,화요일,경기도 고양시 덕양구 고양동,사망사고,1,0,0,0,차대사람 - 횡단중,안전운전불이행,포장 - 건조,맑음,교차로 - 교차로부근,승합,남,61세,상해없음,보행자,남,56세,사망
21961,2020031700100250,2020년 3월 17일 15시,화요일,경기도 성남시 분당구 야탑동,경상사고,0,0,1,0,차대사람 - 횡단중,보행자보호의무위반,포장 - 건조,맑음,교차로 - 교차로횡단보도내,승용,남,66세,기타불명,보행자,남,62세,경상
21962,2020031700100304,2020년 3월 17일 17시,화요일,경기도 광주시 초월읍,경상사고,0,0,1,0,차대사람 - 기타,안전운전불이행,포장 - 건조,맑음,교차로 - 교차로부근,승용,남,28세,상해없음,보행자,여,20세,경상
21963,2020031700100357,2020년 3월 17일 18시,화요일,경기도 의정부시 가능동,경상사고,0,0,1,0,차대사람 - 기타,안전운전불이행,포장 - 건조,맑음,교차로 - 교차로안,승용,남,26세,상해없음,보행자,남,55세,경상
21964,2020031700100372,2020년 3월 17일 19시,화요일,경기도 오산시 궐동,경상사고,0,0,1,0,차대사람 - 기타,안전운전불이행,포장 - 건조,맑음,교차로 - 교차로부근,승용,남,38세,상해없음,보행자,여,70세,경상
21965,2020031700100373,2020년 3월 17일 19시,화요일,경기도 시흥시 정왕동,경상사고,0,0,1,0,차대사람 - 기타,보행자보호의무위반,포장 - 건조,맑음,교차로 - 교차로안,특수,남,55세,상해없음,보행자,남,24세,경상
21966,2020031700100396,2020년 3월 17일 19시,화요일,경기도 고양시 덕양구 화정동,사망사고,1,0,0,0,차대사람 - 기타,안전운전불이행,포장 - 건조,맑음,단일로 - 기타,승용,남,65세,상해없음,보행자,여,68세,사망
21967,2020031700100406,2020년 3월 17일 20시,화요일,경기도 김포시 장기동,경상사고,0,0,1,0,차대사람 - 횡단중,신호위반,포장 - 건조,맑음,단일로 - 기타,이륜,남,30세,상해없음,보행자,남,23세,경상
21968,2020031700100410,2020년 3월 17일 20시,화요일,경기도 용인시 수지구 동천동,경상사고,0,0,1,0,차대사람 - 차도통행중,안전운전불이행,포장 - 건조,맑음,단일로 - 기타,승용,여,46세,상해없음,보행자,남,31세,경상
21969,2020031700100441,2020년 3월 17일 21시,화요일,경기도 의정부시 의정부동,경상사고,0,0,1,0,차대사람 - 기타,안전운전불이행,포장 - 건조,맑음,단일로 - 기타,승용,남,47세,상해없음,보행자,남,60세,경상
21970,2020031800100003,2020년 3월 18일 00시,수요일,경기도 오산시 궐동,중상사고,0,1,0,0,차대사람 - 기타,신호위반,포장 - 건조,맑음,교차로 - 교차로안,승용,남,28세,상해없음,보행자,남,33세,중상
21971,2020031800100114,2020년 3월 18일 09시,수요일,경기도 광주시 오포읍,사망사고,1,0,0,0,차대사람 - 횡단중,보행자보호의무위반,포장 - 건조,맑음,교차로 - 교차로횡단보도내,건설기계,남,59세,상해없음,보행자,여,79세,사망
21972,2020031800100123,2020년 3월 18일 09시,수요일,경기도 의정부시 금오동,중상사고,0,1,0,0,차대사람 - 기타,기타,포장 - 건조,맑음,단일로 - 기타,승합,남,48세,상해없음,보행자,남,56세,중상
21973,2020031800100135,2020년 3월 18일 10시,수요일,경기도 안양시 만안구 안양동,경상사고,0,0,1,0,차대사람 - 횡단중,보행자보호의무위반,포장 - 건조,맑음,교차로 - 교차로횡단보도내,화물,남,54세,상해없음,보행자,남,56세,경상
21974,2020031800100157,2020년 3월 18일 11시,수요일,경기도 수원시 팔달구 중동,중상사고,0,1,0,0,차대사람 - 기타,안전운전불이행,포장 - 건조,맑음,교차로 - 교차로안,승용,남,35세,상해없음,보행자,남,63세,중상
21975,2020031800100240,2020년 3월 18일 14시,수요일,경기도 수원시 권선구 세류동,경상사고,0,0,1,0,차대사람 - 횡단중,보행자보호의무위반,포장 - 건조,맑음,교차로 - 교차로안,화물,남,49세,상해없음,보행자,여,65세,경상
21976,2020031800100275,2020년 3월 18일 15시,수요일,경기도 오산시 원동,중상사고,0,1,0,0,차대사람 - 기타,기타,포장 - 건조,맑음,기타 - 기타,원동기,여,73세,상해없음,보행자,여,53세,중상
21977,2020031800100343,2020년 3월 18일 17시,수요일,경기도 수원시 권선구 세류동,경상사고,0,0,1,0,차대사람 - 길가장자리구역통행중,안전운전불이행,포장 - 건조,맑음,교차로 - 교차로부근,화물,남,62세,상해없음,보행자,여,78세,경상
21978,2020031800100347,2020년 3월 18일 17시,수요일,경기도 안산시 상록구 월피동,중상사고,0,1,0,0,차대사람 - 횡단중,신호위반,포장 - 건조,맑음,교차로 - 교차로안,이륜,남,32세,상해없음,보행자,여,54세,중상
21979,2020031800100349,2020년 3월 18일 17시,수요일,경기도 화성시 우정읍,중상사고,0,1,0,0,차대사람 - 보도통행중,안전운전불이행,포장 - 건조,맑음,단일로 - 기타,이륜,남,39세,상해없음,보행자,남,72세,중상
21980,2020031800100369,2020년 3월 18일 17시,수요일,경기도 남양주시 와부읍,경상사고,0,0,1,0,차대사람 - 기타,안전운전불이행,포장 - 건조,맑음,단일로 - 기타,승용,남,45세,상해없음,보행자,남,77세,경상
21981,2020031800100382,2020년 3월 18일 18시,수요일,경기도 용인시 처인구 백암면,중상사고,0,1,0,0,차대사람 - 횡단중,보행자보호의무위반,포장 - 건조,맑음,교차로 - 교차로안,승용,남,72세,상해없음,보행자,남,80세,중상
21982,2020031800100447,2020년 3월 18일 20시,수요일,경기도 시흥시 거모동,경상사고,0,0,1,0,차대사람 - 차도통행중,안전운전불이행,포장 - 건조,맑음,교차로 - 교차로부근,이륜,남,18세,상해없음,보행자,남,54세,경상
21983,2020031800100463,2020년 3월 18일 21시,수요일,경기도 수원시 장안구 정자동,경상사고,0,0,1,0,차대사람 - 횡단중,안전운전불이행,포장 - 건조,맑음,교차로 - 교차로안,승용,남,36세,상해없음,보행자,남,53세,경상
21984,2020031900100007,2020년 3월 19일 00시,목요일,경기도 부천시 원미동,경상사고,0,0,1,0,차대사람 - 횡단중,안전운전불이행,포장 - 건조,맑음,기타 - 기타,이륜,남,50세,상해없음,보행자,남,52세,경상
21985,2020031900100015,2020년 3월 19일 01시,목요일,경기도 안산시 단원구 고잔동,중상사고,0,1,0,0,차대사람 - 기타,보행자보호의무위반,포장 - 건조,맑음,교차로 - 교차로안,승용,여,35세,상해없음,보행자,남,36세,중상
21986,2020031900100029,2020년 3월 19일 05시,목요일,경기도 부천시 심곡동,경상사고,0,0,1,0,차대사람 - 기타,안전운전불이행,포장 - 건조,맑음,교차로 - 교차로안,승용,남,42세,상해없음,보행자,여,27세,경상
21987,2020031900100050,2020년 3월 19일 07시,목요일,경기도 평택시 지산동,중상사고,0,1,0,0,차대사람 - 횡단중,신호위반,포장 - 건조,맑음,교차로 - 교차로횡단보도내,승용,남,38세,상해없음,보행자,남,76세,중상
21988,2020031900100095,2020년 3월 19일 09시,목요일,경기도 수원시 권선구 권선동,중상사고,0,1,0,0,차대사람 - 횡단중,안전운전불이행,포장 - 건조,맑음,단일로 - 기타,승용,남,68세,상해없음,보행자,여,40세,중상
21989,2020031900100130,2020년 3월 19일 11시,목요일,경기도 용인시 처인구 모현읍,경상사고,0,0,1,0,차대사람 - 횡단중,안전운전불이행,포장 - 건조,맑음,단일로 - 기타,승용,남,52세,상해없음,보행자,여,10세,경상
21990,2020031900100147,2020년 3월 19일 11시,목요일,경기도 파주시 파주읍,중상사고,0,1,0,0,차대사람 - 횡단중,안전운전불이행,포장 - 건조,맑음,단일로 - 기타,승용,남,55세,상해없음,보행자,여,88세,중상
21991,2020031900100159,2020년 3월 19일 12시,목요일,경기도 부천시 중동,경상사고,0,0,1,0,차대사람 - 횡단중,보행자보호의무위반,포장 - 건조,맑음,기타 - 기타,자전거,남,66세,기타불명,보행자,여,49세,경상
21992,2020031900100160,2020년 3월 19일 12시,목요일,경기도 용인시 수지구 죽전동,중상사고,0,1,0,0,차대사람 - 기타,안전운전불이행,포장 - 건조,맑음,단일로 - 기타,승용,남,69세,상해없음,보행자,남,52세,중상
21993,2020031900100170,2020년 3월 19일 12시,목요일,경기도 남양주시 와부읍,경상사고,0,0,1,0,차대사람 - 길가장자리구역통행중,안전운전불이행,비포장 - 건조,맑음,단일로 - 기타,화물,여,42세,상해없음,보행자,남,68세,경상
21994,2020031900100171,2020년 3월 19일 12시,목요일,경기도 파주시 문산읍,경상사고,0,0,1,0,차대사람 - 기타,안전운전불이행,포장 - 건조,맑음,단일로 - 기타,승용,여,54세,상해없음,보행자,남,78세,경상
21995,2020031900100234,2020년 3월 19일 15시,목요일,경기도 부천시 원종동,부상신고사고,0,0,0,1,차대사람 - 차도통행중,안전운전불이행,포장 - 건조,맑음,단일로 - 기타,승용,여,51세,상해없음,보행자,남,75세,부상신고
21996,2020031900100298,2020년 3월 19일 17시,목요일,경기도 화성시 봉담읍,중상사고,0,1,0,0,차대사람 - 횡단중,보행자보호의무위반,포장 - 건조,맑음,교차로 - 교차로횡단보도내,승용,남,48세,상해없음,보행자,여,47세,중상
21997,2020031900100334,2020년 3월 19일 18시,목요일,경기도 성남시 중원구 하대원동,경상사고,0,0,1,0,차대사람 - 기타,기타,포장 - 건조,맑음,기타 - 기타,승합,남,66세,상해없음,보행자,여,54세,경상
21998,2020031900100339,2020년 3월 19일 18시,목요일,경기도 안양시 만안구 석수동,경상사고,0,0,1,0,차대사람 - 보도통행중,기타,포장 - 기타,맑음,단일로 - 기타,자전거,여,54세,상해없음,보행자,여,21세,경상
21999,2020031900100400,2020년 3월 19일 20시,목요일,경기도 오산시 오산동,중상사고,0,1,0,0,차대사람 - 횡단중,교차로운행방법위반,포장 - 건조,맑음,단일로 - 기타,승합,남,51세,상해없음,보행자,여,78세,중상
22000,2020031900100401,2020년 3월 19일 20시,목요일,경기도 부천시 상동,경상사고,0,0,1,0,차대사람 - 횡단중,안전운전불이행,포장 - 건조,맑음,단일로 - 기타,승용,남,42세,상해없음,보행자,여,42세,경상
22001,2020031900100416,2020년 3월 19일 20시,목요일,경기도 남양주시 퇴계원면,중상사고,0,1,0,0,차대사람 - 횡단중,신호위반,포장 - 건조,맑음,교차로 - 교차로횡단보도내,이륜,남,19세,상해없음,보행자,여,47세,중상
22002,2020031900100422,2020년 3월 19일 21시,목요일,경기도 이천시 마장면,사망사고,1,0,0,0,차대사람 - 횡단중,과속,포장 - 건조,맑음,교차로 - 교차로안,승용,남,30세,상해없음,보행자,남,19세,사망
22003,2020032000100025,2020년 3월 20일 01시,금요일,경기도 화성시 진안동,경상사고,0,0,1,0,차대사람 - 보도통행중,기타,포장 - 건조,맑음,기타 - 기타,개인형이동수단(PM),남,35세,상해없음,보행자,남,41세,경상
22004,2020032000100074,2020년 3월 20일 07시,금요일,경기도 이천시 창전동,중상사고,0,1,0,0,차대사람 - 횡단중,안전운전불이행,포장 - 건조,맑음,단일로 - 기타,승용,남,42세,상해없음,보행자,남,22세,중상
22005,2020032000100075,2020년 3월 20일 07시,금요일,경기도 부천시 상동,중상사고,0,1,0,0,차대사람 - 횡단중,안전운전불이행,포장 - 건조,맑음,단일로 - 기타,승용,남,51세,상해없음,보행자,여,52세,중상
22006,2020032000100101,2020년 3월 20일 08시,금요일,경기도 부천시 송내동,중상사고,0,1,0,0,차대사람 - 횡단중,보행자보호의무위반,포장 - 건조,맑음,교차로 - 교차로안,승용,여,54세,상해없음,보행자,남,46세,중상
22007,2020032000100133,2020년 3월 20일 09시,금요일,경기도 시흥시 대야동,경상사고,0,0,1,0,차대사람 - 기타,교차로운행방법위반,포장 - 건조,맑음,교차로 - 교차로안,건설기계,남,65세,상해없음,보행자,여,83세,경상
22008,2020032000100249,2020년 3월 20일 13시,금요일,경기도 수원시 팔달구 우만동,중상사고,0,1,0,0,차대사람 - 기타,안전운전불이행,포장 - 건조,맑음,교차로 - 교차로부근,화물,남,52세,상해없음,보행자,남,69세,중상
22009,2020032000100267,2020년 3월 20일 13시,금요일,경기도 고양시 덕양구 동산동,중상사고,0,1,0,0,차대사람 - 횡단중,안전운전불이행,포장 - 건조,맑음,교차로 - 교차로횡단보도내,승용,남,77세,상해없음,보행자,남,89세,중상
22010,2020032000100356,2020년 3월 20일 16시,금요일,경기도 하남시 감북동,경상사고,0,0,1,0,차대사람 - 기타,안전거리미확보,포장 - 건조,맑음,단일로 - 기타,건설기계,남,53세,상해없음,보행자,남,48세,경상
22011,2020032000100360,2020년 3월 20일 16시,금요일,경기도 안양시 동안구 관양동,중상사고,0,1,1,0,차대사람 - 기타,안전운전불이행,포장 - 건조,맑음,단일로 - 기타,승용,여,67세,상해없음,보행자,남,50세,중상
22012,2020032000100362,2020년 3월 20일 16시,금요일,경기도 광주시 곤지암읍,경상사고,0,0,1,0,차대사람 - 기타,안전운전불이행,포장 - 건조,맑음,기타 - 기타,승용,여,39세,상해없음,보행자,여,21세,경상
22013,2020032000100392,2020년 3월 20일 16시,금요일,경기도 의정부시 가능동,경상사고,0,0,1,0,차대사람 - 기타,안전운전불이행,포장 - 건조,맑음,단일로 - 기타,승용,남,58세,상해없음,보행자,남,28세,경상
22014,2020032000100435,2020년 3월 20일 17시,금요일,경기도 고양시 일산동구 백석동,중상사고,0,1,0,0,차대사람 - 기타,안전운전불이행,포장 - 건조,맑음,단일로 - 기타,승합,남,48세,상해없음,보행자,여,17세,중상
22015,2020032000100436,2020년 3월 20일 17시,금요일,경기도 연천군 연천읍,경상사고,0,0,1,0,차대사람 - 기타,안전운전불이행,포장 - 건조,맑음,단일로 - 기타,승용,남,65세,상해없음,보행자,남,29세,경상
22016,2020032000100449,2020년 3월 20일 18시,금요일,경기도 성남시 중원구 중앙동,부상신고사고,0,0,0,1,차대사람 - 횡단중,보행자보호의무위반,포장 - 건조,맑음,단일로 - 기타,승용,남,34세,상해없음,보행자,남,62세,부상신고
22017,2020032000100473,2020년 3월 20일 18시,금요일,경기도 고양시 덕양구 고양동,중상사고,0,1,0,0,차대사람 - 횡단중,신호위반,포장 - 건조,맑음,단일로 - 기타,이륜,남,24세,상해없음,보행자,여,81세,중상
22018,2020032000100474,2020년 3월 20일 18시,금요일,경기도 구리시 인창동,경상사고,0,0,1,0,차대사람 - 횡단중,보행자보호의무위반,포장 - 건조,맑음,교차로 - 교차로부근,승용,남,39세,상해없음,보행자,여,16세,경상
22019,2020032000100486,2020년 3월 20일 19시,금요일,경기도 김포시 북변동,부상신고사고,0,0,0,1,차대사람 - 기타,안전운전불이행,포장 - 기타,맑음,단일로 - 기타,승용,여,27세,상해없음,보행자,남,63세,부상신고
22020,2020032000100511,2020년 3월 20일 19시,금요일,경기도 구리시 수택동,경상사고,0,0,1,0,차대사람 - 차도통행중,안전운전불이행,포장 - 건조,맑음,단일로 - 기타,승용,남,48세,상해없음,보행자,여,22세,경상
22021,2020032000100512,2020년 3월 20일 19시,금요일,경기도 고양시 일산서구 일산동,경상사고,0,0,1,0,차대사람 - 기타,안전운전불이행,포장 - 건조,맑음,교차로 - 교차로안,승용,남,41세,상해없음,보행자,남,85세,경상
22022,2020032000100523,2020년 3월 20일 20시,금요일,경기도 수원시 팔달구 인계동,경상사고,0,0,1,0,차대사람 - 횡단중,안전운전불이행,포장 - 건조,맑음,단일로 - 기타,승용,남,62세,상해없음,보행자,여,20세,경상
22023,2020032000100540,2020년 3월 20일 20시,금요일,경기도 남양주시 와부읍,경상사고,0,0,1,0,차대사람 - 기타,안전운전불이행,포장 - 건조,맑음,교차로 - 교차로부근,승용,남,63세,상해없음,보행자,남,62세,경상
22024,2020032000100584,2020년 3월 20일 22시,금요일,경기도 양주시 덕계동,경상사고,0,0,2,0,차대사람 - 기타,기타,포장 - 건조,맑음,단일로 - 기타,승용,남,60세,상해없음,보행자,여,22세,경상
22025,2020032100100037,2020년 3월 21일 02시,토요일,경기도 화성시 남양읍,경상사고,0,0,1,0,차대사람 - 기타,안전운전불이행,포장 - 건조,맑음,기타 - 기타,승용,남,47세,상해없음,보행자,여,28세,경상
22026,2020032100100046,2020년 3월 21일 03시,토요일,경기도 안산시 단원구 선부동,경상사고,0,0,1,0,차대사람 - 기타,안전운전불이행,포장 - 건조,맑음,교차로 - 교차로안,승용,남,42세,상해없음,보행자,남,27세,경상
22027,2020032100100068,2020년 3월 21일 05시,토요일,경기도 고양시 덕양구 성사동,경상사고,0,0,1,0,차대사람 - 기타,안전운전불이행,포장 - 건조,맑음,교차로 - 교차로안,승용,남,67세,상해없음,보행자,남,47세,경상
22028,2020032100100077,2020년 3월 21일 06시,토요일,경기도 김포시 북변동,중상사고,0,1,0,0,차대사람 - 횡단중,보행자보호의무위반,포장 - 건조,맑음,교차로 - 교차로안,승용,여,43세,상해없음,보행자,남,18세,중상
22029,2020032100100090,2020년 3월 21일 07시,토요일,경기도 성남시 수정구 단대동,중상사고,0,1,0,0,차대사람 - 기타,안전운전불이행,포장 - 건조,맑음,단일로 - 기타,승합,남,42세,상해없음,보행자,남,45세,중상
22030,2020032100100138,2020년 3월 21일 10시,토요일,경기도 용인시 기흥구 중동,경상사고,0,0,1,0,차대사람 - 횡단중,안전운전불이행,포장 - 건조,맑음,단일로 - 기타,승용,남,44세,기타불명,보행자,여,25세,경상
22031,2020032100100139,2020년 3월 21일 10시,토요일,경기도 김포시 통진읍,경상사고,0,0,1,0,차대사람 - 기타,기타,포장 - 건조,맑음,단일로 - 기타,승합,남,58세,상해없음,보행자,남,61세,경상
22032,2020032100100140,2020년 3월 21일 10시,토요일,경기도 수원시 팔달구 고등동,경상사고,0,0,1,0,차대사람 - 차도통행중,안전운전불이행,포장 - 건조,맑음,단일로 - 기타,승용,남,53세,상해없음,보행자,남,78세,경상
22033,2020032100100175,2020년 3월 21일 11시,토요일,경기도 수원시 장안구 정자동,경상사고,0,0,1,0,차대사람 - 기타,안전운전불이행,포장 - 건조,맑음,교차로 - 교차로안,승용,남,65세,상해없음,보행자,남,57세,경상
22034,2020032100100182,2020년 3월 21일 11시,토요일,경기도 시흥시 월곶동,중상사고,0,1,0,0,차대사람 - 차도통행중,안전운전불이행,포장 - 건조,맑음,교차로 - 교차로안,승용,남,66세,상해없음,보행자,여,54세,중상
22035,2020032100100204,2020년 3월 21일 12시,토요일,경기도 수원시 장안구 정자동,경상사고,0,0,1,0,차대사람 - 길가장자리구역통행중,안전운전불이행,포장 - 건조,맑음,교차로 - 교차로부근,승용,여,45세,상해없음,보행자,여,75세,경상
22036,2020032100100213,2020년 3월 21일 12시,토요일,경기도 부천시 원종동,경상사고,0,0,1,0,차대사람 - 기타,안전운전불이행,포장 - 건조,맑음,교차로 - 교차로안,승용,남,61세,상해없음,보행자,남,66세,경상
22037,2020032100100237,2020년 3월 21일 13시,토요일,경기도 수원시 팔달구 화서동,중상사고,0,1,0,0,차대사람 - 횡단중,안전운전불이행,포장 - 건조,맑음,교차로 - 교차로부근,승용,여,51세,상해없음,보행자,여,66세,중상
22038,2020032100100238,2020년 3월 21일 13시,토요일,경기도 안산시 단원구 와동,중상사고,0,1,0,0,차대사람 - 횡단중,보행자보호의무위반,포장 - 건조,맑음,교차로 - 교차로부근,승용,남,39세,상해없음,보행자,여,56세,중상
22039,2020032100100242,2020년 3월 21일 13시,토요일,경기도 하남시 풍산동,경상사고,0,0,1,0,차대사람 - 기타,안전운전불이행,포장 - 건조,맑음,단일로 - 기타,자전거,남,16세,상해없음,보행자,남,35세,경상
22040,2020032100100284,2020년 3월 21일 14시,토요일,경기도 안산시 단원구 선부동,경상사고,0,0,1,0,차대사람 - 기타,안전운전불이행,포장 - 건조,맑음,단일로 - 기타,화물,남,42세,상해없음,보행자,여,59세,경상
22041,2020032100100319,2020년 3월 21일 15시,토요일,경기도 광명시 광명동,경상사고,0,0,1,0,차대사람 - 기타,안전운전불이행,포장 - 건조,맑음,단일로 - 기타,승용,남,24세,상해없음,보행자,남,44세,경상
22042,2020032100100320,2020년 3월 21일 15시,토요일,경기도 안산시 단원구 고잔동,경상사고,0,0,1,0,차대사람 - 보도통행중,기타,포장 - 건조,맑음,단일로 - 기타,이륜,남,49세,상해없음,보행자,남,7세,경상
22043,2020032100100348,2020년 3월 21일 16시,토요일,경기도 평택시 도일동,부상신고사고,0,0,0,1,차대사람 - 기타,안전운전불이행,포장 - 건조,맑음,단일로 - 기타,승용,여,64세,상해없음,보행자,남,50세,부상신고
22044,2020032100100383,2020년 3월 21일 17시,토요일,경기도 평택시 안중읍,경상사고,0,0,1,0,차대사람 - 기타,안전운전불이행,포장 - 건조,맑음,단일로 - 기타,승용,여,41세,기타불명,보행자,여,58세,경상
22045,2020032100100435,2020년 3월 21일 18시,토요일,경기도 의정부시 의정부동,경상사고,0,0,1,0,차대사람 - 길가장자리구역통행중,불법유턴,포장 - 젖음/습기,비,단일로 - 기타,승용,남,37세,상해없음,보행자,여,30세,경상