,사고번호,사고일시,요일,시군구,사고내용,사망자수,중상자수,경상자수,부상신고자수,사고유형,법규위반,노면상태,기상상태,도로형태,가해운전자 차종,가해운전자 성별,가해운전자 연령,가해운전자 상해정도,피해운전자 차종,피해운전자 성별,피해운전자 연령,피해운전자 상해정도
22159,2020032700100305,2020년 3월 27일 15시,금요일,경기도 남양주시 진접읍,부상신고사고,0,0,0,1,차대사람 - 길가장자리구역통행중,안전운전불이행,포장 - 건조,맑음,단일로 - 기타,승합,남,68세,상해없음,보행자,여,49세,부상신고
22160,2020032700100325,2020년 3월 27일 16시,금요일,경기도 용인시 기흥구 언남동,중상사고,0,1,0,0,차대사람 - 기타,안전운전불이행,포장 - 건조,맑음,기타 - 기타,승용,남,72세,상해없음,보행자,여,84세,중상
22161,2020032700100341,2020년 3월 27일 16시,금요일,경기도 동두천시 상패동,경상사고,0,0,1,0,차대사람 - 횡단중,안전운전불이행,포장 - 건조,맑음,교차로 - 교차로횡단보도내,화물,남,51세,상해없음,보행자,남,65세,경상
22162,2020032700100387,2020년 3월 27일 17시,금요일,경기도 의정부시 의정부동,부상신고사고,0,0,0,1,차대사람 - 차도통행중,안전운전불이행,포장 - 건조,맑음,단일로 - 기타,승합,여,41세,상해없음,보행자,남,52세,부상신고
22163,2020032700100437,2020년 3월 27일 18시,금요일,경기도 고양시 덕양구 행신동,부상신고사고,0,0,0,1,차대사람 - 길가장자리구역통행중,안전운전불이행,포장 - 건조,맑음,단일로 - 기타,승용,여,42세,상해없음,보행자,남,24세,부상신고
22164,2020032700100440,2020년 3월 27일 18시,금요일,경기도 포천시 소흘읍,중상사고,0,1,0,0,차대사람 - 횡단중,기타,포장 - 건조,맑음,단일로 - 기타,승용,여,46세,상해없음,보행자,남,11세,중상
22165,2020032700100441,2020년 3월 27일 18시,금요일,경기도 포천시 소흘읍,중상사고,0,1,0,0,차대사람 - 횡단중,과속,포장 - 건조,맑음,단일로 - 기타,이륜,남,39세,상해없음,보행자,남,26세,중상
22166,2020032700100456,2020년 3월 27일 19시,금요일,경기도 성남시 중원구 성남동,경상사고,0,0,1,0,차대사람 - 기타,안전운전불이행,포장 - 건조,맑음,미분류 - 미분류,승용,남,50세,상해없음,보행자,남,47세,경상
22167,2020032700100513,2020년 3월 27일 20시,금요일,경기도 가평군 청평면,경상사고,0,0,1,0,차대사람 - 횡단중,안전운전불이행,포장 - 건조,맑음,단일로 - 기타,승용,여,52세,상해없음,보행자,남,55세,경상
22168,2020032700100558,2020년 3월 27일 22시,금요일,경기도 평택시 서정동,경상사고,0,0,1,0,차대사람 - 횡단중,기타,포장 - 건조,맑음,단일로 - 기타,승용,남,28세,상해없음,보행자,남,45세,경상
22169,2020032700100560,2020년 3월 27일 22시,금요일,경기도 여주시 창동,경상사고,0,0,1,0,차대사람 - 기타,안전운전불이행,포장 - 건조,맑음,교차로 - 교차로안,승용,남,64세,상해없음,보행자,여,57세,경상
22170,2020032700100561,2020년 3월 27일 22시,금요일,경기도 광명시 광명동,경상사고,0,0,1,0,차대사람 - 횡단중,안전운전불이행,포장 - 건조,맑음,단일로 - 기타,승용,남,45세,상해없음,보행자,남,53세,경상
22171,2020032700100583,2020년 3월 27일 23시,금요일,경기도 용인시 기흥구 동백동,경상사고,0,0,1,0,차대사람 - 횡단중,보행자보호의무위반,포장 - 건조,맑음,교차로 - 교차로안,화물,남,57세,상해없음,보행자,남,41세,경상
22172,2020032800100092,2020년 3월 28일 08시,토요일,경기도 평택시 오성면,사망사고,1,0,0,0,차대사람 - 기타,안전운전불이행,포장 - 건조,흐림,단일로 - 기타,건설기계,남,44세,상해없음,보행자,남,47세,사망
22173,2020032800100216,2020년 3월 28일 12시,토요일,경기도 연천군 전곡읍,중상사고,0,1,0,0,차대사람 - 횡단중,보행자보호의무위반,포장 - 건조,맑음,교차로 - 교차로횡단보도내,승용,여,68세,상해없음,보행자,여,53세,중상
22174,2020032800100246,2020년 3월 28일 13시,토요일,경기도 의정부시 용현동,경상사고,0,0,1,0,차대사람 - 기타,안전운전불이행,포장 - 건조,맑음,기타 - 기타,화물,남,59세,상해없음,보행자,남,52세,경상
22175,2020032800100287,2020년 3월 28일 15시,토요일,경기도 평택시 합정동,경상사고,0,0,1,0,차대사람 - 횡단중,보행자보호의무위반,포장 - 건조,맑음,교차로 - 교차로횡단보도내,화물,여,56세,상해없음,보행자,남,71세,경상
22176,2020032800100291,2020년 3월 28일 15시,토요일,경기도 부천시 심곡동,경상사고,0,0,1,0,차대사람 - 길가장자리구역통행중,안전운전불이행,포장 - 건조,맑음,단일로 - 기타,승용,남,38세,상해없음,보행자,남,63세,경상
22177,2020032800100306,2020년 3월 28일 16시,토요일,경기도 수원시 장안구 율전동,중상사고,0,1,0,0,차대사람 - 횡단중,안전운전불이행,포장 - 건조,맑음,단일로 - 기타,이륜,남,16세,상해없음,보행자,여,48세,중상
22178,2020032800100335,2020년 3월 28일 17시,토요일,경기도 평택시 독곡동,경상사고,0,0,1,0,차대사람 - 차도통행중,안전운전불이행,포장 - 건조,맑음,단일로 - 기타,승용,남,23세,상해없음,보행자,여,9세,경상
22179,2020032800100337,2020년 3월 28일 17시,토요일,경기도 안산시 단원구 고잔동,중상사고,0,1,0,0,차대사람 - 기타,안전운전불이행,포장 - 건조,맑음,교차로 - 교차로부근,승용,남,55세,상해없음,보행자,여,55세,중상
22180,2020032800100338,2020년 3월 28일 17시,토요일,경기도 군포시 대야미동,경상사고,0,0,1,0,차대사람 - 횡단중,불법유턴,포장 - 건조,맑음,단일로 - 기타,승용,남,52세,상해없음,보행자,남,29세,경상
22181,2020032800100340,2020년 3월 28일 17시,토요일,경기도 시흥시 정왕동,경상사고,0,0,1,0,차대사람 - 보도통행중,기타,포장 - 건조,맑음,기타 - 기타,승용,남,59세,상해없음,보행자,여,37세,경상
22182,2020032800100433,2020년 3월 28일 20시,토요일,경기도 의왕시 삼동,중상사고,0,1,0,0,차대사람 - 기타,안전운전불이행,포장 - 건조,맑음,단일로 - 기타,승합,남,49세,상해없음,보행자,남,58세,중상
22183,2020032800100480,2020년 3월 28일 21시,토요일,경기도 남양주시 평내동,중상사고,0,1,0,0,차대사람 - 횡단중,안전운전불이행,포장 - 건조,맑음,단일로 - 기타,승용,남,20세,상해없음,보행자,여,65세,중상
22184,2020032800100482,2020년 3월 28일 21시,토요일,경기도 구리시 수택동,경상사고,0,0,1,0,차대사람 - 기타,안전운전불이행,포장 - 건조,맑음,교차로 - 교차로부근,승용,남,26세,상해없음,보행자,남,41세,경상
22185,2020032800100487,2020년 3월 28일 22시,토요일,경기도 부천시 심곡동,경상사고,0,0,1,0,차대사람 - 기타,기타,포장 - 건조,맑음,단일로 - 기타,승합,남,54세,상해없음,보행자,남,44세,경상
22186,2020032900100028,2020년 3월 29일 01시,일요일,경기도 성남시 중원구 성남동,경상사고,0,0,2,0,차대사람 - 기타,안전운전불이행,포장 - 건조,맑음,단일로 - 기타,승용,남,21세,상해없음,보행자,남,21세,경상
22187,2020032900100054,2020년 3월 29일 04시,일요일,경기도 용인시 처인구 남동,중상사고,0,1,0,0,차대사람 - 기타,안전운전불이행,포장 - 건조,맑음,단일로 - 기타,승용,남,59세,상해없음,보행자,남,37세,중상
22188,2020032900100214,2020년 3월 29일 15시,일요일,경기도 성남시 분당구 정자동,중상사고,0,1,1,0,차대사람 - 기타,안전운전불이행,포장 - 건조,맑음,단일로 - 기타,자전거,남,64세,중상,보행자,남,22세,경상
22189,2020032900100235,2020년 3월 29일 16시,일요일,경기도 광명시 광명동,중상사고,0,1,0,0,차대사람 - 기타,안전운전불이행,포장 - 건조,맑음,단일로 - 기타,자전거,남,18세,상해없음,보행자,여,76세,중상
22190,2020032900100263,2020년 3월 29일 17시,일요일,경기도 부천시 심곡동,경상사고,0,0,1,0,차대사람 - 횡단중,안전운전불이행,포장 - 건조,맑음,교차로 - 교차로횡단보도내,이륜,남,19세,상해없음,보행자,여,59세,경상
22191,2020032900100357,2020년 3월 29일 21시,일요일,경기도 고양시 일산동구 백석동,경상사고,0,0,1,0,차대사람 - 횡단중,보행자보호의무위반,포장 - 건조,맑음,교차로 - 교차로안,승용,여,58세,상해없음,보행자,여,20세,경상
22192,2020032900100390,2020년 3월 29일 23시,일요일,경기도 고양시 일산서구 일산동,경상사고,0,0,1,0,차대사람 - 기타,안전운전불이행,포장 - 건조,맑음,단일로 - 기타,승용,남,58세,상해없음,보행자,여,22세,경상
22193,2020033000100067,2020년 3월 30일 07시,월요일,경기도 의정부시 의정부동,경상사고,0,0,1,1,차대사람 - 기타,안전운전불이행,포장 - 건조,맑음,교차로 - 교차로부근,자전거,여,66세,부상신고,보행자,여,25세,경상
22194,2020033000100081,2020년 3월 30일 08시,월요일,경기도 수원시 권선구 세류동,중상사고,0,1,0,0,차대사람 - 기타,보행자보호의무위반,포장 - 건조,맑음,교차로 - 교차로부근,건설기계,남,59세,상해없음,보행자,여,19세,중상
22195,2020033000100137,2020년 3월 30일 10시,월요일,경기도 수원시 장안구 정자동,중상사고,0,1,0,0,차대사람 - 기타,안전운전불이행,포장 - 건조,맑음,교차로 - 교차로안,승용,여,50세,상해없음,보행자,여,81세,중상
22196,2020033000100139,2020년 3월 30일 10시,월요일,경기도 평택시 신장동,중상사고,0,1,0,0,차대사람 - 횡단중,보행자보호의무위반,포장 - 건조,맑음,교차로 - 교차로횡단보도내,승합,남,35세,상해없음,보행자,남,87세,중상
22197,2020033000100141,2020년 3월 30일 10시,월요일,경기도 여주시 점봉동,사망사고,1,0,0,0,차대사람 - 기타,안전운전불이행,포장 - 건조,맑음,단일로 - 기타,승용,여,53세,상해없음,보행자,남,65세,사망
22198,2020033000100200,2020년 3월 30일 12시,월요일,경기도 부천시 상동,경상사고,0,0,1,0,차대사람 - 횡단중,안전운전불이행,포장 - 건조,맑음,단일로 - 기타,승용,남,25세,기타불명,보행자,여,25세,경상
22199,2020033000100227,2020년 3월 30일 13시,월요일,경기도 수원시 장안구 송죽동,중상사고,0,1,0,0,차대사람 - 횡단중,안전운전불이행,포장 - 건조,맑음,단일로 - 기타,승용,여,48세,상해없음,보행자,남,16세,중상
22200,2020033000100228,2020년 3월 30일 13시,월요일,경기도 김포시 고촌읍,경상사고,0,0,1,0,차대사람 - 차도통행중,안전운전불이행,포장 - 건조,맑음,단일로 - 기타,승용,남,49세,상해없음,보행자,여,78세,경상
22201,2020033000100229,2020년 3월 30일 13시,월요일,경기도 성남시 분당구 수내동,중상사고,0,1,0,0,차대사람 - 횡단중,보행자보호의무위반,포장 - 건조,맑음,교차로 - 교차로횡단보도내,승용,여,42세,상해없음,보행자,남,58세,중상
22202,2020033000100304,2020년 3월 30일 15시,월요일,경기도 수원시 장안구 하광교동,경상사고,0,0,1,0,차대사람 - 보도통행중,기타,포장 - 건조,맑음,단일로 - 기타,자전거,남,67세,상해없음,보행자,남,71세,경상
22203,2020033000100332,2020년 3월 30일 16시,월요일,경기도 성남시 중원구 성남동,경상사고,0,0,1,0,차대사람 - 횡단중,안전운전불이행,포장 - 건조,맑음,교차로 - 교차로안,승용,여,47세,상해없음,보행자,여,29세,경상
22204,2020033000100368,2020년 3월 30일 17시,월요일,경기도 여주시 금사면,경상사고,0,0,1,0,차대사람 - 기타,안전운전불이행,포장 - 건조,맑음,단일로 - 기타,화물,남,63세,상해없음,보행자,남,25세,경상
22205,2020033000100370,2020년 3월 30일 17시,월요일,경기도 부천시 도당동,중상사고,0,1,0,0,차대사람 - 기타,안전운전불이행,포장 - 건조,맑음,기타 - 기타,원동기,남,37세,상해없음,보행자,남,35세,중상
22206,2020033000100401,2020년 3월 30일 18시,월요일,경기도 양평군 양서면,경상사고,0,0,1,0,차대사람 - 횡단중,보행자보호의무위반,포장 - 건조,맑음,교차로 - 교차로안,승용,여,67세,상해없음,보행자,여,80세,경상
22207,2020033000100436,2020년 3월 30일 19시,월요일,경기도 수원시 장안구 율전동,경상사고,0,0,1,0,차대사람 - 기타,안전운전불이행,포장 - 건조,맑음,단일로 - 기타,승용,남,30세,상해없음,보행자,남,25세,경상
22208,2020033000100466,2020년 3월 30일 19시,월요일,경기도 파주시 문산읍,경상사고,0,0,1,0,차대사람 - 횡단중,신호위반,포장 - 건조,맑음,교차로 - 교차로안,이륜,남,26세,상해없음,보행자,남,57세,경상
22209,2020033000100484,2020년 3월 30일 20시,월요일,경기도 화성시 영천동,중상사고,0,1,0,1,차대사람 - 기타,기타,포장 - 건조,맑음,단일로 - 기타,이륜,남,37세,부상신고,보행자,남,48세,중상
22210,2020033000100513,2020년 3월 30일 21시,월요일,경기도 고양시 덕양구 고양동,중상사고,0,1,0,0,차대사람 - 횡단중,안전운전불이행,포장 - 건조,맑음,단일로 - 기타,승합,남,63세,상해없음,보행자,남,39세,중상
22211,2020033000100514,2020년 3월 30일 21시,월요일,경기도 고양시 일산서구 일산동,중상사고,0,1,0,0,차대사람 - 횡단중,보행자보호의무위반,포장 - 건조,맑음,단일로 - 기타,승용,남,48세,상해없음,보행자,여,46세,중상
22212,2020033000100519,2020년 3월 30일 22시,월요일,경기도 평택시 지산동,중상사고,0,1,0,0,차대사람 - 횡단중,안전운전불이행,포장 - 건조,맑음,기타 - 기타,이륜,남,33세,상해없음,보행자,남,32세,중상
22213,2020033000100520,2020년 3월 30일 22시,월요일,경기도 성남시 중원구 성남동,경상사고,0,0,1,0,차대사람 - 길가장자리구역통행중,안전운전불이행,포장 - 건조,맑음,단일로 - 기타,승용,남,58세,상해없음,보행자,여,51세,경상
22214,2020033000100521,2020년 3월 30일 22시,월요일,경기도 화성시 남양읍,사망사고,1,0,0,0,차대사람 - 횡단중,과속,포장 - 건조,맑음,단일로 - 기타,승용,남,40세,상해없음,보행자,남,53세,사망
22215,2020033100100045,2020년 3월 31일 06시,화요일,경기도 용인시 처인구 역북동,경상사고,0,0,1,0,차대사람 - 횡단중,보행자보호의무위반,포장 - 건조,맑음,단일로 - 기타,승용,남,34세,상해없음,보행자,여,31세,경상
22216,2020033100100059,2020년 3월 31일 07시,화요일,경기도 성남시 분당구 판교동,중상사고,0,1,0,0,차대사람 - 횡단중,안전운전불이행,포장 - 건조,맑음,교차로 - 교차로횡단보도내,승합,남,59세,상해없음,보행자,여,53세,중상
22217,2020033100100109,2020년 3월 31일 09시,화요일,경기도 화성시 새솔동,중상사고,0,1,0,0,차대사람 - 기타,안전운전불이행,포장 - 건조,맑음,단일로 - 기타,승합,남,48세,상해없음,보행자,여,68세,중상
22218,2020033100100201,2020년 3월 31일 12시,화요일,경기도 안성시 인지동,경상사고,0,0,1,0,차대사람 - 횡단중,안전운전불이행,포장 - 건조,맑음,교차로 - 교차로안,화물,남,49세,상해없음,보행자,여,67세,경상
22219,2020033100100253,2020년 3월 31일 13시,화요일,경기도 의정부시 낙양동,경상사고,0,0,1,0,차대사람 - 기타,안전운전불이행,포장 - 건조,맑음,교차로 - 교차로안,농기계,남,79세,상해없음,보행자,여,32세,경상
22220,2020033100100268,2020년 3월 31일 14시,화요일,경기도 시흥시 신천동,경상사고,0,0,1,0,차대사람 - 차도통행중,안전운전불이행,포장 - 건조,맑음,교차로 - 교차로안,승용,남,62세,상해없음,보행자,여,58세,경상
22221,2020033100100293,2020년 3월 31일 15시,화요일,경기도 부천시 심곡동,경상사고,0,0,1,0,차대사람 - 횡단중,안전운전불이행,포장 - 건조,맑음,단일로 - 기타,이륜,남,75세,기타불명,보행자,여,35세,경상
22222,2020033100100378,2020년 3월 31일 17시,화요일,경기도 의왕시 학의동,경상사고,0,0,1,0,차대사람 - 기타,안전운전불이행,포장 - 건조,맑음,기타 - 기타,승용,남,54세,상해없음,보행자,여,53세,경상
22223,2020033100100400,2020년 3월 31일 17시,화요일,경기도 양주시 덕계동,부상신고사고,0,0,0,1,차대사람 - 길가장자리구역통행중,안전운전불이행,포장 - 건조,맑음,단일로 - 기타,승용,남,61세,상해없음,보행자,여,7세,부상신고
22224,2020033100100410,2020년 3월 31일 18시,화요일,경기도 하남시 덕풍동,경상사고,0,0,1,0,차대사람 - 기타,안전운전불이행,포장 - 건조,맑음,단일로 - 기타,자전거,남,28세,상해없음,보행자,여,54세,경상
22225,2020033100100539,2020년 3월 31일 23시,화요일,경기도 파주시 와동,중상사고,0,1,0,0,차대사람 - 기타,기타,포장 - 건조,맑음,단일로 - 기타,승합,남,48세,상해없음,보행자,남,72세,중상
22226,2020040100100033,2020년 4월 1일 03시,수요일,경기도 안산시 단원구 선부동,경상사고,0,0,1,0,차대사람 - 기타,안전운전불이행,포장 - 건조,맑음,기타 - 기타,화물,남,52세,상해없음,보행자,남,53세,경상
22227,2020040100100049,2020년 4월 1일 05시,수요일,경기도 구리시 인창동,중상사고,0,1,0,0,차대사람 - 기타,안전운전불이행,포장 - 건조,맑음,기타 - 기타,건설기계,남,31세,상해없음,보행자,남,65세,중상
22228,2020040100100067,2020년 4월 1일 07시,수요일,경기도 성남시 중원구 갈현동,경상사고,0,0,1,0,차대사람 - 기타,기타,포장 - 건조,맑음,단일로 - 기타,승합,남,44세,상해없음,보행자,여,57세,경상
22229,2020040100100084,2020년 4월 1일 08시,수요일,경기도 안산시 단원구 목내동,중상사고,0,1,0,0,차대사람 - 횡단중,안전운전불이행,포장 - 건조,맑음,단일로 - 기타,승용,남,26세,상해없음,보행자,남,28세,중상
22230,2020040100100088,2020년 4월 1일 08시,수요일,경기도 용인시 기흥구 보정동,경상사고,0,0,1,0,차대사람 - 기타,안전운전불이행,포장 - 건조,맑음,기타 - 기타,승합,남,61세,상해없음,보행자,남,44세,경상
22231,2020040100100129,2020년 4월 1일 10시,수요일,경기도 안양시 만안구 안양동,중상사고,0,1,0,0,차대사람 - 기타,안전운전불이행,포장 - 건조,맑음,기타 - 기타,화물,남,66세,상해없음,보행자,여,78세,중상
22232,2020040100100157,2020년 4월 1일 11시,수요일,경기도 김포시 사우동,경상사고,0,0,1,0,차대사람 - 기타,안전운전불이행,포장 - 건조,맑음,교차로 - 교차로부근,승용,남,46세,상해없음,보행자,남,40세,경상
22233,2020040100100190,2020년 4월 1일 12시,수요일,경기도 안산시 단원구 고잔동,경상사고,0,0,1,0,차대사람 - 기타,안전운전불이행,포장 - 건조,맑음,단일로 - 기타,승용,여,37세,상해없음,보행자,남,32세,경상
22234,2020040100100271,2020년 4월 1일 14시,수요일,경기도 남양주시 평내동,경상사고,0,0,1,0,차대사람 - 기타,안전운전불이행,포장 - 건조,맑음,단일로 - 기타,자전거,남,35세,상해없음,보행자,여,69세,경상
22235,2020040100100305,2020년 4월 1일 16시,수요일,경기도 수원시 팔달구 팔달로1가,경상사고,0,0,1,0,차대사람 - 횡단중,안전운전불이행,포장 - 건조,맑음,단일로 - 기타,승용,남,48세,상해없음,보행자,남,62세,경상
22236,2020040100100315,2020년 4월 1일 16시,수요일,경기도 용인시 기흥구 마북동,경상사고,0,0,1,0,차대사람 - 기타,안전운전불이행,포장 - 건조,맑음,단일로 - 기타,승합,남,45세,상해없음,보행자,여,67세,경상
22237,2020040100100365,2020년 4월 1일 17시,수요일,경기도 고양시 덕양구 행신동,중상사고,0,1,0,0,차대사람 - 횡단중,안전운전불이행,포장 - 건조,맑음,교차로 - 교차로안,승용,남,23세,상해없음,보행자,남,63세,중상
22238,2020040100100375,2020년 4월 1일 18시,수요일,경기도 안양시 동안구 관양동,중상사고,0,1,0,0,차대사람 - 횡단중,안전운전불이행,포장 - 건조,맑음,단일로 - 기타,이륜,남,56세,상해없음,보행자,남,28세,중상
22239,2020040100100377,2020년 4월 1일 18시,수요일,경기도 용인시 처인구 고림동,경상사고,0,0,1,0,차대사람 - 횡단중,안전운전불이행,포장 - 건조,맑음,단일로 - 기타,승용,남,43세,상해없음,보행자,남,4세,경상
22240,2020040100100415,2020년 4월 1일 19시,수요일,경기도 안양시 동안구 평촌동,경상사고,0,0,1,0,차대사람 - 차도통행중,안전운전불이행,포장 - 건조,맑음,단일로 - 기타,승용,남,75세,상해없음,보행자,남,33세,경상
22241,2020040100100421,2020년 4월 1일 19시,수요일,경기도 수원시 권선구 고색동,중상사고,0,1,0,0,차대사람 - 횡단중,안전운전불이행,포장 - 건조,맑음,교차로 - 교차로부근,승용,여,57세,상해없음,보행자,남,66세,중상
22242,2020040100100424,2020년 4월 1일 19시,수요일,경기도 용인시 수지구 동천동,중상사고,0,1,0,0,차대사람 - 보도통행중,안전운전불이행,포장 - 건조,맑음,교차로 - 교차로부근,승용,여,32세,상해없음,보행자,여,26세,중상
22243,2020040100100425,2020년 4월 1일 19시,수요일,경기도 화성시 반송동,중상사고,0,1,0,0,차대사람 - 횡단중,보행자보호의무위반,포장 - 건조,맑음,단일로 - 기타,승용,남,29세,상해없음,보행자,여,78세,중상
22244,2020040100100446,2020년 4월 1일 19시,수요일,경기도 고양시 덕양구 원흥동,경상사고,0,0,1,0,차대사람 - 차도통행중,안전운전불이행,포장 - 건조,맑음,교차로 - 교차로안,승용,남,58세,상해없음,보행자,남,24세,경상
22245,2020040100100472,2020년 4월 1일 20시,수요일,경기도 남양주시 화도읍,경상사고,0,0,1,0,차대사람 - 기타,안전운전불이행,포장 - 건조,맑음,단일로 - 기타,승용,남,32세,상해없음,보행자,남,60세,경상
22246,2020040100100508,2020년 4월 1일 22시,수요일,경기도 수원시 권선구 권선동,경상사고,0,0,1,0,차대사람 - 길가장자리구역통행중,안전운전불이행,포장 - 건조,맑음,기타 - 기타,승용,여,46세,상해없음,보행자,남,46세,경상
22247,2020040100100509,2020년 4월 1일 22시,수요일,경기도 수원시 권선구 권선동,부상신고사고,0,0,0,1,차대사람 - 보도통행중,보행자보호의무위반,포장 - 건조,맑음,기타 - 기타,기타불명,기타불명,미분류,기타불명,보행자,남,21세,부상신고
22248,2020040200100005,2020년 4월 2일 00시,목요일,경기도 평택시 서정동,경상사고,0,0,1,0,차대사람 - 차도통행중,기타,포장 - 건조,맑음,교차로 - 교차로안,승용,남,56세,상해없음,보행자,남,37세,경상
22249,2020040200100047,2020년 4월 2일 05시,목요일,경기도 안산시 단원구 와동,중상사고,0,1,0,0,차대사람 - 기타,교차로운행방법위반,포장 - 건조,맑음,교차로 - 교차로안,승용,남,43세,상해없음,보행자,여,54세,중상
22250,2020040200100068,2020년 4월 2일 07시,목요일,경기도 시흥시 정왕동,경상사고,0,0,1,0,차대사람 - 기타,교차로운행방법위반,포장 - 건조,맑음,교차로 - 교차로부근,특수,남,63세,상해없음,보행자,여,63세,경상
22251,2020040200100070,2020년 4월 2일 07시,목요일,경기도 안산시 상록구 일동,경상사고,0,0,1,0,차대사람 - 차도통행중,안전운전불이행,포장 - 건조,맑음,단일로 - 기타,승용,남,52세,상해없음,보행자,여,24세,경상
22252,2020040200100097,2020년 4월 2일 08시,목요일,경기도 수원시 팔달구 우만동,경상사고,0,0,1,0,차대사람 - 기타,안전운전불이행,포장 - 건조,맑음,교차로 - 교차로안,승용,여,51세,상해없음,보행자,여,24세,경상
22253,2020040200100099,2020년 4월 2일 08시,목요일,경기도 안산시 상록구 수암동,중상사고,0,1,0,0,차대사람 - 횡단중,안전운전불이행,포장 - 건조,맑음,단일로 - 기타,승용,여,33세,상해없음,보행자,여,76세,중상
22254,2020040200100125,2020년 4월 2일 09시,목요일,경기도 이천시 증포동,경상사고,0,0,1,0,차대사람 - 기타,불법유턴,비포장 - 건조,맑음,기타 - 기타,건설기계,남,52세,상해없음,보행자,남,41세,경상
22255,2020040200100126,2020년 4월 2일 09시,목요일,경기도 용인시 처인구 마평동,경상사고,0,0,1,0,차대사람 - 횡단중,보행자보호의무위반,포장 - 건조,맑음,교차로 - 교차로안,승용,여,60세,상해없음,보행자,여,16세,경상
22256,2020040200100128,2020년 4월 2일 09시,목요일,경기도 수원시 영통구 매탄동,중상사고,0,1,0,0,차대사람 - 기타,안전운전불이행,포장 - 건조,맑음,단일로 - 기타,화물,남,70세,상해없음,보행자,여,80세,중상
22257,2020040200100149,2020년 4월 2일 10시,목요일,경기도 수원시 팔달구 화서동,중상사고,0,1,0,0,차대사람 - 횡단중,보행자보호의무위반,포장 - 건조,맑음,교차로 - 교차로안,승용,남,48세,상해없음,보행자,여,50세,중상
22258,2020040200100154,2020년 4월 2일 10시,목요일,경기도 군포시 산본동,경상사고,0,0,1,0,차대사람 - 기타,안전운전불이행,포장 - 건조,맑음,단일로 - 기타,승용,남,67세,상해없음,보행자,여,38세,경상
22259,2020040200100181,2020년 4월 2일 11시,목요일,경기도 양평군 양평읍,부상신고사고,0,0,0,1,차대사람 - 기타,안전운전불이행,포장 - 건조,맑음,단일로 - 기타,승용,남,60세,상해없음,보행자,여,88세,부상신고
22260,2020040200100182,2020년 4월 2일 11시,목요일,경기도 오산시 오산동,경상사고,0,0,1,0,차대사람 - 횡단중,안전운전불이행,포장 - 건조,맑음,단일로 - 기타,승합,여,57세,상해없음,보행자,여,85세,경상
22261,2020040200100216,2020년 4월 2일 12시,목요일,경기도 여주시 연양동,중상사고,0,1,0,0,차대사람 - 기타,안전운전불이행,포장 - 건조,맑음,단일로 - 기타,자전거,남,17세,상해없음,보행자,남,73세,중상
22262,2020040200100264,2020년 4월 2일 13시,목요일,경기도 의정부시 의정부동,경상사고,0,0,1,0,차대사람 - 길가장자리구역통행중,안전운전불이행,포장 - 건조,맑음,단일로 - 기타,승용,남,76세,상해없음,보행자,여,24세,경상
22263,2020040200100279,2020년 4월 2일 14시,목요일,경기도 평택시 서정동,중상사고,0,1,0,0,차대사람 - 기타,안전운전불이행,포장 - 건조,맑음,단일로 - 기타,승용,남,70세,상해없음,보행자,남,61세,중상
22264,2020040200100313,2020년 4월 2일 14시,목요일,경기도 의정부시 장암동,중상사고,0,1,0,0,차대사람 - 기타,안전운전불이행,포장 - 건조,맑음,단일로 - 기타,자전거,남,16세,상해없음,보행자,여,57세,중상
22265,2020040200100316,2020년 4월 2일 14시,목요일,경기도 고양시 일산서구 대화동,경상사고,0,0,1,0,차대사람 - 기타,기타,포장 - 건조,맑음,교차로 - 교차로안,승합,남,63세,상해없음,보행자,여,54세,경상
22266,2020040200100345,2020년 4월 2일 15시,목요일,경기도 고양시 일산서구 일산동,중상사고,0,2,0,0,차대사람 - 횡단중,신호위반,포장 - 건조,맑음,단일로 - 기타,이륜,남,39세,중상,보행자,여,56세,중상
22267,2020040200100375,2020년 4월 2일 16시,목요일,경기도 남양주시 금곡동,경상사고,0,0,1,0,차대사람 - 차도통행중,안전운전불이행,포장 - 건조,맑음,단일로 - 기타,승용,남,81세,상해없음,보행자,여,7세,경상
22268,2020040200100471,2020년 4월 2일 19시,목요일,경기도 평택시 지산동,경상사고,0,0,1,0,차대사람 - 기타,안전운전불이행,포장 - 건조,맑음,단일로 - 기타,승용,남,25세,상해없음,보행자,여,48세,경상
22269,2020040200100499,2020년 4월 2일 19시,목요일,경기도 동두천시 지행동,중상사고,0,1,0,0,차대사람 - 차도통행중,안전운전불이행,포장 - 건조,맑음,단일로 - 기타,승용,남,51세,상해없음,보행자,여,87세,중상
22270,2020040200100527,2020년 4월 2일 20시,목요일,경기도 남양주시 호평동,경상사고,0,0,1,0,차대사람 - 차도통행중,안전운전불이행,포장 - 건조,맑음,단일로 - 기타,기타불명,기타불명,미분류,기타불명,보행자,여,52세,경상
22271,2020040200100534,2020년 4월 2일 21시,목요일,경기도 시흥시 정왕동,부상신고사고,0,0,0,1,차대사람 - 횡단중,보행자보호의무위반,포장 - 건조,맑음,교차로 - 교차로안,기타불명,기타불명,미분류,기타불명,보행자,여,20세,부상신고
22272,2020040200100535,2020년 4월 2일 21시,목요일,경기도 수원시 권선구 금곡동,중상사고,0,1,0,0,차대사람 - 기타,안전운전불이행,포장 - 건조,맑음,교차로 - 교차로부근,승용,여,36세,상해없음,보행자,남,64세,중상