,사고번호,사고일시,요일,시군구,사고내용,사망자수,중상자수,경상자수,부상신고자수,사고유형,법규위반,노면상태,기상상태,도로형태,가해운전자 차종,가해운전자 성별,가해운전자 연령,가해운전자 상해정도,피해운전자 차종,피해운전자 성별,피해운전자 연령,피해운전자 상해정도
22273,2020040200100545,2020년 4월 2일 21시,목요일,경기도 고양시 덕양구 화정동,중상사고,0,1,0,0,차대사람 - 기타,안전운전불이행,포장 - 건조,맑음,교차로 - 교차로부근,승용,남,60세,상해없음,보행자,남,54세,중상
22274,2020040300100138,2020년 4월 3일 10시,금요일,경기도 수원시 권선구 세류동,경상사고,0,0,1,0,차대사람 - 기타,안전운전불이행,포장 - 건조,맑음,기타 - 기타,승용,남,34세,기타불명,보행자,여,67세,경상
22275,2020040300100139,2020년 4월 3일 10시,금요일,경기도 성남시 분당구 서현동,중상사고,0,1,0,0,차대사람 - 기타,안전운전불이행,포장 - 건조,맑음,단일로 - 기타,자전거,남,78세,상해없음,보행자,여,60세,중상
22276,2020040300100248,2020년 4월 3일 14시,금요일,경기도 평택시 지산동,중상사고,0,1,0,0,차대사람 - 기타,안전운전불이행,포장 - 건조,맑음,단일로 - 기타,승용,여,63세,상해없음,보행자,남,67세,중상
22277,2020040300100276,2020년 4월 3일 15시,금요일,경기도 부천시 심곡동,경상사고,0,0,1,0,차대사람 - 기타,안전운전불이행,포장 - 건조,맑음,교차로 - 교차로안,승용,여,53세,상해없음,보행자,남,45세,경상
22278,2020040300100278,2020년 4월 3일 15시,금요일,경기도 성남시 중원구 중앙동,중상사고,0,1,0,0,차대사람 - 횡단중,보행자보호의무위반,포장 - 건조,맑음,교차로 - 교차로횡단보도내,화물,남,53세,상해없음,보행자,남,80세,중상
22279,2020040300100279,2020년 4월 3일 15시,금요일,경기도 수원시 권선구 금곡동,부상신고사고,0,0,0,1,차대사람 - 기타,안전운전불이행,포장 - 건조,맑음,단일로 - 기타,승용,여,39세,상해없음,보행자,여,3세,부상신고
22280,2020040300100281,2020년 4월 3일 15시,금요일,경기도 화성시 능동,중상사고,0,2,1,0,차대사람 - 기타,기타,포장 - 건조,맑음,교차로 - 교차로안,승용,여,29세,상해없음,보행자,여,57세,경상
22281,2020040300100314,2020년 4월 3일 16시,금요일,경기도 평택시 신장동,중상사고,0,1,0,0,차대사람 - 기타,안전운전불이행,포장 - 건조,맑음,단일로 - 기타,승용,여,49세,상해없음,보행자,여,66세,중상
22282,2020040300100362,2020년 4월 3일 17시,금요일,경기도 화성시 팔탄면,중상사고,0,1,0,0,차대사람 - 기타,안전운전불이행,포장 - 건조,맑음,단일로 - 기타,승용,남,19세,상해없음,보행자,남,57세,중상
22283,2020040300100389,2020년 4월 3일 17시,금요일,경기도 고양시 일산서구 일산동,경상사고,0,0,1,0,차대사람 - 차도통행중,안전운전불이행,포장 - 건조,맑음,단일로 - 기타,승용,남,37세,상해없음,보행자,남,80세,경상
22284,2020040300100406,2020년 4월 3일 18시,금요일,경기도 평택시 독곡동,중상사고,0,1,0,0,차대사람 - 기타,안전운전불이행,포장 - 건조,맑음,단일로 - 기타,승합,남,73세,상해없음,보행자,여,6세,중상
22285,2020040300100410,2020년 4월 3일 18시,금요일,경기도 김포시 양촌읍,중상사고,0,1,0,0,차대사람 - 차도통행중,안전운전불이행,포장 - 건조,맑음,단일로 - 기타,승용,남,32세,상해없음,보행자,남,56세,중상
22286,2020040300100454,2020년 4월 3일 19시,금요일,경기도 평택시 신장동,경상사고,0,0,1,0,차대사람 - 기타,안전운전불이행,포장 - 건조,맑음,기타 - 기타,승용,남,70세,상해없음,보행자,남,78세,경상
22287,2020040300100456,2020년 4월 3일 19시,금요일,경기도 부천시 원미동,경상사고,0,0,1,0,차대사람 - 기타,안전운전불이행,포장 - 건조,맑음,교차로 - 교차로부근,승합,남,56세,상해없음,보행자,남,35세,경상
22288,2020040300100487,2020년 4월 3일 19시,금요일,경기도 의정부시 신곡동,중상사고,0,1,0,0,차대사람 - 기타,안전운전불이행,포장 - 건조,맑음,단일로 - 기타,기타불명,기타불명,미분류,기타불명,보행자,남,47세,중상
22289,2020040300100501,2020년 4월 3일 20시,금요일,경기도 안산시 상록구 일동,경상사고,0,0,1,0,차대사람 - 차도통행중,안전운전불이행,포장 - 건조,맑음,교차로 - 교차로부근,승용,남,24세,상해없음,보행자,남,56세,경상
22290,2020040300100553,2020년 4월 3일 21시,금요일,경기도 구리시 토평동,경상사고,0,0,1,0,차대사람 - 횡단중,보행자보호의무위반,포장 - 건조,맑음,교차로 - 교차로부근,승용,여,51세,상해없음,보행자,여,19세,경상
22291,2020040300100586,2020년 4월 3일 23시,금요일,경기도 안산시 단원구 와동,경상사고,0,0,1,0,차대사람 - 기타,안전운전불이행,포장 - 건조,맑음,교차로 - 교차로부근,승용,남,26세,상해없음,보행자,남,26세,경상
22292,2020040300100588,2020년 4월 3일 23시,금요일,경기도 안산시 상록구 일동,경상사고,0,0,1,0,차대사람 - 기타,안전운전불이행,포장 - 건조,맑음,단일로 - 기타,승용,여,28세,상해없음,보행자,남,52세,경상
22293,2020040400100012,2020년 4월 4일 00시,토요일,경기도 고양시 덕양구 내유동,중상사고,0,1,0,0,차대사람 - 횡단중,안전운전불이행,포장 - 건조,맑음,단일로 - 기타,승용,남,18세,상해없음,보행자,남,38세,중상
22294,2020040400100016,2020년 4월 4일 01시,토요일,경기도 평택시 팽성읍,중상사고,0,1,0,0,차대사람 - 차도통행중,안전운전불이행,포장 - 건조,맑음,단일로 - 기타,승용,남,23세,기타불명,보행자,남,28세,중상
22295,2020040400100035,2020년 4월 4일 02시,토요일,경기도 안양시 만안구 안양동,중상사고,0,1,0,0,차대사람 - 차도통행중,안전운전불이행,포장 - 건조,맑음,교차로 - 교차로안,승용,남,62세,상해없음,보행자,남,27세,중상
22296,2020040400100053,2020년 4월 4일 04시,토요일,경기도 여주시 홍문동,부상신고사고,0,0,0,1,차대사람 - 기타,안전운전불이행,포장 - 건조,맑음,교차로 - 교차로부근,기타불명,기타불명,미분류,기타불명,보행자,남,47세,부상신고
22297,2020040400100071,2020년 4월 4일 06시,토요일,경기도 수원시 팔달구 인계동,중상사고,0,1,1,0,차대사람 - 기타,안전운전불이행,포장 - 건조,맑음,교차로 - 교차로안,승용,남,28세,기타불명,보행자,여,21세,중상
22298,2020040400100083,2020년 4월 4일 07시,토요일,경기도 안양시 동안구 관양동,경상사고,0,0,1,0,차대사람 - 기타,기타,포장 - 건조,맑음,단일로 - 기타,승합,남,62세,상해없음,보행자,여,48세,경상
22299,2020040400100084,2020년 4월 4일 07시,토요일,경기도 부천시 심곡동,경상사고,0,0,1,0,차대사람 - 차도통행중,안전운전불이행,포장 - 건조,맑음,단일로 - 기타,승용,남,50세,상해없음,보행자,여,23세,경상
22300,2020040400100085,2020년 4월 4일 07시,토요일,경기도 시흥시 정왕동,중상사고,0,1,0,0,차대사람 - 기타,기타,포장 - 건조,맑음,기타 - 기타,개인형이동수단(PM),남,23세,상해없음,보행자,여,74세,중상
22301,2020040400100093,2020년 4월 4일 07시,토요일,경기도 고양시 덕양구 주교동,경상사고,0,0,1,0,차대사람 - 기타,안전운전불이행,포장 - 건조,맑음,단일로 - 기타,화물,남,66세,상해없음,보행자,여,74세,경상
22302,2020040400100136,2020년 4월 4일 10시,토요일,경기도 수원시 팔달구 구천동,경상사고,0,0,1,0,차대사람 - 기타,신호위반,포장 - 건조,맑음,단일로 - 기타,승용,남,58세,상해없음,보행자,남,24세,경상
22303,2020040400100166,2020년 4월 4일 10시,토요일,경기도 포천시 신읍동,중상사고,0,1,0,0,차대사람 - 기타,안전운전불이행,포장 - 건조,맑음,교차로 - 교차로안,화물,남,48세,상해없음,보행자,여,78세,중상
22304,2020040400100202,2020년 4월 4일 11시,토요일,경기도 파주시 월롱면,경상사고,0,0,1,0,차대사람 - 기타,안전운전불이행,포장 - 건조,맑음,단일로 - 기타,승용,남,71세,상해없음,보행자,남,50세,경상
22305,2020040400100212,2020년 4월 4일 12시,토요일,경기도 안산시 단원구 와동,중상사고,0,1,0,0,차대사람 - 차도통행중,안전운전불이행,포장 - 건조,맑음,교차로 - 교차로안,화물,남,52세,상해없음,보행자,여,86세,중상
22306,2020040400100240,2020년 4월 4일 13시,토요일,경기도 성남시 수정구 수진동,경상사고,0,0,1,0,차대사람 - 기타,보행자보호의무위반,포장 - 건조,맑음,교차로 - 교차로부근,자전거,남,54세,상해없음,보행자,여,7세,경상
22307,2020040400100313,2020년 4월 4일 15시,토요일,경기도 광명시 소하동,경상사고,0,0,1,0,차대사람 - 횡단중,보행자보호의무위반,포장 - 건조,맑음,단일로 - 기타,승용,여,52세,기타불명,보행자,남,5세,경상
22308,2020040400100314,2020년 4월 4일 15시,토요일,경기도 성남시 분당구 수내동,중상사고,0,1,0,0,차대사람 - 기타,안전운전불이행,포장 - 건조,맑음,단일로 - 기타,자전거,남,19세,상해없음,보행자,남,77세,중상
22309,2020040400100316,2020년 4월 4일 15시,토요일,경기도 시흥시 정왕동,경상사고,0,0,1,0,차대사람 - 차도통행중,안전운전불이행,포장 - 건조,맑음,단일로 - 기타,화물,남,70세,상해없음,보행자,남,33세,경상
22310,2020040400100350,2020년 4월 4일 15시,토요일,경기도 파주시 동패동,경상사고,0,0,1,0,차대사람 - 횡단중,보행자보호의무위반,포장 - 건조,맑음,교차로 - 교차로부근,승용,남,67세,상해없음,보행자,남,9세,경상
22311,2020040400100366,2020년 4월 4일 16시,토요일,경기도 시흥시 신천동,경상사고,0,0,1,0,차대사람 - 길가장자리구역통행중,안전운전불이행,포장 - 건조,맑음,교차로 - 교차로부근,승용,남,50세,상해없음,보행자,남,33세,경상
22312,2020040400100367,2020년 4월 4일 16시,토요일,경기도 안산시 상록구 월피동,경상사고,0,0,1,0,차대사람 - 기타,안전운전불이행,포장 - 건조,맑음,단일로 - 기타,이륜,남,22세,상해없음,보행자,남,59세,경상
22313,2020040400100392,2020년 4월 4일 16시,토요일,경기도 양주시 광적면,중상사고,0,1,0,0,차대사람 - 횡단중,안전운전불이행,포장 - 건조,맑음,단일로 - 기타,승용,남,56세,기타불명,보행자,남,53세,중상
22314,2020040400100407,2020년 4월 4일 17시,토요일,경기도 양평군 양서면,경상사고,0,0,1,0,차대사람 - 기타,안전운전불이행,포장 - 건조,맑음,단일로 - 교량,자전거,여,24세,상해없음,보행자,여,43세,경상
22315,2020040400100412,2020년 4월 4일 17시,토요일,경기도 수원시 팔달구 매산로1가,부상신고사고,0,0,0,2,차대사람 - 보도통행중,보행자보호의무위반,포장 - 건조,맑음,단일로 - 기타,승용,남,61세,상해없음,보행자,남,13세,부상신고
22316,2020040400100415,2020년 4월 4일 17시,토요일,경기도 부천시 오정동,경상사고,0,0,1,0,차대사람 - 차도통행중,안전운전불이행,포장 - 건조,맑음,교차로 - 교차로안,승용,남,48세,상해없음,보행자,남,38세,경상
22317,2020040400100437,2020년 4월 4일 17시,토요일,경기도 연천군 전곡읍,중상사고,0,1,0,0,차대사람 - 횡단중,보행자보호의무위반,포장 - 건조,맑음,교차로 - 교차로안,승용,남,48세,상해없음,보행자,여,60세,중상
22318,2020040400100449,2020년 4월 4일 18시,토요일,경기도 부천시 중동,중상사고,0,1,0,0,차대사람 - 횡단중,보행자보호의무위반,포장 - 건조,맑음,단일로 - 기타,승용,남,29세,상해없음,보행자,남,3세,중상
22319,2020040400100451,2020년 4월 4일 18시,토요일,경기도 수원시 권선구 세류동,경상사고,0,0,1,0,차대사람 - 기타,안전운전불이행,포장 - 건조,맑음,교차로 - 교차로안,승합,남,35세,상해없음,보행자,남,59세,경상
22320,2020040400100478,2020년 4월 4일 19시,토요일,경기도 평택시 용이동,경상사고,0,0,1,0,차대사람 - 횡단중,신호위반,포장 - 건조,맑음,교차로 - 교차로횡단보도내,승합,여,46세,상해없음,보행자,남,19세,경상
22321,2020040400100481,2020년 4월 4일 19시,토요일,경기도 용인시 처인구 유방동,경상사고,0,0,1,0,차대사람 - 기타,안전운전불이행,포장 - 건조,맑음,주차장 - 주차장,기타불명,기타불명,미분류,기타불명,보행자,여,55세,경상
22322,2020040400100539,2020년 4월 4일 21시,토요일,경기도 부천시 상동,부상신고사고,0,0,0,1,차대사람 - 기타,불법유턴,포장 - 건조,맑음,단일로 - 기타,기타불명,기타불명,미분류,기타불명,보행자,남,19세,부상신고
22323,2020040400100554,2020년 4월 4일 21시,토요일,경기도 파주시 아동동,경상사고,0,0,1,0,차대사람 - 기타,안전운전불이행,포장 - 건조,맑음,주차장 - 주차장,승용,남,45세,상해없음,보행자,여,48세,경상
22324,2020040400100564,2020년 4월 4일 22시,토요일,경기도 광주시 초월읍,경상사고,0,0,1,0,차대사람 - 기타,보행자보호의무위반,포장 - 건조,맑음,교차로 - 교차로횡단보도내,승용,여,64세,상해없음,보행자,남,62세,경상
22325,2020040400100589,2020년 4월 4일 23시,토요일,경기도 광명시 광명동,경상사고,0,0,1,0,차대사람 - 차도통행중,안전운전불이행,포장 - 건조,맑음,단일로 - 기타,승용,남,34세,상해없음,보행자,남,48세,경상
22326,2020040500100014,2020년 4월 5일 00시,일요일,경기도 의정부시 의정부동,부상신고사고,0,0,0,1,차대사람 - 차도통행중,안전운전불이행,포장 - 건조,흐림,단일로 - 기타,승용,여,42세,상해없음,보행자,남,48세,부상신고
22327,2020040500100024,2020년 4월 5일 01시,일요일,경기도 광주시 곤지암읍,경상사고,0,0,1,0,차대사람 - 기타,안전운전불이행,포장 - 건조,맑음,기타 - 기타,화물,남,53세,상해없음,보행자,남,59세,경상
22328,2020040500100038,2020년 4월 5일 02시,일요일,경기도 안양시 동안구 관양동,부상신고사고,0,0,0,1,차대사람 - 횡단중,안전운전불이행,포장 - 건조,맑음,교차로 - 교차로부근,기타불명,기타불명,미분류,기타불명,보행자,남,27세,부상신고
22329,2020040500100180,2020년 4월 5일 13시,일요일,경기도 용인시 처인구 운학동,사망사고,1,0,0,0,차대사람 - 횡단중,안전운전불이행,포장 - 건조,맑음,단일로 - 기타,승용,남,46세,상해없음,보행자,남,89세,사망
22330,2020040500100183,2020년 4월 5일 13시,일요일,경기도 화성시 병점동,중상사고,0,1,0,0,차대사람 - 횡단중,보행자보호의무위반,포장 - 건조,맑음,교차로 - 교차로횡단보도내,승용,남,35세,상해없음,보행자,여,19세,중상
22331,2020040500100210,2020년 4월 5일 14시,일요일,경기도 성남시 수정구 둔전동,경상사고,0,0,1,0,차대사람 - 기타,안전운전불이행,포장 - 건조,맑음,기타 - 기타,자전거,남,47세,상해없음,보행자,여,24세,경상
22332,2020040500100221,2020년 4월 5일 14시,일요일,경기도 부천시 고강동,중상사고,0,1,0,0,차대사람 - 기타,안전운전불이행,포장 - 건조,맑음,교차로 - 교차로안,승용,남,28세,기타불명,보행자,여,73세,중상
22333,2020040500100235,2020년 4월 5일 14시,일요일,경기도 남양주시 조안면,경상사고,0,0,1,0,차대사람 - 차도통행중,안전운전불이행,포장 - 건조,맑음,단일로 - 기타,승용,남,36세,상해없음,보행자,남,58세,경상
22334,2020040500100251,2020년 4월 5일 15시,일요일,경기도 안산시 단원구 원곡동,중상사고,0,1,0,0,차대사람 - 차도통행중,안전운전불이행,포장 - 건조,맑음,단일로 - 기타,승용,남,46세,상해없음,보행자,남,57세,중상
22335,2020040500100293,2020년 4월 5일 16시,일요일,경기도 동두천시 상봉암동,경상사고,0,0,1,0,차대사람 - 기타,안전운전불이행,포장 - 건조,맑음,단일로 - 기타,승합,남,49세,상해없음,보행자,남,82세,경상
22336,2020040500100314,2020년 4월 5일 18시,일요일,경기도 용인시 기흥구 구갈동,경상사고,0,0,1,0,차대사람 - 기타,안전운전불이행,포장 - 건조,맑음,기타 - 기타,승합,남,63세,상해없음,보행자,여,74세,경상
22337,2020040500100343,2020년 4월 5일 19시,일요일,경기도 여주시 하동,경상사고,0,0,1,0,차대사람 - 횡단중,보행자보호의무위반,포장 - 건조,맑음,교차로 - 교차로안,승합,남,64세,상해없음,보행자,남,12세,경상
22338,2020040500100362,2020년 4월 5일 19시,일요일,경기도 파주시 금촌동,경상사고,0,0,1,0,차대사람 - 기타,안전운전불이행,포장 - 건조,맑음,단일로 - 기타,기타불명,기타불명,미분류,기타불명,보행자,남,33세,경상
22339,2020040500100368,2020년 4월 5일 20시,일요일,경기도 성남시 분당구 야탑동,중상사고,0,1,0,0,차대사람 - 횡단중,보행자보호의무위반,포장 - 건조,맑음,교차로 - 교차로횡단보도내,승용,남,39세,상해없음,보행자,여,33세,중상
22340,2020040500100369,2020년 4월 5일 20시,일요일,경기도 시흥시 정왕동,경상사고,0,0,1,0,차대사람 - 기타,안전운전불이행,포장 - 건조,맑음,단일로 - 기타,자전거,남,60세,상해없음,보행자,여,13세,경상
22341,2020040500100378,2020년 4월 5일 20시,일요일,경기도 고양시 일산동구 마두동,경상사고,0,0,1,0,차대사람 - 횡단중,신호위반,포장 - 건조,맑음,단일로 - 기타,승용,남,58세,상해없음,보행자,남,22세,경상
22342,2020040500100397,2020년 4월 5일 21시,일요일,경기도 구리시 수택동,경상사고,0,0,1,0,차대사람 - 횡단중,안전운전불이행,포장 - 건조,맑음,교차로 - 교차로안,승용,남,26세,상해없음,보행자,남,6세,경상
22343,2020040500100426,2020년 4월 5일 23시,일요일,경기도 남양주시 화도읍,중상사고,0,1,0,0,차대사람 - 기타,안전운전불이행,포장 - 건조,맑음,단일로 - 기타,화물,남,53세,상해없음,보행자,남,37세,중상
22344,2020040600100031,2020년 4월 6일 05시,월요일,경기도 의왕시 오전동,사망사고,1,0,0,0,차대사람 - 횡단중,보행자보호의무위반,포장 - 건조,맑음,교차로 - 교차로안,승용,여,55세,상해없음,보행자,여,57세,사망
22345,2020040600100059,2020년 4월 6일 07시,월요일,경기도 평택시 서정동,경상사고,0,0,1,0,차대사람 - 기타,안전운전불이행,포장 - 건조,맑음,교차로 - 교차로횡단보도내,승용,여,31세,상해없음,보행자,남,39세,경상
22346,2020040600100084,2020년 4월 6일 08시,월요일,경기도 부천시 심곡본동,중상사고,0,1,0,0,차대사람 - 보도통행중,보행자보호의무위반,포장 - 건조,맑음,교차로 - 교차로횡단보도내,승합,남,61세,상해없음,보행자,여,56세,중상
22347,2020040600100087,2020년 4월 6일 08시,월요일,경기도 성남시 중원구 성남동,경상사고,0,0,1,0,차대사람 - 기타,안전운전불이행,포장 - 건조,맑음,기타 - 기타,승용,남,74세,상해없음,보행자,여,26세,경상
22348,2020040600100090,2020년 4월 6일 08시,월요일,경기도 시흥시 정왕동,중상사고,0,1,0,0,차대사람 - 기타,안전운전불이행,포장 - 건조,맑음,교차로 - 교차로안,승용,여,38세,상해없음,보행자,남,64세,중상
22349,2020040600100120,2020년 4월 6일 09시,월요일,경기도 여주시 대신면,중상사고,0,1,0,0,차대사람 - 기타,안전운전불이행,포장 - 건조,맑음,주차장 - 주차장,승합,남,50세,상해없음,보행자,남,62세,중상
22350,2020040600100151,2020년 4월 6일 10시,월요일,경기도 평택시 팽성읍,중상사고,0,1,0,0,차대사람 - 횡단중,중앙선침범,포장 - 건조,맑음,기타 - 기타,화물,남,67세,상해없음,보행자,여,57세,중상
22351,2020040600100209,2020년 4월 6일 12시,월요일,경기도 수원시 장안구 연무동,경상사고,0,0,1,0,차대사람 - 기타,안전운전불이행,포장 - 건조,맑음,단일로 - 기타,승용,남,59세,상해없음,보행자,남,59세,경상
22352,2020040600100243,2020년 4월 6일 13시,월요일,경기도 평택시 비전동,중상사고,0,1,0,0,차대사람 - 횡단중,안전운전불이행,포장 - 건조,맑음,교차로 - 교차로안,승용,남,43세,상해없음,보행자,여,84세,중상
22353,2020040600100244,2020년 4월 6일 13시,월요일,경기도 여주시 금사면,경상사고,0,0,1,0,차대사람 - 차도통행중,안전운전불이행,비포장 - 건조,맑음,단일로 - 기타,승용,남,52세,상해없음,보행자,여,24세,경상
22354,2020040600100276,2020년 4월 6일 13시,월요일,경기도 구리시 인창동,경상사고,0,0,1,0,차대사람 - 횡단중,안전운전불이행,포장 - 건조,맑음,단일로 - 기타,승용,남,53세,상해없음,보행자,남,3세,경상
22355,2020040600100288,2020년 4월 6일 14시,월요일,경기도 용인시 처인구 백암면,경상사고,0,0,1,0,차대사람 - 기타,안전운전불이행,포장 - 건조,맑음,교차로 - 교차로안,승용,여,45세,상해없음,보행자,남,68세,경상
22356,2020040600100290,2020년 4월 6일 14시,월요일,경기도 안산시 단원구 와동,중상사고,0,1,0,0,차대사람 - 기타,안전운전불이행,포장 - 건조,맑음,기타 - 기타,이륜,남,18세,상해없음,보행자,여,67세,중상
22357,2020040600100323,2020년 4월 6일 15시,월요일,경기도 시흥시 능곡동,중상사고,0,1,0,0,차대사람 - 기타,안전운전불이행,포장 - 건조,맑음,교차로 - 교차로안,화물,여,54세,상해없음,보행자,남,64세,중상
22358,2020040600100360,2020년 4월 6일 16시,월요일,경기도 용인시 기흥구 상갈동,중상사고,0,1,0,0,차대사람 - 횡단중,안전운전불이행,포장 - 건조,맑음,단일로 - 기타,이륜,남,22세,상해없음,보행자,여,69세,중상
22359,2020040600100363,2020년 4월 6일 16시,월요일,경기도 광명시 광명동,중상사고,0,1,0,0,차대사람 - 기타,안전운전불이행,포장 - 건조,맑음,단일로 - 기타,승용,여,59세,상해없음,보행자,여,65세,중상
22360,2020040600100397,2020년 4월 6일 17시,월요일,경기도 용인시 처인구 남동,중상사고,0,1,0,0,차대사람 - 차도통행중,안전운전불이행,포장 - 건조,맑음,단일로 - 기타,자전거,남,23세,상해없음,보행자,여,53세,중상
22361,2020040600100434,2020년 4월 6일 18시,월요일,경기도 김포시 운양동,경상사고,0,0,1,0,차대사람 - 횡단중,기타,포장 - 건조,맑음,교차로 - 교차로횡단보도내,승용,남,39세,상해없음,보행자,남,6세,경상
22362,2020040600100473,2020년 4월 6일 19시,월요일,경기도 남양주시 와부읍,경상사고,0,0,2,0,차대사람 - 기타,안전운전불이행,포장 - 건조,맑음,교차로 - 교차로안,승용,남,35세,상해없음,보행자,남,41세,경상
22363,2020040600100480,2020년 4월 6일 20시,월요일,경기도 평택시 서정동,중상사고,0,1,0,0,차대사람 - 차도통행중,안전운전불이행,포장 - 건조,맑음,단일로 - 기타,승용,남,58세,상해없음,보행자,남,84세,중상
22364,2020040600100501,2020년 4월 6일 20시,월요일,경기도 남양주시 퇴계원면,중상사고,0,1,0,0,차대사람 - 기타,안전운전불이행,포장 - 건조,맑음,기타 - 기타,승용,남,38세,상해없음,보행자,여,77세,중상
22365,2020040600100510,2020년 4월 6일 21시,월요일,경기도 평택시 비전동,중상사고,0,1,0,0,차대사람 - 횡단중,안전운전불이행,포장 - 건조,맑음,교차로 - 교차로횡단보도내,화물,남,66세,상해없음,보행자,남,16세,중상
22366,2020040600100514,2020년 4월 6일 21시,월요일,경기도 안산시 상록구 일동,경상사고,0,0,1,0,차대사람 - 기타,안전운전불이행,포장 - 건조,맑음,단일로 - 기타,승합,남,61세,상해없음,보행자,여,62세,경상
22367,2020040600100546,2020년 4월 6일 23시,월요일,경기도 김포시 구래동,중상사고,0,1,0,0,차대사람 - 횡단중,보행자보호의무위반,포장 - 건조,맑음,단일로 - 기타,승용,남,68세,상해없음,보행자,남,55세,중상
22368,2020040700100004,2020년 4월 7일 00시,화요일,경기도 광명시 소하동,중상사고,0,1,0,0,차대사람 - 차도통행중,안전운전불이행,포장 - 건조,맑음,교차로 - 교차로안,승용,남,55세,상해없음,보행자,남,49세,중상
22369,2020040700100019,2020년 4월 7일 02시,화요일,경기도 용인시 처인구 원삼면,사망사고,1,0,0,0,차대사람 - 차도통행중,안전운전불이행,포장 - 건조,맑음,단일로 - 기타,특수,남,42세,상해없음,보행자,남,50세,사망
22370,2020040700100079,2020년 4월 7일 08시,화요일,경기도 군포시 금정동,중상사고,0,1,0,0,차대사람 - 횡단중,보행자보호의무위반,포장 - 건조,맑음,단일로 - 기타,승용,남,35세,상해없음,보행자,여,27세,중상
22371,2020040700100109,2020년 4월 7일 09시,화요일,경기도 양평군 양서면,경상사고,0,0,1,0,차대사람 - 기타,안전운전불이행,포장 - 건조,맑음,단일로 - 기타,자전거,남,55세,상해없음,보행자,여,25세,경상
22372,2020040700100110,2020년 4월 7일 09시,화요일,경기도 시흥시 신천동,경상사고,0,0,1,0,차대사람 - 기타,안전운전불이행,포장 - 건조,맑음,단일로 - 기타,승용,남,40세,상해없음,보행자,남,60세,경상
22373,2020040700100127,2020년 4월 7일 09시,화요일,경기도 구리시 수택동,중상사고,0,1,0,0,차대사람 - 횡단중,신호위반,포장 - 건조,맑음,교차로 - 교차로횡단보도내,이륜,남,36세,상해없음,보행자,여,46세,중상
22374,2020040700100159,2020년 4월 7일 10시,화요일,경기도 고양시 일산서구 탄현동,부상신고사고,0,0,0,2,차대사람 - 횡단중,안전운전불이행,포장 - 건조,맑음,단일로 - 기타,이륜,남,40세,부상신고,보행자,남,26세,부상신고
22375,2020040700100170,2020년 4월 7일 11시,화요일,경기도 수원시 권선구 권선동,경상사고,0,0,1,0,차대사람 - 횡단중,안전운전불이행,포장 - 건조,맑음,교차로 - 교차로부근,승용,남,55세,상해없음,보행자,여,25세,경상
22376,2020040700100205,2020년 4월 7일 12시,화요일,경기도 용인시 기흥구 보정동,경상사고,0,0,1,0,차대사람 - 기타,안전운전불이행,포장 - 건조,맑음,단일로 - 기타,승용,여,49세,상해없음,보행자,남,41세,경상
22377,2020040700100235,2020년 4월 7일 13시,화요일,경기도 안양시 만안구 안양동,경상사고,0,0,1,0,차대사람 - 길가장자리구역통행중,안전운전불이행,포장 - 건조,맑음,교차로 - 교차로안,기타불명,기타불명,미분류,기타불명,보행자,남,47세,경상
22378,2020040700100263,2020년 4월 7일 14시,화요일,경기도 김포시 사우동,경상사고,0,0,1,0,차대사람 - 횡단중,안전운전불이행,포장 - 건조,맑음,단일로 - 기타,승용,여,56세,상해없음,보행자,남,37세,경상
22379,2020040700100275,2020년 4월 7일 14시,화요일,경기도 포천시 가산면,중상사고,0,1,0,0,차대사람 - 횡단중,보행자보호의무위반,포장 - 건조,맑음,교차로 - 교차로횡단보도내,화물,남,55세,상해없음,보행자,남,51세,중상
22380,2020040700100287,2020년 4월 7일 15시,화요일,경기도 하남시 덕풍동,경상사고,0,0,1,0,차대사람 - 길가장자리구역통행중,안전운전불이행,포장 - 건조,맑음,단일로 - 기타,승용,남,74세,기타불명,보행자,여,61세,경상
22381,2020040700100288,2020년 4월 7일 15시,화요일,경기도 안양시 만안구 안양동,경상사고,0,0,1,0,차대사람 - 기타,안전운전불이행,포장 - 건조,맑음,교차로 - 교차로안,승용,여,33세,상해없음,보행자,남,15세,경상
22382,2020040700100319,2020년 4월 7일 16시,화요일,경기도 수원시 장안구 정자동,경상사고,0,0,1,0,차대사람 - 기타,안전운전불이행,포장 - 건조,맑음,단일로 - 기타,승용,남,64세,상해없음,보행자,남,70세,경상
22383,2020040700100321,2020년 4월 7일 16시,화요일,경기도 하남시 신장동,중상사고,0,1,0,0,차대사람 - 기타,안전운전불이행,포장 - 건조,맑음,기타 - 기타,승용,여,60세,상해없음,보행자,여,63세,중상
22384,2020040700100350,2020년 4월 7일 17시,화요일,경기도 평택시 비전동,경상사고,0,0,1,0,차대사람 - 기타,안전운전불이행,포장 - 건조,맑음,교차로 - 교차로횡단보도내,승용,여,62세,상해없음,보행자,여,71세,경상
22385,2020040700100374,2020년 4월 7일 17시,화요일,경기도 남양주시 화도읍,경상사고,0,0,1,0,차대사람 - 기타,안전운전불이행,포장 - 건조,맑음,교차로 - 교차로안,이륜,남,47세,상해없음,보행자,남,11세,경상