,사고번호,사고일시,요일,시군구,사고내용,사망자수,중상자수,경상자수,부상신고자수,사고유형,법규위반,노면상태,기상상태,도로형태,가해운전자 차종,가해운전자 성별,가해운전자 연령,가해운전자 상해정도,피해운전자 차종,피해운전자 성별,피해운전자 연령,피해운전자 상해정도
22386,2020040700100375,2020년 4월 7일 17시,화요일,경기도 남양주시 호평동,중상사고,0,1,0,0,차대사람 - 기타,안전운전불이행,포장 - 건조,맑음,기타 - 기타,자전거,남,11세,상해없음,보행자,여,64세,중상
22387,2020040700100392,2020년 4월 7일 18시,화요일,경기도 광명시 소하동,경상사고,0,0,1,0,차대사람 - 기타,안전운전불이행,포장 - 건조,맑음,단일로 - 기타,승용,남,39세,상해없음,보행자,여,43세,경상
22388,2020040700100395,2020년 4월 7일 18시,화요일,경기도 화성시 봉담읍,중상사고,0,1,0,0,차대사람 - 기타,보행자보호의무위반,포장 - 건조,맑음,단일로 - 기타,승용,여,39세,상해없음,보행자,여,69세,중상
22389,2020040700100466,2020년 4월 7일 19시,화요일,경기도 구리시 갈매동,중상사고,0,1,0,0,차대사람 - 보도통행중,기타,포장 - 건조,맑음,단일로 - 기타,이륜,남,27세,상해없음,보행자,여,19세,중상
22390,2020040700100471,2020년 4월 7일 20시,화요일,경기도 성남시 수정구 복정동,중상사고,0,1,0,0,차대사람 - 횡단중,안전운전불이행,포장 - 건조,맑음,단일로 - 기타,승용,남,65세,상해없음,보행자,남,68세,중상
22391,2020040700100472,2020년 4월 7일 20시,화요일,경기도 성남시 수정구 단대동,경상사고,0,0,1,0,차대사람 - 횡단중,안전운전불이행,포장 - 건조,맑음,교차로 - 교차로부근,승용,남,57세,상해없음,보행자,남,44세,경상
22392,2020040700100473,2020년 4월 7일 20시,화요일,경기도 성남시 수정구 단대동,중상사고,0,1,0,0,차대사람 - 기타,안전운전불이행,포장 - 건조,맑음,교차로 - 교차로부근,승용,남,31세,상해없음,보행자,남,57세,중상
22393,2020040700100522,2020년 4월 7일 22시,화요일,경기도 광주시 태전동,중상사고,0,1,0,0,차대사람 - 길가장자리구역통행중,안전운전불이행,포장 - 건조,맑음,기타 - 기타,승용,남,40세,상해없음,보행자,남,30세,중상
22394,2020040700100523,2020년 4월 7일 22시,화요일,경기도 시흥시 산현동,사망사고,1,0,0,0,차대사람 - 횡단중,안전운전불이행,포장 - 건조,맑음,교차로 - 교차로횡단보도내,화물,남,45세,상해없음,보행자,남,57세,사망
22395,2020040700100533,2020년 4월 7일 22시,화요일,경기도 양주시 덕정동,경상사고,0,0,1,0,차대사람 - 횡단중,안전운전불이행,포장 - 건조,맑음,교차로 - 교차로횡단보도내,승용,남,60세,상해없음,보행자,남,55세,경상
22396,2020040800100004,2020년 4월 8일 00시,수요일,경기도 오산시 원동,경상사고,0,0,1,0,차대사람 - 기타,안전운전불이행,포장 - 건조,맑음,교차로 - 교차로안,화물,남,48세,상해없음,보행자,여,44세,경상
22397,2020040800100041,2020년 4월 8일 05시,수요일,경기도 용인시 처인구 양지면,경상사고,0,0,1,0,차대사람 - 보도통행중,신호위반,포장 - 건조,맑음,교차로 - 교차로횡단보도내,승용,여,58세,상해없음,보행자,남,50세,경상
22398,2020040800100050,2020년 4월 8일 05시,수요일,경기도 구리시 수택동,경상사고,0,0,1,0,차대사람 - 횡단중,보행자보호의무위반,포장 - 건조,맑음,교차로 - 교차로횡단보도내,화물,남,56세,상해없음,보행자,남,59세,경상
22399,2020040800100072,2020년 4월 8일 07시,수요일,경기도 평택시 서정동,경상사고,0,0,1,0,차대사람 - 기타,안전운전불이행,포장 - 건조,맑음,단일로 - 기타,승용,남,24세,상해없음,보행자,남,41세,경상
22400,2020040800100135,2020년 4월 8일 09시,수요일,경기도 성남시 분당구 정자동,중상사고,0,1,0,0,차대사람 - 기타,기타,포장 - 건조,맑음,기타 - 기타,승합,남,56세,상해없음,보행자,여,76세,중상
22401,2020040800100160,2020년 4월 8일 10시,수요일,경기도 김포시 통진읍,중상사고,0,1,0,0,차대사람 - 기타,보행자보호의무위반,포장 - 기타,맑음,교차로 - 교차로횡단보도내,승용,여,39세,상해없음,보행자,남,71세,중상
22402,2020040800100161,2020년 4월 8일 10시,수요일,경기도 성남시 중원구 은행동,경상사고,0,0,1,0,차대사람 - 기타,안전운전불이행,포장 - 건조,맑음,단일로 - 기타,승용,남,67세,상해없음,보행자,여,77세,경상
22403,2020040800100193,2020년 4월 8일 11시,수요일,경기도 안산시 단원구 신길동,중상사고,0,1,0,0,차대사람 - 기타,안전운전불이행,포장 - 건조,맑음,단일로 - 기타,승용,남,32세,상해없음,보행자,여,71세,중상
22404,2020040800100249,2020년 4월 8일 13시,수요일,경기도 안양시 동안구 호계동,중상사고,0,1,0,0,차대사람 - 횡단중,안전운전불이행,포장 - 건조,맑음,교차로 - 교차로안,승용,여,41세,상해없음,보행자,여,66세,중상
22405,2020040800100250,2020년 4월 8일 13시,수요일,경기도 안양시 동안구 호계동,경상사고,0,0,1,0,차대사람 - 횡단중,안전운전불이행,포장 - 건조,맑음,단일로 - 기타,화물,남,41세,상해없음,보행자,남,57세,경상
22406,2020040800100279,2020년 4월 8일 14시,수요일,경기도 부천시 상동,중상사고,0,1,0,0,차대사람 - 횡단중,신호위반,포장 - 젖음/습기,맑음,단일로 - 기타,이륜,남,47세,상해없음,보행자,남,82세,중상
22407,2020040800100280,2020년 4월 8일 14시,수요일,경기도 용인시 수지구 상현동,중상사고,0,1,0,0,차대사람 - 기타,안전운전불이행,포장 - 건조,맑음,주차장 - 주차장,승용,여,69세,상해없음,보행자,남,6세,중상
22408,2020040800100299,2020년 4월 8일 14시,수요일,경기도 고양시 일산서구 덕이동,경상사고,0,0,1,0,차대사람 - 횡단중,보행자보호의무위반,포장 - 젖음/습기,맑음,단일로 - 기타,승용,여,58세,상해없음,보행자,남,58세,경상
22409,2020040800100312,2020년 4월 8일 15시,수요일,경기도 수원시 장안구 파장동,부상신고사고,0,0,0,1,차대사람 - 기타,안전운전불이행,포장 - 건조,맑음,단일로 - 기타,승용,남,29세,상해없음,보행자,여,64세,부상신고
22410,2020040800100314,2020년 4월 8일 15시,수요일,경기도 부천시 심곡본동,중상사고,0,1,0,0,차대사람 - 횡단중,안전운전불이행,포장 - 건조,맑음,단일로 - 기타,승용,남,54세,상해없음,보행자,남,52세,중상
22411,2020040800100331,2020년 4월 8일 15시,수요일,경기도 남양주시 다산동,중상사고,0,1,0,0,차대사람 - 기타,안전운전불이행,포장 - 건조,맑음,단일로 - 기타,자전거,남,16세,상해없음,보행자,여,71세,중상
22412,2020040800100334,2020년 4월 8일 15시,수요일,경기도 고양시 일산서구 덕이동,경상사고,0,0,1,0,차대사람 - 기타,보행자보호의무위반,포장 - 건조,맑음,교차로 - 교차로횡단보도내,자전거,남,63세,기타불명,보행자,남,6세,경상
22413,2020040800100340,2020년 4월 8일 16시,수요일,경기도 광주시 경안동,경상사고,0,0,1,0,차대사람 - 기타,안전운전불이행,포장 - 건조,맑음,기타 - 기타,승용,여,46세,상해없음,보행자,남,53세,경상
22414,2020040800100367,2020년 4월 8일 16시,수요일,경기도 고양시 일산서구 일산동,경상사고,0,0,1,0,차대사람 - 횡단중,안전운전불이행,포장 - 건조,맑음,단일로 - 기타,화물,남,56세,상해없음,보행자,여,9세,경상
22415,2020040800100416,2020년 4월 8일 17시,수요일,경기도 양주시 회정동,중상사고,0,1,0,0,차대사람 - 기타,안전운전불이행,포장 - 건조,맑음,교차로 - 교차로부근,승합,남,50세,상해없음,보행자,여,64세,중상
22416,2020040800100485,2020년 4월 8일 19시,수요일,경기도 구리시 인창동,경상사고,0,0,1,0,차대사람 - 보도통행중,신호위반,포장 - 건조,맑음,교차로 - 교차로횡단보도내,승합,남,55세,상해없음,보행자,남,67세,경상
22417,2020040800100508,2020년 4월 8일 20시,수요일,경기도 고양시 덕양구 토당동,경상사고,0,0,1,0,차대사람 - 기타,안전운전불이행,포장 - 기타,맑음,단일로 - 기타,승용,남,28세,상해없음,보행자,남,57세,경상
22418,2020040900100005,2020년 4월 9일 00시,목요일,경기도 수원시 팔달구 매산로2가,경상사고,0,0,1,0,차대사람 - 기타,안전운전불이행,포장 - 건조,맑음,단일로 - 기타,승용,남,19세,상해없음,보행자,남,30세,경상
22419,2020040900100040,2020년 4월 9일 05시,목요일,경기도 수원시 팔달구 매산로1가,중상사고,0,1,0,0,차대사람 - 기타,보행자보호의무위반,포장 - 건조,맑음,교차로 - 교차로안,승용,남,58세,상해없음,보행자,남,46세,중상
22420,2020040900100056,2020년 4월 9일 07시,목요일,경기도 안양시 동안구 비산동,경상사고,0,0,1,0,차대사람 - 차도통행중,안전운전불이행,포장 - 건조,맑음,교차로 - 교차로부근,승용,남,73세,상해없음,보행자,여,30세,경상
22421,2020040900100121,2020년 4월 9일 09시,목요일,경기도 수원시 장안구 영화동,부상신고사고,0,0,0,1,차대사람 - 횡단중,안전운전불이행,포장 - 건조,맑음,교차로 - 교차로안,승용,남,61세,상해없음,보행자,여,83세,부상신고
22422,2020040900100170,2020년 4월 9일 10시,목요일,경기도 고양시 일산서구 가좌동,중상사고,0,1,0,0,차대사람 - 길가장자리구역통행중,안전운전불이행,포장 - 건조,맑음,교차로 - 교차로횡단보도내,승용,남,69세,상해없음,보행자,여,80세,중상
22423,2020040900100249,2020년 4월 9일 13시,목요일,경기도 성남시 중원구 상대원동,중상사고,0,1,0,0,차대사람 - 기타,안전운전불이행,포장 - 건조,맑음,교차로 - 교차로부근,승용,남,40세,상해없음,보행자,여,70세,중상
22424,2020040900100269,2020년 4월 9일 13시,목요일,경기도 고양시 일산동구 중산동,경상사고,0,0,1,0,차대사람 - 기타,안전운전불이행,포장 - 건조,맑음,교차로 - 교차로부근,승합,남,54세,상해없음,보행자,남,47세,경상
22425,2020040900100279,2020년 4월 9일 14시,목요일,경기도 평택시 안중읍,사망사고,1,2,0,0,차대사람 - 기타,과속,포장 - 건조,맑음,단일로 - 기타,이륜,남,48세,중상,보행자,남,58세,사망
22426,2020040900100314,2020년 4월 9일 15시,목요일,경기도 수원시 장안구 정자동,중상사고,0,1,0,0,차대사람 - 기타,안전운전불이행,포장 - 건조,맑음,단일로 - 기타,자전거,남,69세,상해없음,보행자,여,72세,중상
22427,2020040900100317,2020년 4월 9일 15시,목요일,경기도 광주시 쌍령동,경상사고,0,0,1,0,차대사람 - 횡단중,보행자보호의무위반,포장 - 건조,맑음,교차로 - 교차로횡단보도내,승용,남,71세,상해없음,보행자,남,46세,경상
22428,2020040900100321,2020년 4월 9일 15시,목요일,경기도 수원시 권선구 권선동,경상사고,0,0,1,0,차대사람 - 길가장자리구역통행중,안전운전불이행,포장 - 건조,맑음,기타 - 기타,승용,여,35세,상해없음,보행자,여,31세,경상
22429,2020040900100388,2020년 4월 9일 16시,목요일,경기도 고양시 덕양구 내곡동,경상사고,0,0,1,0,차대사람 - 기타,안전운전불이행,포장 - 건조,맑음,단일로 - 지하차도(도로)내,승용,남,66세,상해없음,보행자,여,31세,경상
22430,2020040900100411,2020년 4월 9일 17시,목요일,경기도 화성시 장안면,경상사고,0,0,1,0,차대사람 - 기타,안전운전불이행,포장 - 건조,맑음,기타 - 기타,승용,남,20세,상해없음,보행자,여,56세,경상
22431,2020040900100425,2020년 4월 9일 17시,목요일,경기도 남양주시 진접읍,중상사고,0,1,0,0,차대사람 - 횡단중,신호위반,포장 - 건조,맑음,교차로 - 교차로안,이륜,남,27세,상해없음,보행자,여,47세,중상
22432,2020040900100440,2020년 4월 9일 18시,목요일,경기도 수원시 팔달구 지동,중상사고,0,1,0,0,차대사람 - 기타,안전운전불이행,포장 - 건조,맑음,단일로 - 기타,화물,남,55세,상해없음,보행자,여,64세,중상
22433,2020040900100483,2020년 4월 9일 19시,목요일,경기도 광주시 남한산성면,사망사고,1,1,0,0,차대사람 - 횡단중,과속,포장 - 건조,맑음,교차로 - 교차로안,승용,남,46세,중상,보행자,남,22세,사망
22434,2020040900100575,2020년 4월 9일 23시,목요일,경기도 성남시 중원구 갈현동,중상사고,0,1,0,0,차대사람 - 차도통행중,안전거리미확보,포장 - 건조,맑음,단일로 - 기타,승용,남,64세,상해없음,보행자,남,26세,중상
22435,2020041000100038,2020년 4월 10일 04시,금요일,경기도 평택시 지산동,중상사고,0,1,0,0,차대사람 - 횡단중,보행자보호의무위반,포장 - 건조,맑음,교차로 - 교차로횡단보도내,승용,남,44세,상해없음,보행자,남,40세,중상
22436,2020041000100039,2020년 4월 10일 04시,금요일,경기도 평택시 비전동,경상사고,0,0,1,0,차대사람 - 기타,안전운전불이행,포장 - 건조,맑음,단일로 - 기타,승용,남,28세,상해없음,보행자,여,20세,경상
22437,2020041000100045,2020년 4월 10일 05시,금요일,경기도 평택시 합정동,경상사고,0,0,1,0,차대사람 - 기타,안전운전불이행,포장 - 건조,맑음,교차로 - 교차로부근,승용,남,52세,상해없음,보행자,남,24세,경상
22438,2020041000100054,2020년 4월 10일 06시,금요일,경기도 이천시 장호원읍,중상사고,0,1,0,0,차대사람 - 횡단중,보행자보호의무위반,포장 - 건조,맑음,교차로 - 교차로안,화물,남,64세,상해없음,보행자,남,68세,중상
22439,2020041000100147,2020년 4월 10일 10시,금요일,경기도 화성시 능동,중상사고,0,1,0,0,차대사람 - 횡단중,보행자보호의무위반,포장 - 건조,맑음,교차로 - 교차로횡단보도내,승용,남,63세,상해없음,보행자,여,22세,중상
22440,2020041000100180,2020년 4월 10일 11시,금요일,경기도 광주시 초월읍,중상사고,0,1,0,0,차대사람 - 횡단중,신호위반,포장 - 건조,맑음,교차로 - 교차로안,승용,남,61세,상해없음,보행자,여,16세,중상
22441,2020041000100200,2020년 4월 10일 11시,금요일,경기도 고양시 일산동구 마두동,사망사고,1,0,0,0,차대사람 - 기타,안전운전불이행,포장 - 건조,맑음,기타 - 기타,화물,남,56세,상해없음,보행자,남,71세,사망
22442,2020041000100241,2020년 4월 10일 12시,금요일,경기도 남양주시 조안면,부상신고사고,0,0,0,1,차대사람 - 기타,안전운전불이행,포장 - 건조,맑음,단일로 - 기타,기타불명,기타불명,미분류,기타불명,보행자,여,5세,부상신고
22443,2020041000100242,2020년 4월 10일 12시,금요일,경기도 남양주시 와부읍,중상사고,0,1,0,0,차대사람 - 기타,기타,포장 - 건조,맑음,교차로 - 교차로부근,특수,남,47세,상해없음,보행자,남,11세,중상
22444,2020041000100269,2020년 4월 10일 13시,금요일,경기도 의정부시 의정부동,중상사고,0,1,0,0,차대사람 - 횡단중,안전운전불이행,포장 - 건조,맑음,교차로 - 교차로부근,승용,여,42세,상해없음,보행자,남,61세,중상
22445,2020041000100281,2020년 4월 10일 14시,금요일,경기도 이천시 관고동,경상사고,0,0,1,0,차대사람 - 보도통행중,보행자보호의무위반,포장 - 건조,맑음,기타 - 기타,승용,여,21세,상해없음,보행자,남,81세,경상
22446,2020041000100282,2020년 4월 10일 14시,금요일,경기도 양평군 용문면,중상사고,0,1,0,0,차대사람 - 기타,안전운전불이행,포장 - 건조,맑음,단일로 - 기타,화물,남,52세,상해없음,보행자,여,92세,중상
22447,2020041000100309,2020년 4월 10일 14시,금요일,경기도 고양시 일산동구 마두동,경상사고,0,0,1,0,차대사람 - 기타,안전운전불이행,포장 - 건조,맑음,단일로 - 기타,승용,남,65세,상해없음,보행자,여,27세,경상
22448,2020041000100323,2020년 4월 10일 15시,금요일,경기도 김포시 대곶면,경상사고,0,0,1,0,차대사람 - 기타,안전운전불이행,포장 - 건조,맑음,단일로 - 기타,화물,남,58세,상해없음,보행자,남,73세,경상
22449,2020041000100378,2020년 4월 10일 16시,금요일,경기도 남양주시 진접읍,중상사고,0,1,0,0,차대사람 - 횡단중,보행자보호의무위반,포장 - 건조,맑음,교차로 - 교차로횡단보도내,승용,여,42세,상해없음,보행자,여,73세,중상
22450,2020041000100446,2020년 4월 10일 18시,금요일,경기도 고양시 덕양구 삼송동,경상사고,0,0,1,0,차대사람 - 횡단중,안전운전불이행,포장 - 건조,맑음,교차로 - 교차로횡단보도내,승용,여,45세,상해없음,보행자,여,52세,경상
22451,2020041000100460,2020년 4월 10일 19시,금요일,경기도 이천시 창전동,중상사고,0,1,0,0,차대사람 - 횡단중,안전운전불이행,포장 - 건조,맑음,교차로 - 교차로안,이륜,남,21세,상해없음,보행자,여,82세,중상
22452,2020041000100492,2020년 4월 10일 20시,금요일,경기도 용인시 처인구 김량장동,중상사고,0,1,0,0,차대사람 - 기타,안전운전불이행,포장 - 건조,맑음,교차로 - 교차로안,승용,남,24세,상해없음,보행자,남,53세,중상
22453,2020041000100545,2020년 4월 10일 21시,금요일,경기도 고양시 덕양구 토당동,경상사고,0,0,1,0,차대사람 - 횡단중,안전운전불이행,포장 - 건조,맑음,교차로 - 교차로횡단보도내,이륜,남,41세,상해없음,보행자,남,59세,경상
22454,2020041000100546,2020년 4월 10일 21시,금요일,경기도 고양시 덕양구 관산동,경상사고,0,0,1,0,차대사람 - 횡단중,안전운전불이행,포장 - 건조,맑음,교차로 - 교차로안,이륜,남,48세,상해없음,보행자,남,65세,경상
22455,2020041000100553,2020년 4월 10일 22시,금요일,경기도 오산시 궐동,중상사고,0,1,0,0,차대사람 - 기타,안전운전불이행,포장 - 건조,맑음,교차로 - 교차로안,승용,남,40세,상해없음,보행자,남,49세,중상
22456,2020041000100566,2020년 4월 10일 22시,금요일,경기도 고양시 덕양구 주교동,중상사고,0,1,0,0,차대사람 - 횡단중,안전운전불이행,포장 - 건조,맑음,교차로 - 교차로안,승용,남,50세,상해없음,보행자,남,51세,중상
22457,2020041000100591,2020년 4월 10일 23시,금요일,경기도 남양주시 와부읍,경상사고,0,0,1,0,차대사람 - 기타,안전운전불이행,포장 - 건조,맑음,교차로 - 교차로안,승용,남,58세,상해없음,보행자,여,28세,경상
22458,2020041100100034,2020년 4월 11일 02시,토요일,경기도 수원시 팔달구 인계동,경상사고,0,0,1,0,차대사람 - 차도통행중,안전운전불이행,포장 - 건조,맑음,단일로 - 기타,승용,남,25세,상해없음,보행자,남,41세,경상
22459,2020041100100042,2020년 4월 11일 02시,토요일,경기도 고양시 일산서구 일산동,부상신고사고,0,0,0,1,차대사람 - 기타,안전운전불이행,포장 - 건조,맑음,주차장 - 주차장,기타불명,기타불명,미분류,기타불명,보행자,남,40세,부상신고
22460,2020041100100132,2020년 4월 11일 10시,토요일,경기도 성남시 중원구 금광동,중상사고,0,1,0,0,차대사람 - 횡단중,안전운전불이행,포장 - 건조,맑음,교차로 - 교차로안,승용,남,43세,상해없음,보행자,여,69세,중상
22461,2020041100100165,2020년 4월 11일 11시,토요일,경기도 성남시 분당구 율동,중상사고,0,1,0,0,차대사람 - 횡단중,보행자보호의무위반,포장 - 건조,맑음,교차로 - 교차로횡단보도내,승용,남,60세,상해없음,보행자,여,28세,중상
22462,2020041100100202,2020년 4월 11일 12시,토요일,경기도 여주시 가남읍,경상사고,0,0,1,0,차대사람 - 기타,안전운전불이행,포장 - 건조,맑음,단일로 - 기타,승합,남,53세,상해없음,보행자,남,57세,경상
22463,2020041100100232,2020년 4월 11일 13시,토요일,경기도 성남시 분당구 운중동,중상사고,0,1,0,0,차대사람 - 기타,안전운전불이행,포장 - 건조,맑음,기타 - 기타,자전거,남,58세,상해없음,보행자,여,52세,중상
22464,2020041100100234,2020년 4월 11일 13시,토요일,경기도 시흥시 정왕동,경상사고,0,0,1,0,차대사람 - 기타,안전운전불이행,포장 - 건조,맑음,단일로 - 기타,승용,남,60세,상해없음,보행자,남,38세,경상
22465,2020041100100273,2020년 4월 11일 14시,토요일,경기도 성남시 중원구 금광동,경상사고,0,0,1,0,차대사람 - 기타,안전운전불이행,포장 - 건조,맑음,단일로 - 기타,승용,남,60세,상해없음,보행자,남,3세,경상
22466,2020041100100290,2020년 4월 11일 14시,토요일,경기도 남양주시 와부읍,경상사고,0,0,1,0,차대사람 - 기타,안전운전불이행,포장 - 건조,맑음,기타 - 기타,자전거,남,50세,상해없음,보행자,남,9세,경상
22467,2020041100100302,2020년 4월 11일 15시,토요일,경기도 용인시 기흥구 보라동,경상사고,0,0,1,0,차대사람 - 횡단중,신호위반,포장 - 건조,맑음,교차로 - 교차로횡단보도내,이륜,남,42세,상해없음,보행자,남,63세,경상
22468,2020041100100332,2020년 4월 11일 15시,토요일,경기도 남양주시 진접읍,경상사고,0,0,1,0,차대사람 - 기타,기타,포장 - 건조,맑음,기타 - 기타,자전거,남,27세,상해없음,보행자,남,39세,경상
22469,2020041100100347,2020년 4월 11일 16시,토요일,경기도 성남시 중원구 상대원동,경상사고,0,0,1,0,차대사람 - 기타,안전운전불이행,포장 - 건조,맑음,단일로 - 기타,화물,남,51세,상해없음,보행자,여,62세,경상
22470,2020041100100366,2020년 4월 11일 16시,토요일,경기도 포천시 영북면,중상사고,0,1,0,0,차대사람 - 기타,안전운전불이행,포장 - 건조,맑음,단일로 - 기타,승용,남,27세,상해없음,보행자,남,87세,중상
22471,2020041100100378,2020년 4월 11일 17시,토요일,경기도 용인시 기흥구 동백동,중상사고,0,1,0,0,차대사람 - 기타,기타,포장 - 건조,맑음,단일로 - 기타,승합,남,73세,상해없음,보행자,여,71세,중상
22472,2020041100100411,2020년 4월 11일 18시,토요일,경기도 이천시 안흥동,경상사고,0,0,1,0,차대사람 - 보도통행중,기타,포장 - 건조,맑음,단일로 - 기타,승용,남,65세,상해없음,보행자,남,26세,경상
22473,2020041100100418,2020년 4월 11일 18시,토요일,경기도 안양시 만안구 안양동,경상사고,0,0,1,0,차대사람 - 기타,안전운전불이행,포장 - 건조,맑음,기타 - 기타,승용,여,30세,상해없음,보행자,남,19세,경상
22474,2020041100100458,2020년 4월 11일 19시,토요일,경기도 광주시 태전동,경상사고,0,0,1,0,차대사람 - 횡단중,보행자보호의무위반,포장 - 건조,맑음,교차로 - 교차로안,승합,남,50세,상해없음,보행자,남,67세,경상
22475,2020041100100459,2020년 4월 11일 19시,토요일,경기도 수원시 팔달구 인계동,중상사고,0,1,0,0,차대사람 - 기타,기타,포장 - 건조,맑음,단일로 - 기타,자전거,남,51세,상해없음,보행자,여,49세,중상
22476,2020041100100461,2020년 4월 11일 19시,토요일,경기도 용인시 수지구 동천동,경상사고,0,0,1,0,차대사람 - 횡단중,안전운전불이행,포장 - 건조,맑음,교차로 - 교차로부근,승용,남,55세,상해없음,보행자,여,65세,경상
22477,2020041100100532,2020년 4월 11일 21시,토요일,경기도 구리시 인창동,중상사고,0,1,0,0,차대사람 - 기타,안전운전불이행,포장 - 건조,맑음,교차로 - 교차로안,승용,여,51세,상해없음,보행자,남,77세,중상
22478,2020041100100542,2020년 4월 11일 22시,토요일,경기도 수원시 팔달구 우만동,중상사고,0,1,0,0,차대사람 - 기타,안전운전불이행,포장 - 건조,맑음,교차로 - 교차로안,승용,남,60세,상해없음,보행자,남,37세,중상
22479,2020041200100003,2020년 4월 12일 00시,일요일,경기도 부천시 상동,중상사고,0,1,0,0,차대사람 - 기타,안전운전불이행,포장 - 건조,맑음,단일로 - 기타,승용,남,31세,상해없음,보행자,남,32세,중상
22480,2020041200100042,2020년 4월 12일 03시,일요일,경기도 수원시 팔달구 인계동,경상사고,0,0,1,0,차대사람 - 기타,안전운전불이행,포장 - 건조,맑음,단일로 - 기타,승용,남,24세,상해없음,보행자,남,28세,경상
22481,2020041200100136,2020년 4월 12일 11시,일요일,경기도 이천시 장호원읍,중상사고,0,1,0,0,차대사람 - 기타,안전운전불이행,포장 - 건조,맑음,교차로 - 교차로안,화물,남,21세,상해없음,보행자,남,14세,중상
22482,2020041200100263,2020년 4월 12일 16시,일요일,경기도 시흥시 신천동,경상사고,0,0,1,0,차대사람 - 차도통행중,안전운전불이행,포장 - 건조,맑음,교차로 - 교차로안,승용,남,56세,상해없음,보행자,남,46세,경상
22483,2020041200100264,2020년 4월 12일 16시,일요일,경기도 안산시 상록구 본오동,중상사고,0,1,0,0,차대사람 - 횡단중,안전운전불이행,포장 - 건조,맑음,단일로 - 기타,자전거,남,18세,상해없음,보행자,남,59세,중상
22484,2020041200100265,2020년 4월 12일 16시,일요일,경기도 수원시 권선구 서둔동,중상사고,0,1,0,0,차대사람 - 횡단중,안전운전불이행,포장 - 건조,맑음,단일로 - 기타,이륜,남,17세,상해없음,보행자,남,71세,중상
22485,2020041200100266,2020년 4월 12일 16시,일요일,경기도 하남시 신장동,경상사고,0,0,1,0,차대사람 - 기타,안전운전불이행,포장 - 건조,맑음,단일로 - 기타,승용,남,66세,상해없음,보행자,여,61세,경상
22486,2020041200100310,2020년 4월 12일 18시,일요일,경기도 평택시 비전동,부상신고사고,0,0,0,1,차대사람 - 보도통행중,안전운전불이행,포장 - 건조,맑음,단일로 - 기타,자전거,남,15세,상해없음,보행자,남,40세,부상신고
22487,2020041200100370,2020년 4월 12일 20시,일요일,경기도 부천시 오정동,중상사고,0,1,0,0,차대사람 - 보도통행중,신호위반,포장 - 건조,맑음,교차로 - 교차로횡단보도내,이륜,남,25세,상해없음,보행자,남,51세,중상
22488,2020041200100371,2020년 4월 12일 20시,일요일,경기도 용인시 수지구 상현동,중상사고,0,1,0,0,차대사람 - 횡단중,보행자보호의무위반,포장 - 건조,맑음,교차로 - 교차로부근,이륜,남,44세,상해없음,보행자,여,27세,중상
22489,2020041200100378,2020년 4월 12일 20시,일요일,경기도 구리시 교문동,중상사고,0,1,1,0,차대사람 - 기타,안전운전불이행,포장 - 건조,맑음,단일로 - 기타,승용,남,65세,상해없음,보행자,남,22세,경상
22490,2020041200100389,2020년 4월 12일 21시,일요일,경기도 의왕시 왕곡동,경상사고,0,0,1,0,차대사람 - 횡단중,안전운전불이행,포장 - 건조,맑음,단일로 - 기타,화물,남,64세,상해없음,보행자,남,54세,경상
22491,2020041200100408,2020년 4월 12일 22시,일요일,경기도 양평군 양평읍,중상사고,0,1,0,0,차대사람 - 보도통행중,보행자보호의무위반,포장 - 건조,기타,교차로 - 교차로횡단보도내,승용,남,42세,상해없음,보행자,남,47세,중상
22492,2020041300100036,2020년 4월 13일 07시,월요일,경기도 수원시 장안구 천천동,경상사고,0,0,1,0,차대사람 - 횡단중,보행자보호의무위반,포장 - 건조,맑음,교차로 - 교차로안,승용,여,28세,상해없음,보행자,여,70세,경상
22493,2020041300100042,2020년 4월 13일 07시,월요일,경기도 수원시 팔달구 매산로3가,경상사고,0,0,1,0,차대사람 - 횡단중,보행자보호의무위반,포장 - 건조,맑음,교차로 - 교차로부근,승용,남,65세,상해없음,보행자,남,23세,경상
22494,2020041300100110,2020년 4월 13일 09시,월요일,경기도 부천시 심곡본동,경상사고,0,0,1,0,차대사람 - 기타,안전운전불이행,포장 - 건조,맑음,단일로 - 기타,승합,남,46세,상해없음,보행자,여,67세,경상
22495,2020041300100235,2020년 4월 13일 13시,월요일,경기도 수원시 영통구 이의동,중상사고,0,1,0,0,차대사람 - 횡단중,보행자보호의무위반,포장 - 건조,맑음,교차로 - 교차로안,승용,남,47세,상해없음,보행자,남,31세,중상
22496,2020041300100255,2020년 4월 13일 13시,월요일,경기도 고양시 덕양구 도내동,경상사고,0,0,1,0,차대사람 - 기타,안전운전불이행,포장 - 건조,맑음,단일로 - 기타,자전거,남,9세,상해없음,보행자,남,7세,경상
22497,2020041300100258,2020년 4월 13일 13시,월요일,경기도 연천군 전곡읍,중상사고,0,1,0,0,차대사람 - 기타,안전운전불이행,포장 - 건조,맑음,교차로 - 교차로부근,승용,여,39세,상해없음,보행자,여,76세,중상
22498,2020041300100270,2020년 4월 13일 14시,월요일,경기도 수원시 영통구 원천동,중상사고,0,1,0,0,차대사람 - 기타,안전운전불이행,포장 - 기타,기타,단일로 - 기타,승합,남,45세,상해없음,보행자,여,56세,중상
22499,2020041300100295,2020년 4월 13일 15시,월요일,경기도 안양시 동안구 관양동,경상사고,0,0,1,0,차대사람 - 차도통행중,안전운전불이행,포장 - 건조,맑음,단일로 - 기타,화물,남,25세,상해없음,보행자,여,49세,경상