,사고번호,사고일시,요일,시군구,사고내용,사망자수,중상자수,경상자수,부상신고자수,사고유형,법규위반,노면상태,기상상태,도로형태,가해운전자 차종,가해운전자 성별,가해운전자 연령,가해운전자 상해정도,피해운전자 차종,피해운전자 성별,피해운전자 연령,피해운전자 상해정도
22500,2020041300100301,2020년 4월 13일 15시,월요일,경기도 안양시 만안구 안양동,중상사고,0,1,0,0,차대사람 - 기타,안전운전불이행,포장 - 건조,맑음,기타 - 기타,자전거,여,65세,기타불명,보행자,남,61세,중상
22501,2020041300100332,2020년 4월 13일 16시,월요일,경기도 하남시 초이동,중상사고,0,1,0,0,차대사람 - 횡단중,보행자보호의무위반,포장 - 건조,맑음,교차로 - 교차로부근,화물,남,64세,상해없음,보행자,여,67세,중상
22502,2020041300100374,2020년 4월 13일 17시,월요일,경기도 안산시 단원구 고잔동,중상사고,0,1,0,0,차대사람 - 기타,안전운전불이행,포장 - 건조,맑음,단일로 - 기타,승합,남,45세,상해없음,보행자,남,63세,중상
22503,2020041300100375,2020년 4월 13일 17시,월요일,경기도 안산시 단원구 선부동,경상사고,0,0,1,0,차대사람 - 기타,안전운전불이행,포장 - 건조,맑음,단일로 - 기타,기타불명,기타불명,미분류,기타불명,보행자,남,63세,경상
22504,2020041300100425,2020년 4월 13일 18시,월요일,경기도 평택시 포승읍,중상사고,0,1,0,0,차대사람 - 횡단중,보행자보호의무위반,포장 - 건조,맑음,교차로 - 교차로부근,승용,남,36세,기타불명,보행자,여,64세,중상
22505,2020041300100466,2020년 4월 13일 19시,월요일,경기도 성남시 수정구 태평동,경상사고,0,0,1,0,차대사람 - 기타,안전운전불이행,포장 - 건조,맑음,단일로 - 기타,승용,여,33세,상해없음,보행자,남,23세,경상
22506,2020041300100469,2020년 4월 13일 19시,월요일,경기도 광주시 퇴촌면,중상사고,0,1,0,0,차대사람 - 기타,안전운전불이행,포장 - 건조,맑음,단일로 - 기타,기타불명,기타불명,미분류,기타불명,보행자,남,85세,중상
22507,2020041300100516,2020년 4월 13일 20시,월요일,경기도 부천시 작동,경상사고,0,0,1,0,차대사람 - 횡단중,보행자보호의무위반,포장 - 건조,맑음,교차로 - 교차로횡단보도내,승용,여,52세,상해없음,보행자,여,20세,경상
22508,2020041400100021,2020년 4월 14일 01시,화요일,경기도 수원시 팔달구 인계동,경상사고,0,0,1,0,차대사람 - 기타,안전운전불이행,포장 - 건조,맑음,단일로 - 기타,승용,남,27세,상해없음,보행자,여,67세,경상
22509,2020041400100172,2020년 4월 14일 11시,화요일,경기도 부천시 중동,중상사고,0,1,0,0,차대사람 - 기타,안전운전불이행,포장 - 건조,맑음,단일로 - 기타,이륜,남,59세,상해없음,보행자,여,49세,중상
22510,2020041400100192,2020년 4월 14일 11시,화요일,경기도 의정부시 의정부동,중상사고,0,1,0,0,차대사람 - 횡단중,보행자보호의무위반,포장 - 건조,맑음,단일로 - 기타,승용,여,49세,상해없음,보행자,남,60세,중상
22511,2020041400100209,2020년 4월 14일 12시,화요일,경기도 수원시 팔달구 지동,경상사고,0,0,1,0,차대사람 - 기타,보행자보호의무위반,포장 - 건조,맑음,교차로 - 교차로부근,화물,남,44세,상해없음,보행자,남,47세,경상
22512,2020041400100229,2020년 4월 14일 12시,화요일,경기도 고양시 덕양구 화정동,경상사고,0,0,1,0,차대사람 - 기타,안전운전불이행,포장 - 건조,맑음,기타 - 기타,승용,남,72세,상해없음,보행자,여,35세,경상
22513,2020041400100230,2020년 4월 14일 12시,화요일,경기도 고양시 일산동구 식사동,경상사고,0,0,1,0,차대사람 - 횡단중,안전운전불이행,포장 - 건조,맑음,단일로 - 기타,이륜,남,17세,상해없음,보행자,남,37세,경상
22514,2020041400100231,2020년 4월 14일 12시,화요일,경기도 구리시 수택동,중상사고,0,1,0,0,차대사람 - 기타,안전운전불이행,포장 - 건조,맑음,단일로 - 기타,화물,남,34세,상해없음,보행자,여,66세,중상
22515,2020041400100305,2020년 4월 14일 15시,화요일,경기도 김포시 통진읍,경상사고,0,0,1,0,차대사람 - 횡단중,보행자보호의무위반,포장 - 건조,맑음,교차로 - 교차로횡단보도내,승용,여,65세,상해없음,보행자,남,63세,경상
22516,2020041400100328,2020년 4월 14일 15시,화요일,경기도 파주시 문산읍,경상사고,0,0,1,0,차대사람 - 차도통행중,안전운전불이행,포장 - 건조,맑음,교차로 - 교차로안,승용,여,47세,상해없음,보행자,여,82세,경상
22517,2020041400100339,2020년 4월 14일 16시,화요일,경기도 시흥시 대야동,경상사고,0,0,1,0,차대사람 - 기타,안전운전불이행,포장 - 건조,맑음,단일로 - 기타,승용,남,69세,상해없음,보행자,여,58세,경상
22518,2020041400100473,2020년 4월 14일 19시,화요일,경기도 수원시 장안구 조원동,경상사고,0,0,1,0,차대사람 - 기타,안전운전불이행,포장 - 건조,맑음,단일로 - 기타,화물,남,60세,상해없음,보행자,여,49세,경상
22519,2020041400100484,2020년 4월 14일 19시,화요일,경기도 부천시 삼정동,경상사고,0,0,1,0,차대사람 - 길가장자리구역통행중,안전운전불이행,포장 - 건조,맑음,단일로 - 기타,승용,남,23세,상해없음,보행자,남,18세,경상
22520,2020041400100509,2020년 4월 14일 20시,화요일,경기도 평택시 서정동,경상사고,0,0,1,0,차대사람 - 기타,안전운전불이행,포장 - 건조,맑음,기타 - 기타,이륜,남,23세,상해없음,보행자,남,5세,경상
22521,2020041400100511,2020년 4월 14일 20시,화요일,경기도 이천시 부발읍,경상사고,0,0,3,0,차대사람 - 횡단중,안전운전불이행,포장 - 건조,맑음,단일로 - 기타,승용,남,32세,상해없음,보행자,남,56세,경상
22522,2020041400100564,2020년 4월 14일 22시,화요일,경기도 시흥시 정왕동,경상사고,0,0,1,0,차대사람 - 기타,안전운전불이행,포장 - 건조,맑음,기타 - 기타,자전거,남,51세,상해없음,보행자,여,40세,경상
22523,2020041500100046,2020년 4월 15일 03시,수요일,경기도 평택시 합정동,경상사고,0,0,1,0,차대사람 - 기타,안전운전불이행,포장 - 건조,맑음,단일로 - 기타,기타불명,기타불명,미분류,기타불명,보행자,남,24세,경상
22524,2020041500100059,2020년 4월 15일 05시,수요일,경기도 김포시 운양동,중상사고,0,1,0,0,차대사람 - 횡단중,안전운전불이행,포장 - 건조,맑음,단일로 - 기타,승용,남,32세,상해없음,보행자,남,79세,중상
22525,2020041500100070,2020년 4월 15일 06시,수요일,경기도 양평군 서종면,중상사고,0,1,0,0,차대사람 - 기타,안전운전불이행,포장 - 건조,맑음,단일로 - 기타,화물,남,58세,상해없음,보행자,여,84세,중상
22526,2020041500100106,2020년 4월 15일 09시,수요일,경기도 하남시 신장동,중상사고,0,1,0,0,차대사람 - 기타,불법유턴,포장 - 건조,맑음,단일로 - 기타,승용,남,47세,상해없음,보행자,남,59세,중상
22527,2020041500100142,2020년 4월 15일 11시,수요일,경기도 부천시 심곡동,경상사고,0,0,1,0,차대사람 - 기타,안전운전불이행,포장 - 건조,맑음,단일로 - 기타,개인형이동수단(PM),남,24세,상해없음,보행자,남,45세,경상
22528,2020041500100150,2020년 4월 15일 11시,수요일,경기도 수원시 권선구 탑동,중상사고,0,1,0,0,차대사람 - 차도통행중,안전운전불이행,포장 - 건조,맑음,단일로 - 기타,승용,남,47세,상해없음,보행자,남,84세,중상
22529,2020041500100232,2020년 4월 15일 14시,수요일,경기도 부천시 상동,경상사고,0,0,2,0,차대사람 - 기타,안전운전불이행,포장 - 건조,맑음,교차로 - 교차로부근,승용,남,58세,상해없음,보행자,여,8세,경상
22530,2020041500100269,2020년 4월 15일 15시,수요일,경기도 평택시 포승읍,중상사고,0,1,0,0,차대사람 - 기타,기타,포장 - 건조,맑음,단일로 - 기타,승합,남,56세,상해없음,보행자,남,80세,중상
22531,2020041500100271,2020년 4월 15일 15시,수요일,경기도 안산시 단원구 고잔동,중상사고,0,1,0,0,차대사람 - 길가장자리구역통행중,안전운전불이행,포장 - 건조,맑음,단일로 - 기타,승용,여,51세,상해없음,보행자,남,11세,중상
22532,2020041500100299,2020년 4월 15일 16시,수요일,경기도 용인시 기흥구 상하동,중상사고,0,1,0,0,차대사람 - 횡단중,안전운전불이행,포장 - 건조,맑음,단일로 - 기타,자전거,남,15세,기타불명,보행자,남,76세,중상
22533,2020041500100304,2020년 4월 15일 16시,수요일,경기도 시흥시 정왕동,부상신고사고,0,0,0,2,차대사람 - 기타,안전운전불이행,포장 - 건조,맑음,단일로 - 기타,기타불명,기타불명,미분류,기타불명,보행자,여,34세,부상신고
22534,2020041500100320,2020년 4월 15일 16시,수요일,경기도 남양주시 화도읍,경상사고,0,0,2,0,차대사람 - 기타,안전운전불이행,포장 - 건조,맑음,단일로 - 기타,개인형이동수단(PM),여,25세,경상,보행자,남,12세,경상
22535,2020041500100434,2020년 4월 15일 21시,수요일,경기도 평택시 서정동,경상사고,0,0,1,0,차대사람 - 횡단중,안전운전불이행,포장 - 건조,맑음,단일로 - 기타,화물,남,38세,상해없음,보행자,여,59세,경상
22536,2020041500100435,2020년 4월 15일 21시,수요일,경기도 평택시 서정동,경상사고,0,0,1,0,차대사람 - 기타,안전운전불이행,포장 - 건조,맑음,단일로 - 기타,승합,남,53세,상해없음,보행자,남,58세,경상
22537,2020041600100001,2020년 4월 16일 00시,목요일,경기도 시흥시 신천동,경상사고,0,0,1,0,차대사람 - 횡단중,안전운전불이행,포장 - 건조,맑음,교차로 - 교차로횡단보도내,승용,남,51세,상해없음,보행자,여,54세,경상
22538,2020041600100029,2020년 4월 16일 03시,목요일,경기도 의정부시 의정부동,부상신고사고,0,0,0,1,차대사람 - 기타,안전운전불이행,포장 - 건조,맑음,단일로 - 기타,승용,남,53세,상해없음,보행자,남,38세,부상신고
22539,2020041600100043,2020년 4월 16일 06시,목요일,경기도 평택시 고덕면,경상사고,0,0,1,0,차대사람 - 횡단중,안전운전불이행,포장 - 건조,맑음,교차로 - 교차로부근,승용,남,30세,상해없음,보행자,여,27세,경상
22540,2020041600100122,2020년 4월 16일 10시,목요일,경기도 수원시 장안구 연무동,경상사고,0,0,1,0,차대사람 - 기타,안전운전불이행,포장 - 건조,맑음,기타 - 기타,승용,여,59세,상해없음,보행자,여,35세,경상
22541,2020041600100124,2020년 4월 16일 10시,목요일,경기도 용인시 기흥구 영덕동,중상사고,0,1,0,0,차대사람 - 보도통행중,신호위반,포장 - 건조,맑음,단일로 - 기타,화물,남,60세,상해없음,보행자,남,38세,중상
22542,2020041600100170,2020년 4월 16일 12시,목요일,경기도 안성시 공도읍,경상사고,0,0,1,0,차대사람 - 기타,기타,포장 - 건조,맑음,교차로 - 교차로부근,승용,여,40세,상해없음,보행자,남,3세,경상
22543,2020041600100172,2020년 4월 16일 12시,목요일,경기도 오산시 외삼미동,경상사고,0,0,1,1,차대사람 - 기타,보행자보호의무위반,포장 - 건조,맑음,교차로 - 교차로안,승용,여,29세,상해없음,보행자,여,34세,경상
22544,2020041600100199,2020년 4월 16일 13시,목요일,경기도 이천시 부발읍,경상사고,0,0,1,0,차대사람 - 기타,안전운전불이행,포장 - 건조,맑음,단일로 - 기타,승용,여,49세,상해없음,보행자,남,48세,경상
22545,2020041600100201,2020년 4월 16일 13시,목요일,경기도 수원시 권선구 세류동,중상사고,0,1,0,0,차대사람 - 횡단중,안전운전불이행,포장 - 건조,맑음,교차로 - 교차로안,승용,여,67세,상해없음,보행자,남,25세,중상
22546,2020041600100233,2020년 4월 16일 14시,목요일,경기도 안산시 상록구 사동,경상사고,0,0,1,0,차대사람 - 기타,안전운전불이행,포장 - 건조,맑음,교차로 - 교차로안,화물,남,43세,상해없음,보행자,여,54세,경상
22547,2020041600100269,2020년 4월 16일 15시,목요일,경기도 이천시 부발읍,경상사고,0,0,1,0,차대사람 - 보도통행중,기타,포장 - 건조,맑음,기타 - 기타,승용,여,31세,상해없음,보행자,여,26세,경상
22548,2020041600100296,2020년 4월 16일 15시,목요일,경기도 의정부시 낙양동,중상사고,0,1,0,0,차대사람 - 횡단중,안전운전불이행,포장 - 건조,맑음,교차로 - 교차로횡단보도내,승용,남,23세,상해없음,보행자,여,43세,중상
22549,2020041600100297,2020년 4월 16일 15시,목요일,경기도 고양시 일산동구 장항동,경상사고,0,0,1,0,차대사람 - 기타,안전운전불이행,포장 - 건조,맑음,단일로 - 기타,화물,남,52세,상해없음,보행자,여,65세,경상
22550,2020041600100338,2020년 4월 16일 17시,목요일,경기도 화성시 진안동,경상사고,0,0,1,0,차대사람 - 기타,안전운전불이행,포장 - 건조,맑음,단일로 - 기타,승용,남,52세,상해없음,보행자,남,33세,경상
22551,2020041600100372,2020년 4월 16일 18시,목요일,경기도 군포시 당정동,경상사고,0,0,1,0,차대사람 - 횡단중,보행자보호의무위반,포장 - 건조,맑음,교차로 - 교차로안,승용,여,33세,상해없음,보행자,여,59세,경상
22552,2020041600100410,2020년 4월 16일 19시,목요일,경기도 광주시 초월읍,경상사고,0,0,1,0,차대사람 - 기타,안전운전불이행,포장 - 건조,기타,단일로 - 기타,화물,남,51세,상해없음,보행자,남,59세,경상
22553,2020041600100413,2020년 4월 16일 19시,목요일,경기도 성남시 분당구 정자동,경상사고,0,0,1,0,차대사람 - 기타,안전운전불이행,포장 - 건조,맑음,단일로 - 기타,이륜,남,29세,상해없음,보행자,남,49세,경상
22554,2020041600100434,2020년 4월 16일 19시,목요일,경기도 고양시 덕양구 내유동,중상사고,0,1,0,0,차대사람 - 기타,보행자보호의무위반,포장 - 기타,맑음,교차로 - 교차로횡단보도내,승용,여,46세,상해없음,보행자,남,76세,중상
22555,2020041600100435,2020년 4월 16일 19시,목요일,경기도 포천시 일동면,경상사고,0,0,1,0,차대사람 - 기타,안전운전불이행,포장 - 건조,맑음,교차로 - 교차로부근,승용,여,36세,상해없음,보행자,남,57세,경상
22556,2020041600100444,2020년 4월 16일 20시,목요일,경기도 부천시 중동,중상사고,0,1,0,0,차대사람 - 차도통행중,안전운전불이행,포장 - 건조,맑음,단일로 - 기타,승용,남,58세,상해없음,보행자,남,51세,중상
22557,2020041600100445,2020년 4월 16일 20시,목요일,경기도 군포시 부곡동,중상사고,0,1,0,0,차대사람 - 기타,안전운전불이행,포장 - 건조,맑음,기타 - 기타,건설기계,남,45세,상해없음,보행자,남,59세,중상
22558,2020041600100467,2020년 4월 16일 20시,목요일,경기도 포천시 군내면,중상사고,0,1,0,0,차대사람 - 횡단중,안전운전불이행,포장 - 건조,맑음,단일로 - 기타,승용,남,63세,상해없음,보행자,남,80세,중상
22559,2020041600100515,2020년 4월 16일 23시,목요일,경기도 김포시 장기동,중상사고,0,1,0,0,차대사람 - 횡단중,과속,포장 - 건조,맑음,교차로 - 교차로횡단보도내,승용,남,32세,상해없음,보행자,남,60세,중상
22560,2020041600100517,2020년 4월 16일 23시,목요일,경기도 부천시 고강동,중상사고,0,1,0,0,차대사람 - 횡단중,안전운전불이행,포장 - 건조,맑음,교차로 - 교차로안,승용,남,28세,상해없음,보행자,여,26세,중상
22561,2020041600100525,2020년 4월 16일 23시,목요일,경기도 의정부시 의정부동,중상사고,0,1,0,0,차대사람 - 기타,안전운전불이행,포장 - 건조,맑음,교차로 - 교차로부근,승용,남,27세,상해없음,보행자,남,59세,중상
22562,2020041700100076,2020년 4월 17일 08시,금요일,경기도 안산시 단원구 고잔동,사망사고,1,0,0,0,차대사람 - 횡단중,안전운전불이행,포장 - 젖음/습기,흐림,단일로 - 기타,승용,남,62세,상해없음,보행자,여,80세,사망
22563,2020041700100125,2020년 4월 17일 10시,금요일,경기도 오산시 원동,경상사고,0,0,1,0,차대사람 - 기타,안전운전불이행,포장 - 젖음/습기,흐림,단일로 - 기타,승용,여,51세,상해없음,보행자,남,45세,경상
22564,2020041700100127,2020년 4월 17일 10시,금요일,경기도 하남시 감북동,중상사고,0,1,0,0,차대사람 - 횡단중,보행자보호의무위반,포장 - 건조,맑음,단일로 - 기타,화물,남,50세,상해없음,보행자,여,81세,중상
22565,2020041700100128,2020년 4월 17일 10시,금요일,경기도 용인시 수지구 신봉동,중상사고,0,1,0,0,차대사람 - 기타,보행자보호의무위반,포장 - 건조,맑음,교차로 - 교차로횡단보도내,승용,여,71세,상해없음,보행자,남,68세,중상
22566,2020041700100152,2020년 4월 17일 11시,금요일,경기도 용인시 처인구 모현읍,중상사고,0,1,0,0,차대사람 - 기타,안전운전불이행,포장 - 건조,맑음,기타 - 기타,승용,여,40세,상해없음,보행자,여,69세,중상
22567,2020041700100210,2020년 4월 17일 13시,금요일,경기도 광주시 장지동,중상사고,0,1,0,0,차대사람 - 횡단중,보행자보호의무위반,포장 - 건조,맑음,교차로 - 교차로횡단보도내,승용,여,43세,상해없음,보행자,남,19세,중상
22568,2020041700100274,2020년 4월 17일 15시,금요일,경기도 수원시 장안구 정자동,경상사고,0,0,1,0,차대사람 - 기타,안전운전불이행,포장 - 건조,맑음,단일로 - 기타,승용,남,26세,상해없음,보행자,남,27세,경상
22569,2020041700100275,2020년 4월 17일 15시,금요일,경기도 평택시 신장동,중상사고,0,1,0,0,차대사람 - 횡단중,안전운전불이행,포장 - 건조,맑음,교차로 - 교차로부근,승용,여,23세,상해없음,보행자,여,88세,중상
22570,2020041700100313,2020년 4월 17일 16시,금요일,경기도 용인시 기흥구 보라동,경상사고,0,0,1,0,차대사람 - 기타,보행자보호의무위반,포장 - 건조,맑음,교차로 - 교차로횡단보도내,승용,여,77세,상해없음,보행자,남,27세,경상
22571,2020041700100316,2020년 4월 17일 16시,금요일,경기도 성남시 분당구 백현동,경상사고,0,0,1,0,차대사람 - 기타,안전운전불이행,포장 - 건조,맑음,단일로 - 기타,승용,남,35세,상해없음,보행자,남,40세,경상
22572,2020041700100334,2020년 4월 17일 16시,금요일,경기도 고양시 일산동구 백석동,경상사고,0,0,2,0,차대사람 - 횡단중,신호위반,포장 - 건조,맑음,교차로 - 교차로횡단보도내,승용,남,67세,상해없음,보행자,남,26세,경상
22573,2020041700100338,2020년 4월 17일 16시,금요일,경기도 구리시 토평동,경상사고,0,0,1,0,차대사람 - 기타,안전운전불이행,포장 - 젖음/습기,비,단일로 - 기타,승용,남,49세,상해없음,보행자,여,17세,경상
22574,2020041700100347,2020년 4월 17일 17시,금요일,경기도 안산시 단원구 원곡동,부상신고사고,0,0,0,1,차대사람 - 기타,안전운전불이행,포장 - 건조,맑음,교차로 - 교차로안,승용,남,50세,상해없음,보행자,남,31세,부상신고
22575,2020041700100400,2020년 4월 17일 18시,금요일,경기도 고양시 일산동구 성석동,중상사고,0,1,0,0,차대사람 - 횡단중,안전운전불이행,포장 - 건조,맑음,단일로 - 기타,승용,여,46세,상해없음,보행자,여,63세,중상
22576,2020041700100418,2020년 4월 17일 19시,금요일,경기도 안양시 만안구 안양동,중상사고,0,1,0,0,차대사람 - 기타,기타,포장 - 건조,맑음,단일로 - 기타,승합,남,54세,상해없음,보행자,여,76세,중상
22577,2020041700100438,2020년 4월 17일 19시,금요일,경기도 양주시 삼숭동,부상신고사고,0,0,0,1,차대사람 - 기타,안전운전불이행,포장 - 건조,맑음,단일로 - 기타,기타불명,기타불명,미분류,기타불명,보행자,여,74세,부상신고
22578,2020041700100498,2020년 4월 17일 21시,금요일,경기도 파주시 문산읍,부상신고사고,0,0,0,1,차대사람 - 기타,안전운전불이행,포장 - 건조,맑음,단일로 - 기타,기타불명,기타불명,미분류,기타불명,보행자,남,61세,부상신고
22579,2020041700100538,2020년 4월 17일 23시,금요일,경기도 광명시 소하동,중상사고,0,1,0,0,차대사람 - 기타,신호위반,포장 - 건조,맑음,교차로 - 교차로안,화물,남,46세,상해없음,보행자,여,31세,중상
22580,2020041800100026,2020년 4월 18일 01시,토요일,경기도 고양시 일산동구 정발산동,부상신고사고,0,0,0,1,차대사람 - 횡단중,안전운전불이행,포장 - 건조,맑음,단일로 - 기타,승용,남,49세,상해없음,보행자,남,47세,부상신고
22581,2020041800100028,2020년 4월 18일 02시,토요일,경기도 부천시 심곡동,중상사고,0,1,0,0,차대사람 - 횡단중,안전운전불이행,포장 - 건조,맑음,기타 - 기타,승용,남,24세,상해없음,보행자,여,23세,중상
22582,2020041800100051,2020년 4월 18일 05시,토요일,경기도 수원시 장안구 영화동,경상사고,0,0,1,0,차대사람 - 기타,안전운전불이행,포장 - 건조,맑음,단일로 - 기타,승용,남,35세,상해없음,보행자,남,45세,경상
22583,2020041800100116,2020년 4월 18일 09시,토요일,경기도 이천시 증일동,중상사고,0,1,0,0,차대사람 - 기타,안전운전불이행,포장 - 건조,맑음,단일로 - 기타,승용,남,61세,상해없음,보행자,남,48세,중상
22584,2020041800100117,2020년 4월 18일 09시,토요일,경기도 수원시 팔달구 인계동,경상사고,0,0,1,0,차대사람 - 길가장자리구역통행중,안전운전불이행,포장 - 건조,맑음,기타 - 기타,승용,남,26세,상해없음,보행자,여,77세,경상
22585,2020041800100200,2020년 4월 18일 12시,토요일,경기도 김포시 장기동,부상신고사고,0,0,0,1,차대사람 - 보도통행중,안전운전불이행,포장 - 기타,맑음,기타 - 기타,자전거,남,16세,상해없음,보행자,여,5세,부상신고
22586,2020041800100238,2020년 4월 18일 13시,토요일,경기도 하남시 춘궁동,경상사고,0,0,1,0,차대사람 - 기타,안전운전불이행,포장 - 건조,맑음,단일로 - 기타,승용,여,51세,상해없음,보행자,여,65세,경상
22587,2020041800100270,2020년 4월 18일 14시,토요일,경기도 용인시 처인구 역북동,경상사고,0,0,1,0,차대사람 - 횡단중,안전운전불이행,포장 - 건조,맑음,교차로 - 교차로안,기타불명,기타불명,미분류,기타불명,보행자,남,10세,경상
22588,2020041800100347,2020년 4월 18일 16시,토요일,경기도 성남시 중원구 도촌동,경상사고,0,0,1,0,차대사람 - 횡단중,안전운전불이행,포장 - 건조,맑음,교차로 - 교차로부근,화물,남,58세,상해없음,보행자,여,54세,경상
22589,2020041800100384,2020년 4월 18일 17시,토요일,경기도 수원시 영통구 매탄동,중상사고,0,1,0,0,차대사람 - 기타,안전운전불이행,포장 - 건조,맑음,기타 - 기타,원동기,남,31세,상해없음,보행자,여,53세,중상
22590,2020041800100412,2020년 4월 18일 18시,토요일,경기도 수원시 팔달구 북수동,경상사고,0,0,1,0,차대사람 - 기타,신호위반,포장 - 건조,맑음,기타 - 기타,승용,남,63세,상해없음,보행자,여,20세,경상
22591,2020041800100444,2020년 4월 18일 19시,토요일,경기도 부천시 중동,경상사고,0,0,1,0,차대사람 - 기타,안전운전불이행,포장 - 건조,맑음,교차로 - 교차로부근,승용,남,74세,상해없음,보행자,여,22세,경상
22592,2020041800100471,2020년 4월 18일 20시,토요일,경기도 안성시 공도읍,중상사고,0,1,1,0,차대사람 - 기타,안전운전불이행,포장 - 건조,기타,단일로 - 기타,이륜,남,65세,중상,보행자,여,66세,경상
22593,2020041800100472,2020년 4월 18일 20시,토요일,경기도 오산시 원동,경상사고,0,0,1,0,차대사람 - 기타,안전운전불이행,포장 - 건조,맑음,교차로 - 교차로안,승용,남,33세,상해없음,보행자,남,15세,경상
22594,2020041800100506,2020년 4월 18일 21시,토요일,경기도 남양주시 화도읍,경상사고,0,0,2,0,차대사람 - 횡단중,보행자보호의무위반,포장 - 건조,맑음,교차로 - 교차로횡단보도내,승용,남,59세,상해없음,보행자,남,38세,경상
22595,2020041800100530,2020년 4월 18일 23시,토요일,경기도 평택시 세교동,중상사고,0,1,0,0,차대사람 - 횡단중,안전운전불이행,포장 - 건조,맑음,교차로 - 교차로부근,승용,남,38세,상해없음,보행자,남,52세,중상
22596,2020041800100531,2020년 4월 18일 23시,토요일,경기도 안양시 동안구 관양동,경상사고,0,0,1,0,차대사람 - 횡단중,안전운전불이행,포장 - 건조,맑음,교차로 - 교차로횡단보도내,기타불명,기타불명,미분류,기타불명,보행자,남,53세,경상
22597,2020041900100050,2020년 4월 19일 03시,일요일,경기도 성남시 중원구 성남동,경상사고,0,0,1,0,차대사람 - 기타,안전운전불이행,포장 - 건조,맑음,교차로 - 교차로부근,승용,남,28세,기타불명,보행자,남,38세,경상
22598,2020041900100060,2020년 4월 19일 04시,일요일,경기도 포천시 군내면,중상사고,0,1,0,0,차대사람 - 차도통행중,안전운전불이행,포장 - 건조,맑음,단일로 - 기타,승합,남,48세,상해없음,보행자,남,64세,중상
22599,2020041900100082,2020년 4월 19일 09시,일요일,경기도 수원시 장안구 율전동,경상사고,0,0,1,0,차대사람 - 기타,안전운전불이행,포장 - 건조,흐림,단일로 - 기타,승용,여,46세,상해없음,보행자,여,31세,경상
22600,2020041900100095,2020년 4월 19일 10시,일요일,경기도 부천시 중동,중상사고,0,1,1,0,차대사람 - 횡단중,신호위반,포장 - 건조,맑음,단일로 - 기타,승용,남,59세,상해없음,보행자,남,50세,경상
22601,2020041900100117,2020년 4월 19일 11시,일요일,경기도 고양시 일산서구 일산동,부상신고사고,0,0,0,1,차대사람 - 횡단중,안전운전불이행,포장 - 건조,맑음,기타 - 기타,자전거,남,48세,상해없음,보행자,여,67세,부상신고
22602,2020041900100140,2020년 4월 19일 12시,일요일,경기도 가평군 청평면,경상사고,0,0,1,0,차대사람 - 기타,안전운전불이행,포장 - 건조,맑음,단일로 - 기타,자전거,남,45세,상해없음,보행자,남,79세,경상
22603,2020041900100147,2020년 4월 19일 13시,일요일,경기도 용인시 처인구 역북동,경상사고,0,0,1,0,차대사람 - 횡단중,안전운전불이행,포장 - 건조,맑음,교차로 - 교차로횡단보도내,원동기,남,34세,상해없음,보행자,여,21세,경상
22604,2020041900100222,2020년 4월 19일 16시,일요일,경기도 광명시 광명동,경상사고,0,0,1,0,차대사람 - 횡단중,신호위반,포장 - 젖음/습기,비,교차로 - 교차로횡단보도내,승용,남,46세,상해없음,보행자,남,71세,경상
22605,2020041900100257,2020년 4월 19일 17시,일요일,경기도 의정부시 호원동,경상사고,0,0,1,0,차대사람 - 횡단중,보행자보호의무위반,포장 - 젖음/습기,비,단일로 - 기타,이륜,남,20세,상해없음,보행자,여,17세,경상
22606,2020041900100333,2020년 4월 19일 20시,일요일,경기도 용인시 처인구 역북동,부상신고사고,0,0,0,1,차대사람 - 횡단중,안전운전불이행,포장 - 젖음/습기,비,단일로 - 기타,이륜,남,31세,상해없음,보행자,남,55세,부상신고
22607,2020041900100368,2020년 4월 19일 21시,일요일,경기도 용인시 처인구 역북동,경상사고,0,0,1,0,차대사람 - 횡단중,안전운전불이행,포장 - 젖음/습기,비,교차로 - 교차로안,승용,남,26세,상해없음,보행자,남,53세,경상
22608,2020041900100372,2020년 4월 19일 21시,일요일,경기도 수원시 팔달구 인계동,경상사고,0,0,1,0,차대사람 - 기타,신호위반,포장 - 젖음/습기,비,단일로 - 기타,승용,여,56세,상해없음,보행자,여,27세,경상
22609,2020041900100393,2020년 4월 19일 22시,일요일,경기도 성남시 수정구 수진동,중상사고,0,1,0,0,차대사람 - 길가장자리구역통행중,안전운전불이행,포장 - 젖음/습기,비,단일로 - 기타,승용,남,53세,상해없음,보행자,남,58세,중상
22610,2020041900100416,2020년 4월 19일 23시,일요일,경기도 고양시 덕양구 화정동,중상사고,0,1,0,0,차대사람 - 횡단중,안전운전불이행,포장 - 젖음/습기,흐림,단일로 - 기타,승합,남,69세,상해없음,보행자,남,44세,중상
22611,2020042000100195,2020년 4월 20일 12시,월요일,경기도 성남시 분당구 야탑동,경상사고,0,0,1,0,차대사람 - 기타,안전운전불이행,포장 - 건조,흐림,교차로 - 교차로부근,승용,남,28세,상해없음,보행자,여,68세,경상