,사고번호,사고일시,요일,시군구,사고내용,사망자수,중상자수,경상자수,부상신고자수,사고유형,법규위반,노면상태,기상상태,도로형태,가해운전자 차종,가해운전자 성별,가해운전자 연령,가해운전자 상해정도,피해운전자 차종,피해운전자 성별,피해운전자 연령,피해운전자 상해정도
22612,2020042000100220,2020년 4월 20일 12시,월요일,경기도 양주시 남방동,경상사고,0,0,1,0,차대사람 - 기타,안전운전불이행,포장 - 건조,맑음,단일로 - 기타,승합,남,40세,상해없음,보행자,여,68세,경상
22613,2020042000100263,2020년 4월 20일 14시,월요일,경기도 오산시 원동,경상사고,0,0,1,0,차대사람 - 기타,안전운전불이행,포장 - 건조,흐림,단일로 - 기타,승용,남,57세,상해없음,보행자,남,44세,경상
22614,2020042000100264,2020년 4월 20일 14시,월요일,경기도 부천시 중동,경상사고,0,0,1,0,차대사람 - 횡단중,안전운전불이행,포장 - 건조,맑음,교차로 - 교차로안,승용,여,43세,상해없음,보행자,남,66세,경상
22615,2020042000100294,2020년 4월 20일 14시,월요일,경기도 고양시 덕양구 토당동,경상사고,0,0,1,0,차대사람 - 횡단중,안전운전불이행,포장 - 건조,맑음,교차로 - 교차로안,승용,여,78세,상해없음,보행자,여,51세,경상
22616,2020042000100296,2020년 4월 20일 14시,월요일,경기도 파주시 문산읍,경상사고,0,0,1,0,차대사람 - 기타,안전운전불이행,포장 - 건조,맑음,기타 - 기타,화물,남,34세,상해없음,보행자,남,69세,경상
22617,2020042000100306,2020년 4월 20일 15시,월요일,경기도 평택시 통복동,부상신고사고,0,0,0,1,차대사람 - 기타,보행자보호의무위반,포장 - 건조,맑음,단일로 - 기타,승용,남,44세,상해없음,보행자,여,66세,부상신고
22618,2020042000100313,2020년 4월 20일 15시,월요일,경기도 용인시 수지구 죽전동,중상사고,0,1,0,0,차대사람 - 차도통행중,안전운전불이행,포장 - 건조,맑음,단일로 - 기타,화물,남,33세,상해없음,보행자,여,57세,중상
22619,2020042000100332,2020년 4월 20일 16시,월요일,경기도 평택시 장당동,중상사고,0,1,0,0,차대사람 - 횡단중,보행자보호의무위반,포장 - 건조,맑음,교차로 - 교차로횡단보도내,승용,여,51세,상해없음,보행자,여,72세,중상
22620,2020042000100336,2020년 4월 20일 16시,월요일,경기도 성남시 분당구 정자동,중상사고,0,1,0,0,차대사람 - 기타,안전운전불이행,포장 - 건조,맑음,교차로 - 교차로횡단보도내,화물,남,50세,상해없음,보행자,여,62세,중상
22621,2020042000100422,2020년 4월 20일 18시,월요일,경기도 남양주시 진접읍,경상사고,0,0,1,0,차대사람 - 기타,안전운전불이행,포장 - 건조,맑음,주차장 - 주차장,승용,남,53세,상해없음,보행자,여,56세,경상
22622,2020042000100431,2020년 4월 20일 19시,월요일,경기도 김포시 구래동,경상사고,0,0,1,0,차대사람 - 기타,안전운전불이행,포장 - 건조,맑음,기타 - 기타,기타불명,기타불명,미분류,기타불명,보행자,남,46세,경상
22623,2020042000100465,2020년 4월 20일 20시,월요일,경기도 성남시 중원구 도촌동,부상신고사고,0,0,0,1,차대사람 - 횡단중,안전운전불이행,포장 - 건조,맑음,기타 - 기타,승용,남,62세,상해없음,보행자,남,5세,부상신고
22624,2020042000100466,2020년 4월 20일 20시,월요일,경기도 성남시 중원구 성남동,부상신고사고,0,0,0,1,차대사람 - 기타,안전운전불이행,포장 - 건조,맑음,기타 - 기타,승용,여,57세,상해없음,보행자,남,67세,부상신고
22625,2020042000100521,2020년 4월 20일 23시,월요일,경기도 성남시 수정구 수진동,중상사고,0,1,0,0,차대사람 - 기타,안전운전불이행,포장 - 건조,맑음,단일로 - 기타,승용,남,51세,상해없음,보행자,남,54세,중상
22626,2020042100100002,2020년 4월 21일 00시,화요일,경기도 부천시 심곡동,부상신고사고,0,0,0,1,차대사람 - 횡단중,보행자보호의무위반,포장 - 건조,맑음,교차로 - 교차로부근,이륜,남,23세,상해없음,보행자,여,24세,부상신고
22627,2020042100100016,2020년 4월 21일 02시,화요일,경기도 오산시 궐동,경상사고,0,0,1,0,차대사람 - 길가장자리구역통행중,안전운전불이행,포장 - 건조,맑음,기타 - 기타,기타불명,기타불명,미분류,기타불명,보행자,남,53세,경상
22628,2020042100100018,2020년 4월 21일 03시,화요일,경기도 평택시 서정동,중상사고,0,1,0,0,차대사람 - 횡단중,안전운전불이행,포장 - 건조,맑음,교차로 - 교차로횡단보도내,승용,남,24세,상해없음,보행자,남,18세,중상
22629,2020042100100030,2020년 4월 21일 05시,화요일,경기도 광주시 오포읍,경상사고,0,0,1,0,차대사람 - 기타,안전운전불이행,포장 - 건조,맑음,주차장 - 주차장,승용,남,66세,기타불명,보행자,남,49세,경상
22630,2020042100100116,2020년 4월 21일 09시,화요일,경기도 안산시 상록구 이동,경상사고,0,0,1,0,차대사람 - 길가장자리구역통행중,안전운전불이행,포장 - 건조,맑음,단일로 - 기타,승합,여,53세,상해없음,보행자,남,54세,경상
22631,2020042100100140,2020년 4월 21일 10시,화요일,경기도 부천시 중동,중상사고,0,1,0,0,차대사람 - 보도통행중,보행자보호의무위반,포장 - 건조,맑음,교차로 - 교차로횡단보도내,개인형이동수단(PM),남,14세,상해없음,보행자,여,73세,중상
22632,2020042100100141,2020년 4월 21일 10시,화요일,경기도 성남시 분당구 야탑동,중상사고,0,1,0,0,차대사람 - 횡단중,안전운전불이행,포장 - 건조,맑음,교차로 - 교차로횡단보도내,화물,남,50세,상해없음,보행자,여,53세,중상
22633,2020042100100143,2020년 4월 21일 10시,화요일,경기도 수원시 권선구 오목천동,경상사고,0,0,1,0,차대사람 - 기타,기타,포장 - 건조,맑음,교차로 - 교차로부근,기타불명,기타불명,미분류,기타불명,보행자,여,41세,경상
22634,2020042100100161,2020년 4월 21일 11시,화요일,경기도 이천시 창전동,중상사고,0,1,0,0,차대사람 - 기타,기타,포장 - 건조,맑음,교차로 - 교차로안,승용,남,55세,상해없음,보행자,여,79세,중상
22635,2020042100100163,2020년 4월 21일 11시,화요일,경기도 부천시 중동,경상사고,0,0,1,0,차대사람 - 기타,안전운전불이행,포장 - 건조,맑음,교차로 - 교차로안,승용,남,54세,상해없음,보행자,여,41세,경상
22636,2020042100100277,2020년 4월 21일 14시,화요일,경기도 양주시 옥정동,경상사고,0,0,1,0,차대사람 - 횡단중,신호위반,포장 - 건조,맑음,교차로 - 교차로안,승용,여,51세,상해없음,보행자,남,77세,경상
22637,2020042100100386,2020년 4월 21일 17시,화요일,경기도 고양시 덕양구 내유동,중상사고,0,1,0,0,차대사람 - 횡단중,안전운전불이행,포장 - 건조,맑음,교차로 - 교차로부근,승용,남,49세,상해없음,보행자,여,55세,중상
22638,2020042100100399,2020년 4월 21일 18시,화요일,경기도 평택시 신장동,중상사고,0,1,0,0,차대사람 - 횡단중,보행자보호의무위반,포장 - 건조,맑음,교차로 - 교차로안,이륜,남,29세,상해없음,보행자,여,9세,중상
22639,2020042100100402,2020년 4월 21일 18시,화요일,경기도 김포시 장기동,중상사고,0,1,0,0,차대사람 - 기타,안전운전불이행,포장 - 기타,맑음,단일로 - 기타,이륜,남,47세,상해없음,보행자,남,22세,중상
22640,2020042100100476,2020년 4월 21일 20시,화요일,경기도 남양주시 수동면,경상사고,0,0,1,0,차대사람 - 횡단중,신호위반,포장 - 건조,맑음,교차로 - 교차로횡단보도내,승용,남,62세,상해없음,보행자,남,59세,경상
22641,2020042100100482,2020년 4월 21일 21시,화요일,경기도 성남시 수정구 태평동,부상신고사고,0,0,0,1,차대사람 - 기타,안전운전불이행,포장 - 건조,맑음,단일로 - 기타,승용,남,46세,상해없음,보행자,남,56세,부상신고
22642,2020042100100525,2020년 4월 21일 22시,화요일,경기도 의정부시 용현동,중상사고,0,1,0,0,차대사람 - 횡단중,신호위반,포장 - 건조,맑음,단일로 - 기타,승용,남,28세,상해없음,보행자,남,27세,중상
22643,2020042200100006,2020년 4월 22일 00시,수요일,경기도 안산시 상록구 본오동,부상신고사고,0,0,0,1,차대사람 - 횡단중,안전운전불이행,포장 - 건조,맑음,기타 - 기타,화물,남,33세,상해없음,보행자,남,18세,부상신고
22644,2020042200100052,2020년 4월 22일 06시,수요일,경기도 성남시 수정구 양지동,중상사고,0,1,0,0,차대사람 - 차도통행중,안전운전불이행,포장 - 건조,맑음,교차로 - 교차로부근,승용,남,63세,상해없음,보행자,여,70세,중상
22645,2020042200100056,2020년 4월 22일 06시,수요일,경기도 성남시 중원구 상대원동,중상사고,0,1,0,0,차대사람 - 횡단중,보행자보호의무위반,포장 - 건조,맑음,교차로 - 교차로안,승용,남,61세,상해없음,보행자,남,28세,중상
22646,2020042200100070,2020년 4월 22일 07시,수요일,경기도 수원시 장안구 조원동,경상사고,0,0,1,0,차대사람 - 횡단중,안전운전불이행,포장 - 건조,맑음,교차로 - 교차로안,승용,여,53세,상해없음,보행자,여,53세,경상
22647,2020042200100099,2020년 4월 22일 08시,수요일,경기도 안산시 단원구 원시동,경상사고,0,0,1,0,차대사람 - 기타,안전운전불이행,포장 - 건조,맑음,기타 - 기타,기타불명,남,67세,상해없음,보행자,여,58세,경상
22648,2020042200100101,2020년 4월 22일 08시,수요일,경기도 화성시 반월동,경상사고,0,0,1,0,차대사람 - 기타,기타,포장 - 건조,맑음,기타 - 기타,승용,남,51세,상해없음,보행자,남,29세,경상
22649,2020042200100178,2020년 4월 22일 11시,수요일,경기도 수원시 팔달구 남창동,경상사고,0,0,1,0,차대사람 - 기타,안전운전불이행,포장 - 건조,맑음,단일로 - 기타,승용,남,48세,상해없음,보행자,여,52세,경상
22650,2020042200100179,2020년 4월 22일 11시,수요일,경기도 평택시 합정동,중상사고,0,1,0,0,차대사람 - 횡단중,보행자보호의무위반,포장 - 건조,맑음,교차로 - 교차로횡단보도내,승용,여,42세,상해없음,보행자,여,68세,중상
22651,2020042200100180,2020년 4월 22일 11시,수요일,경기도 이천시 중리동,중상사고,0,1,0,0,차대사람 - 기타,신호위반,포장 - 건조,맑음,교차로 - 교차로안,승합,남,43세,상해없음,보행자,여,15세,중상
22652,2020042200100271,2020년 4월 22일 14시,수요일,경기도 안산시 상록구 본오동,중상사고,0,1,0,0,차대사람 - 기타,안전운전불이행,포장 - 건조,맑음,교차로 - 교차로안,승용,여,43세,상해없음,보행자,여,45세,중상
22653,2020042200100273,2020년 4월 22일 14시,수요일,경기도 부천시 내동,부상신고사고,0,0,0,1,차대사람 - 기타,안전운전불이행,포장 - 건조,맑음,교차로 - 교차로안,화물,남,37세,상해없음,보행자,남,33세,부상신고
22654,2020042200100275,2020년 4월 22일 14시,수요일,경기도 화성시 병점동,중상사고,0,1,0,0,차대사람 - 기타,보행자보호의무위반,포장 - 건조,맑음,교차로 - 교차로부근,승합,남,62세,상해없음,보행자,여,63세,중상
22655,2020042200100296,2020년 4월 22일 15시,수요일,경기도 수원시 팔달구 인계동,중상사고,0,1,0,0,차대사람 - 횡단중,신호위반,포장 - 건조,맑음,교차로 - 교차로횡단보도내,승용,남,40세,상해없음,보행자,여,49세,중상
22656,2020042200100319,2020년 4월 22일 15시,수요일,경기도 고양시 덕양구 주교동,부상신고사고,0,0,0,1,차대사람 - 횡단중,보행자보호의무위반,포장 - 건조,흐림,교차로 - 교차로횡단보도내,기타불명,기타불명,미분류,기타불명,보행자,여,54세,부상신고
22657,2020042200100331,2020년 4월 22일 16시,수요일,경기도 군포시 산본동,부상신고사고,0,0,0,1,차대사람 - 기타,안전운전불이행,포장 - 건조,맑음,단일로 - 기타,승용,남,67세,상해없음,보행자,여,8세,부상신고
22658,2020042200100332,2020년 4월 22일 16시,수요일,경기도 성남시 분당구 이매동,중상사고,0,1,0,0,차대사람 - 횡단중,안전운전불이행,포장 - 젖음/습기,흐림,교차로 - 교차로횡단보도내,승용,남,66세,상해없음,보행자,여,73세,중상
22659,2020042200100403,2020년 4월 22일 18시,수요일,경기도 부천시 춘의동,경상사고,0,0,1,0,차대사람 - 횡단중,보행자보호의무위반,포장 - 건조,맑음,단일로 - 기타,승용,남,40세,기타불명,보행자,남,31세,경상
22660,2020042200100437,2020년 4월 22일 19시,수요일,경기도 수원시 장안구 연무동,경상사고,0,0,1,0,차대사람 - 기타,안전운전불이행,포장 - 건조,맑음,단일로 - 기타,승용,남,44세,상해없음,보행자,남,16세,경상
22661,2020042200100455,2020년 4월 22일 20시,수요일,경기도 수원시 장안구 천천동,중상사고,0,1,0,0,차대사람 - 기타,신호위반,포장 - 건조,맑음,교차로 - 교차로횡단보도내,승용,여,22세,상해없음,보행자,여,66세,중상
22662,2020042200100474,2020년 4월 22일 20시,수요일,경기도 고양시 덕양구 행신동,중상사고,0,1,0,0,차대사람 - 횡단중,보행자보호의무위반,포장 - 건조,맑음,교차로 - 교차로안,이륜,남,21세,상해없음,보행자,남,62세,중상
22663,2020042200100483,2020년 4월 22일 21시,수요일,경기도 오산시 오산동,중상사고,0,1,0,0,차대사람 - 횡단중,기타,포장 - 건조,맑음,교차로 - 교차로안,승용,남,49세,상해없음,보행자,남,32세,중상
22664,2020042300100016,2020년 4월 23일 01시,목요일,경기도 수원시 팔달구 인계동,경상사고,0,0,1,0,차대사람 - 기타,안전운전불이행,포장 - 건조,맑음,단일로 - 기타,승용,남,58세,상해없음,보행자,남,24세,경상
22665,2020042300100017,2020년 4월 23일 01시,목요일,경기도 안산시 상록구 본오동,중상사고,0,1,0,0,차대사람 - 차도통행중,안전운전불이행,포장 - 건조,맑음,단일로 - 기타,승용,남,28세,상해없음,보행자,남,29세,중상
22666,2020042300100047,2020년 4월 23일 05시,목요일,경기도 수원시 영통구 영통동,경상사고,0,0,1,0,차대사람 - 차도통행중,교차로운행방법위반,포장 - 건조,맑음,교차로 - 교차로안,승용,여,62세,상해없음,보행자,여,31세,경상
22667,2020042300100049,2020년 4월 23일 05시,목요일,경기도 화성시 봉담읍,중상사고,0,1,0,0,차대사람 - 차도통행중,안전운전불이행,포장 - 건조,맑음,단일로 - 기타,승용,남,51세,상해없음,보행자,남,59세,중상
22668,2020042300100055,2020년 4월 23일 06시,목요일,경기도 부천시 괴안동,중상사고,0,1,0,0,차대사람 - 횡단중,안전운전불이행,포장 - 건조,맑음,교차로 - 교차로안,승용,여,58세,상해없음,보행자,여,63세,중상
22669,2020042300100131,2020년 4월 23일 09시,목요일,경기도 부천시 원미동,중상사고,0,1,0,0,차대사람 - 길가장자리구역통행중,안전운전불이행,포장 - 건조,맑음,단일로 - 기타,승용,여,54세,상해없음,보행자,여,72세,중상
22670,2020042300100134,2020년 4월 23일 09시,목요일,경기도 성남시 분당구 삼평동,경상사고,0,0,1,0,차대사람 - 기타,안전운전불이행,포장 - 건조,맑음,단일로 - 기타,승용,남,64세,상해없음,보행자,남,52세,경상
22671,2020042300100153,2020년 4월 23일 10시,목요일,경기도 용인시 처인구 김량장동,경상사고,0,0,1,0,차대사람 - 횡단중,보행자보호의무위반,포장 - 건조,맑음,교차로 - 교차로안,승용,여,60세,상해없음,보행자,남,55세,경상
22672,2020042300100155,2020년 4월 23일 10시,목요일,경기도 성남시 분당구 야탑동,중상사고,0,1,0,0,차대사람 - 기타,안전운전불이행,포장 - 건조,맑음,단일로 - 기타,화물,남,25세,상해없음,보행자,남,69세,중상
22673,2020042300100156,2020년 4월 23일 10시,목요일,경기도 안산시 상록구 본오동,경상사고,0,0,1,0,차대사람 - 기타,안전운전불이행,포장 - 건조,맑음,단일로 - 기타,승용,여,52세,상해없음,보행자,여,75세,경상
22674,2020042300100224,2020년 4월 23일 13시,목요일,경기도 여주시 하동,경상사고,0,0,1,0,차대사람 - 기타,안전운전불이행,포장 - 건조,맑음,주차장 - 주차장,화물,남,71세,상해없음,보행자,남,64세,경상
22675,2020042300100238,2020년 4월 23일 13시,목요일,경기도 고양시 일산동구 풍동,경상사고,0,0,1,0,차대사람 - 횡단중,안전운전불이행,포장 - 건조,맑음,기타 - 기타,승용,남,42세,상해없음,보행자,여,25세,경상
22676,2020042300100250,2020년 4월 23일 14시,목요일,경기도 안성시 석정동,중상사고,0,1,0,0,차대사람 - 기타,안전운전불이행,포장 - 건조,맑음,교차로 - 교차로안,승용,남,47세,상해없음,보행자,남,64세,중상
22677,2020042300100282,2020년 4월 23일 15시,목요일,경기도 수원시 팔달구 화서동,부상신고사고,0,0,0,1,차대사람 - 기타,안전운전불이행,포장 - 건조,맑음,단일로 - 기타,자전거,남,68세,부상신고,보행자,여,21세,상해없음
22678,2020042300100303,2020년 4월 23일 15시,목요일,경기도 고양시 덕양구 행신동,부상신고사고,0,0,0,1,차대사람 - 기타,안전운전불이행,포장 - 기타,맑음,주차장 - 주차장,승용,남,47세,상해없음,보행자,여,72세,부상신고
22679,2020042300100317,2020년 4월 23일 16시,목요일,경기도 시흥시 정왕동,중상사고,0,1,0,0,차대사람 - 기타,안전운전불이행,포장 - 건조,맑음,단일로 - 기타,승용,남,76세,기타불명,보행자,남,60세,중상
22680,2020042300100357,2020년 4월 23일 17시,목요일,경기도 군포시 당동,중상사고,0,1,0,0,차대사람 - 횡단중,안전운전불이행,포장 - 건조,맑음,교차로 - 교차로부근,화물,남,69세,상해없음,보행자,여,64세,중상
22681,2020042300100391,2020년 4월 23일 17시,목요일,경기도 남양주시 화도읍,경상사고,0,0,1,0,차대사람 - 차도통행중,신호위반,포장 - 건조,맑음,교차로 - 교차로횡단보도내,화물,남,56세,상해없음,보행자,여,65세,경상
22682,2020042300100405,2020년 4월 23일 18시,목요일,경기도 부천시 상동,경상사고,0,0,1,0,차대사람 - 보도통행중,보행자보호의무위반,포장 - 건조,맑음,교차로 - 교차로횡단보도내,승용,여,54세,상해없음,보행자,남,18세,경상
22683,2020042300100434,2020년 4월 23일 18시,목요일,경기도 의정부시 의정부동,경상사고,0,0,1,0,차대사람 - 기타,안전운전불이행,포장 - 건조,맑음,단일로 - 기타,승용,남,55세,상해없음,보행자,여,20세,경상
22684,2020042300100448,2020년 4월 23일 19시,목요일,경기도 성남시 중원구 금광동,경상사고,0,0,1,0,차대사람 - 횡단중,안전운전불이행,포장 - 건조,맑음,기타 - 기타,승용,남,73세,상해없음,보행자,여,29세,경상
22685,2020042300100478,2020년 4월 23일 20시,목요일,경기도 수원시 영통구 매탄동,경상사고,0,0,1,0,차대사람 - 기타,안전운전불이행,포장 - 건조,맑음,기타 - 기타,승용,여,49세,상해없음,보행자,남,42세,경상
22686,2020042300100499,2020년 4월 23일 21시,목요일,경기도 안양시 동안구 평촌동,경상사고,0,0,1,0,차대사람 - 차도통행중,안전운전불이행,포장 - 건조,맑음,단일로 - 기타,승용,남,62세,상해없음,보행자,남,37세,경상
22687,2020042300100502,2020년 4월 23일 21시,목요일,경기도 오산시 원동,경상사고,0,0,1,0,차대사람 - 횡단중,안전운전불이행,포장 - 건조,맑음,기타 - 기타,화물,남,58세,상해없음,보행자,여,40세,경상
22688,2020042300100504,2020년 4월 23일 21시,목요일,경기도 성남시 분당구 정자동,중상사고,0,1,0,0,차대사람 - 횡단중,안전운전불이행,포장 - 건조,맑음,교차로 - 교차로부근,승용,남,31세,상해없음,보행자,남,49세,중상
22689,2020042300100530,2020년 4월 23일 22시,목요일,경기도 성남시 중원구 상대원동,중상사고,0,1,0,1,차대사람 - 기타,안전운전불이행,포장 - 건조,기타,교차로 - 교차로안,이륜,남,21세,부상신고,보행자,남,61세,중상
22690,2020042400100026,2020년 4월 24일 01시,금요일,경기도 수원시 팔달구 인계동,경상사고,0,0,1,0,차대사람 - 기타,안전운전불이행,포장 - 건조,맑음,단일로 - 기타,승용,남,18세,상해없음,보행자,남,19세,경상
22691,2020042400100036,2020년 4월 24일 02시,금요일,경기도 부천시 상동,경상사고,0,0,1,0,차대사람 - 차도통행중,안전운전불이행,포장 - 건조,맑음,교차로 - 교차로안,승용,남,66세,상해없음,보행자,남,26세,경상
22692,2020042400100049,2020년 4월 24일 05시,금요일,경기도 평택시 합정동,중상사고,0,1,0,0,차대사람 - 횡단중,안전운전불이행,포장 - 건조,맑음,단일로 - 기타,승용,여,48세,기타불명,보행자,남,43세,중상
22693,2020042400100061,2020년 4월 24일 06시,금요일,경기도 평택시 지산동,경상사고,0,0,1,0,차대사람 - 횡단중,중앙선침범,포장 - 건조,맑음,교차로 - 교차로부근,승용,남,69세,상해없음,보행자,여,56세,경상
22694,2020042400100076,2020년 4월 24일 07시,금요일,경기도 오산시 고현동,경상사고,0,0,1,0,차대사람 - 횡단중,신호위반,포장 - 건조,맑음,기타 - 기타,승용,남,38세,상해없음,보행자,여,27세,경상
22695,2020042400100118,2020년 4월 24일 08시,금요일,경기도 고양시 덕양구 행신동,사망사고,1,1,0,0,차대사람 - 기타,중앙선침범,포장 - 건조,맑음,단일로 - 기타,승용,남,57세,상해없음,보행자,여,43세,사망
22696,2020042400100130,2020년 4월 24일 09시,금요일,경기도 이천시 설성면,경상사고,0,0,1,0,차대사람 - 차도통행중,안전운전불이행,포장 - 건조,맑음,단일로 - 기타,화물,남,59세,상해없음,보행자,남,63세,경상
22697,2020042400100136,2020년 4월 24일 09시,금요일,경기도 화성시 향남읍,중상사고,0,1,0,0,차대사람 - 차도통행중,안전운전불이행,포장 - 건조,맑음,교차로 - 교차로안,화물,남,60세,상해없음,보행자,남,61세,중상
22698,2020042400100137,2020년 4월 24일 09시,금요일,경기도 화성시 봉담읍,경상사고,0,0,1,0,차대사람 - 기타,안전운전불이행,포장 - 건조,맑음,단일로 - 기타,승용,남,50세,상해없음,보행자,남,21세,경상
22699,2020042400100159,2020년 4월 24일 10시,금요일,경기도 화성시 진안동,경상사고,0,0,1,0,차대사람 - 기타,안전운전불이행,포장 - 건조,맑음,주차장 - 주차장,승용,남,59세,상해없음,보행자,여,50세,경상
22700,2020042400100191,2020년 4월 24일 11시,금요일,경기도 용인시 처인구 이동읍,경상사고,0,0,1,0,차대사람 - 차도통행중,안전운전불이행,포장 - 건조,맑음,단일로 - 기타,화물,남,46세,상해없음,보행자,남,65세,경상
22701,2020042400100192,2020년 4월 24일 11시,금요일,경기도 용인시 기흥구 구갈동,경상사고,0,0,1,0,차대사람 - 횡단중,보행자보호의무위반,포장 - 건조,맑음,교차로 - 교차로횡단보도내,승용,남,62세,상해없음,보행자,여,18세,경상
22702,2020042400100330,2020년 4월 24일 14시,금요일,경기도 양주시 덕정동,경상사고,0,0,1,0,차대사람 - 기타,안전운전불이행,포장 - 건조,맑음,주차장 - 주차장,승용,여,53세,상해없음,보행자,여,80세,경상
22703,2020042400100354,2020년 4월 24일 15시,금요일,경기도 화성시 봉담읍,중상사고,0,1,0,0,차대사람 - 횡단중,보행자보호의무위반,포장 - 건조,맑음,교차로 - 교차로횡단보도내,승용,여,44세,상해없음,보행자,남,56세,중상
22704,2020042400100389,2020년 4월 24일 16시,금요일,경기도 수원시 권선구 세류동,중상사고,0,1,0,0,차대사람 - 기타,안전운전불이행,포장 - 건조,맑음,단일로 - 기타,자전거,남,67세,상해없음,보행자,여,73세,중상
22705,2020042400100433,2020년 4월 24일 17시,금요일,경기도 양평군 지평면,부상신고사고,0,0,0,1,차대사람 - 횡단중,안전운전불이행,포장 - 건조,맑음,기타 - 기타,승합,남,59세,상해없음,보행자,남,59세,부상신고
22706,2020042400100481,2020년 4월 24일 18시,금요일,경기도 부천시 심곡동,부상신고사고,0,0,0,1,차대사람 - 횡단중,안전운전불이행,포장 - 건조,맑음,교차로 - 교차로안,승용,남,65세,기타불명,보행자,남,9세,부상신고
22707,2020042400100484,2020년 4월 24일 18시,금요일,경기도 수원시 권선구 곡반정동,중상사고,0,1,0,0,차대사람 - 차도통행중,안전운전불이행,포장 - 기타,기타,단일로 - 기타,승용,남,53세,상해없음,보행자,여,32세,중상
22708,2020042400100512,2020년 4월 24일 18시,금요일,경기도 고양시 일산서구 가좌동,중상사고,0,1,0,0,차대사람 - 기타,기타,포장 - 건조,맑음,기타 - 기타,승합,남,64세,기타불명,보행자,남,77세,중상
22709,2020042400100541,2020년 4월 24일 19시,금요일,경기도 구리시 갈매동,경상사고,0,0,1,0,차대사람 - 횡단중,보행자보호의무위반,포장 - 건조,맑음,교차로 - 교차로안,승용,남,50세,상해없음,보행자,여,22세,경상
22710,2020042400100552,2020년 4월 24일 20시,금요일,경기도 수원시 팔달구 인계동,부상신고사고,0,0,0,1,차대사람 - 기타,안전운전불이행,포장 - 건조,맑음,단일로 - 기타,승용,남,61세,상해없음,보행자,여,65세,부상신고
22711,2020042400100555,2020년 4월 24일 20시,금요일,경기도 화성시 봉담읍,중상사고,0,1,0,0,차대사람 - 기타,안전운전불이행,포장 - 건조,맑음,단일로 - 기타,이륜,남,22세,상해없음,보행자,남,49세,중상
22712,2020042400100589,2020년 4월 24일 21시,금요일,경기도 안성시 공도읍,경상사고,0,0,1,0,차대사람 - 기타,안전운전불이행,포장 - 건조,맑음,단일로 - 기타,승용,남,49세,상해없음,보행자,남,31세,경상
22713,2020042400100590,2020년 4월 24일 21시,금요일,경기도 용인시 기흥구 보라동,중상사고,0,1,0,0,차대사람 - 횡단중,보행자보호의무위반,포장 - 건조,맑음,교차로 - 교차로횡단보도내,승용,여,61세,상해없음,보행자,남,34세,중상
22714,2020042400100611,2020년 4월 24일 22시,금요일,경기도 평택시 고덕면,중상사고,0,1,0,0,차대사람 - 횡단중,안전운전불이행,포장 - 건조,맑음,교차로 - 교차로부근,승용,남,34세,상해없음,보행자,남,47세,중상
22715,2020042500100004,2020년 4월 25일 00시,토요일,경기도 평택시 진위면,사망사고,1,0,0,0,차대사람 - 차도통행중,과속,포장 - 건조,맑음,교차로 - 교차로부근,승용,남,58세,상해없음,보행자,여,70세,사망
22716,2020042500100047,2020년 4월 25일 02시,토요일,경기도 양주시 광적면,경상사고,0,0,1,0,차대사람 - 기타,안전운전불이행,포장 - 건조,맑음,단일로 - 지하차도(도로)내,승용,남,39세,상해없음,보행자,여,56세,경상
22717,2020042500100056,2020년 4월 25일 04시,토요일,경기도 부천시 오정동,중상사고,0,1,0,0,차대사람 - 기타,안전운전불이행,포장 - 건조,맑음,단일로 - 기타,승용,여,39세,상해없음,보행자,여,85세,중상
22718,2020042500100074,2020년 4월 25일 06시,토요일,경기도 안양시 동안구 관양동,중상사고,0,1,0,0,차대사람 - 횡단중,신호위반,포장 - 건조,맑음,교차로 - 교차로횡단보도내,화물,남,31세,상해없음,보행자,여,47세,중상
22719,2020042500100131,2020년 4월 25일 09시,토요일,경기도 부천시 소사본동,경상사고,0,0,1,0,차대사람 - 기타,안전운전불이행,포장 - 건조,맑음,교차로 - 교차로부근,승용,여,50세,기타불명,보행자,여,56세,경상
22720,2020042500100135,2020년 4월 25일 09시,토요일,경기도 안산시 단원구 성곡동,중상사고,0,1,0,0,차대사람 - 기타,교차로운행방법위반,포장 - 건조,맑음,교차로 - 교차로안,화물,남,38세,상해없음,보행자,남,81세,중상
22721,2020042500100188,2020년 4월 25일 11시,토요일,경기도 성남시 중원구 금광동,중상사고,0,1,0,0,차대사람 - 기타,안전운전불이행,포장 - 건조,맑음,단일로 - 기타,승용,여,63세,상해없음,보행자,여,59세,중상
22722,2020042500100262,2020년 4월 25일 13시,토요일,경기도 광명시 광명동,중상사고,0,1,1,0,차대사람 - 횡단중,보행자보호의무위반,포장 - 건조,맑음,교차로 - 교차로부근,화물,남,59세,상해없음,보행자,남,40세,중상
22723,2020042500100352,2020년 4월 25일 16시,토요일,경기도 성남시 중원구 여수동,중상사고,0,1,0,0,차대사람 - 기타,보행자보호의무위반,포장 - 건조,맑음,교차로 - 교차로횡단보도내,승용,여,43세,상해없음,보행자,남,80세,중상
22724,2020042500100392,2020년 4월 25일 17시,토요일,경기도 수원시 팔달구 화서동,중상사고,0,1,0,0,차대사람 - 기타,안전운전불이행,포장 - 건조,맑음,기타 - 기타,승용,여,47세,상해없음,보행자,남,5세,중상