,사고번호,사고일시,요일,시군구,사고내용,사망자수,중상자수,경상자수,부상신고자수,사고유형,법규위반,노면상태,기상상태,도로형태,가해운전자 차종,가해운전자 성별,가해운전자 연령,가해운전자 상해정도,피해운전자 차종,피해운전자 성별,피해운전자 연령,피해운전자 상해정도
22838,2020043000100031,2020년 4월 30일 01시,목요일,경기도 고양시 일산동구 백석동,사망사고,1,0,0,0,차대사람 - 횡단중,안전운전불이행,포장 - 건조,맑음,단일로 - 기타,이륜,남,26세,상해없음,보행자,남,64세,사망
22839,2020043000100032,2020년 4월 30일 01시,목요일,경기도 동두천시 보산동,경상사고,0,0,1,0,차대사람 - 길가장자리구역통행중,안전운전불이행,포장 - 건조,맑음,단일로 - 기타,승용,여,40세,상해없음,보행자,여,46세,경상
22840,2020043000100041,2020년 4월 30일 02시,목요일,경기도 하남시 하산곡동,중상사고,0,1,0,0,차대사람 - 횡단중,안전운전불이행,포장 - 건조,맑음,단일로 - 기타,승용,남,32세,상해없음,보행자,남,30세,중상
22841,2020043000100185,2020년 4월 30일 11시,목요일,경기도 부천시 원종동,경상사고,0,0,1,0,차대사람 - 기타,안전운전불이행,포장 - 건조,맑음,단일로 - 기타,승용,남,53세,상해없음,보행자,여,33세,경상
22842,2020043000100201,2020년 4월 30일 11시,목요일,경기도 의정부시 용현동,경상사고,0,0,1,0,차대사람 - 횡단중,보행자보호의무위반,포장 - 건조,맑음,교차로 - 교차로횡단보도내,승용,남,63세,상해없음,보행자,여,66세,경상
22843,2020043000100215,2020년 4월 30일 12시,목요일,경기도 오산시 오산동,경상사고,0,0,1,0,차대사람 - 기타,안전운전불이행,포장 - 건조,맑음,기타 - 기타,승용,여,61세,상해없음,보행자,여,48세,경상
22844,2020043000100247,2020년 4월 30일 12시,목요일,경기도 구리시 토평동,중상사고,0,1,1,0,차대사람 - 횡단중,안전운전불이행,포장 - 건조,맑음,단일로 - 기타,자전거,남,44세,중상,보행자,여,4세,경상
22845,2020043000100303,2020년 4월 30일 14시,목요일,경기도 김포시 감정동,경상사고,0,0,1,0,차대사람 - 횡단중,보행자보호의무위반,포장 - 건조,맑음,기타 - 기타,자전거,남,64세,상해없음,보행자,여,75세,경상
22846,2020043000100419,2020년 4월 30일 16시,목요일,경기도 의정부시 민락동,경상사고,0,0,1,0,차대사람 - 보도통행중,기타,포장 - 건조,맑음,단일로 - 기타,기타불명,기타불명,미분류,기타불명,보행자,남,4세,경상
22847,2020043000100426,2020년 4월 30일 17시,목요일,경기도 성남시 수정구 창곡동,경상사고,0,0,1,0,차대사람 - 기타,보행자보호의무위반,포장 - 건조,맑음,단일로 - 기타,이륜,남,20세,상해없음,보행자,여,55세,경상
22848,2020043000100430,2020년 4월 30일 17시,목요일,경기도 안성시 서인동,경상사고,0,0,1,0,차대사람 - 길가장자리구역통행중,안전운전불이행,포장 - 건조,맑음,교차로 - 교차로안,기타불명,기타불명,미분류,기타불명,보행자,남,57세,경상
22849,2020043000100433,2020년 4월 30일 17시,목요일,경기도 시흥시 정왕동,경상사고,0,0,1,0,차대사람 - 기타,안전운전불이행,포장 - 건조,맑음,단일로 - 기타,자전거,여,40세,상해없음,보행자,여,62세,경상
22850,2020043000100454,2020년 4월 30일 17시,목요일,경기도 동두천시 동두천동,사망사고,1,0,0,0,차대사람 - 횡단중,안전운전불이행,포장 - 건조,맑음,교차로 - 교차로횡단보도내,건설기계,남,50세,상해없음,보행자,여,80세,사망
22851,2020043000100457,2020년 4월 30일 18시,목요일,경기도 부천시 중동,경상사고,0,0,1,0,차대사람 - 기타,안전운전불이행,포장 - 기타,맑음,단일로 - 기타,자전거,여,21세,상해없음,보행자,여,23세,경상
22852,2020043000100459,2020년 4월 30일 18시,목요일,경기도 부천시 원종동,경상사고,0,0,1,0,차대사람 - 기타,안전운전불이행,포장 - 건조,맑음,단일로 - 기타,승용,남,62세,상해없음,보행자,남,37세,경상
22853,2020043000100490,2020년 4월 30일 19시,목요일,경기도 성남시 수정구 태평동,중상사고,0,1,0,0,차대사람 - 기타,안전운전불이행,포장 - 건조,맑음,단일로 - 기타,승용,여,38세,상해없음,보행자,남,75세,중상
22854,2020043000100494,2020년 4월 30일 19시,목요일,경기도 김포시 풍무동,중상사고,0,2,0,0,차대사람 - 횡단중,보행자보호의무위반,포장 - 건조,맑음,교차로 - 교차로횡단보도내,화물,남,42세,상해없음,보행자,여,56세,중상
22855,2020043000100495,2020년 4월 30일 19시,목요일,경기도 양평군 양평읍,경상사고,0,0,1,0,차대사람 - 횡단중,안전운전불이행,포장 - 건조,맑음,단일로 - 기타,승용,여,29세,상해없음,보행자,남,50세,경상
22856,2020043000100499,2020년 4월 30일 19시,목요일,경기도 부천시 원종동,경상사고,0,0,1,0,차대사람 - 길가장자리구역통행중,안전운전불이행,포장 - 건조,맑음,단일로 - 기타,승용,남,66세,상해없음,보행자,남,72세,경상
22857,2020043000100500,2020년 4월 30일 19시,목요일,경기도 화성시 반송동,경상사고,0,0,1,0,차대사람 - 기타,안전운전불이행,포장 - 건조,맑음,교차로 - 교차로부근,이륜,남,44세,상해없음,보행자,남,14세,경상
22858,2020043000100549,2020년 4월 30일 21시,목요일,경기도 안산시 상록구 월피동,중상사고,0,1,0,0,차대사람 - 기타,안전운전불이행,포장 - 건조,맑음,단일로 - 기타,원동기,남,18세,상해없음,보행자,남,66세,중상
22859,2020043000100586,2020년 4월 30일 22시,목요일,경기도 고양시 일산동구 장항동,경상사고,0,0,1,0,차대사람 - 기타,신호위반,포장 - 건조,맑음,교차로 - 교차로안,승용,남,25세,상해없음,보행자,남,24세,경상
22860,2020043000100587,2020년 4월 30일 22시,목요일,경기도 파주시 금촌동,경상사고,0,0,1,0,차대사람 - 횡단중,안전운전불이행,포장 - 건조,맑음,교차로 - 교차로부근,승용,남,50세,상해없음,보행자,남,48세,경상
22861,2020043000100588,2020년 4월 30일 22시,목요일,경기도 고양시 일산서구 대화동,경상사고,0,0,1,0,차대사람 - 기타,안전운전불이행,포장 - 건조,맑음,교차로 - 교차로안,승합,남,48세,상해없음,보행자,남,59세,경상
22862,2020043000100593,2020년 4월 30일 23시,목요일,경기도 안산시 단원구 초지동,경상사고,0,0,1,0,차대사람 - 기타,안전운전불이행,포장 - 건조,맑음,기타 - 기타,승용,남,59세,상해없음,보행자,여,22세,경상
22863,2020050100100016,2020년 5월 1일 00시,금요일,경기도 고양시 덕양구 벽제동,사망사고,1,0,0,0,차대사람 - 기타,안전운전불이행,포장 - 건조,맑음,단일로 - 기타,화물,남,45세,상해없음,보행자,여,51세,사망
22864,2020050100100089,2020년 5월 1일 09시,금요일,경기도 수원시 영통구 하동,중상사고,0,1,0,0,차대사람 - 기타,기타,포장 - 건조,맑음,교차로 - 교차로부근,자전거,남,46세,상해없음,보행자,여,69세,중상
22865,2020050100100112,2020년 5월 1일 09시,금요일,경기도 고양시 일산서구 대화동,경상사고,0,0,1,0,차대사람 - 횡단중,안전운전불이행,포장 - 건조,맑음,교차로 - 교차로안,승용,남,30세,상해없음,보행자,남,72세,경상
22866,2020050100100144,2020년 5월 1일 10시,금요일,경기도 파주시 문산읍,중상사고,0,2,0,0,차대사람 - 기타,기타,포장 - 건조,맑음,단일로 - 기타,승용,여,76세,상해없음,보행자,남,42세,중상
22867,2020050100100145,2020년 5월 1일 10시,금요일,경기도 고양시 일산서구 대화동,경상사고,0,0,1,0,차대사람 - 기타,안전운전불이행,포장 - 건조,맑음,주차장 - 주차장,승용,남,55세,상해없음,보행자,남,36세,경상
22868,2020050100100154,2020년 5월 1일 11시,금요일,경기도 광주시 탄벌동,경상사고,0,0,1,0,차대사람 - 횡단중,안전운전불이행,포장 - 건조,맑음,교차로 - 교차로안,승용,남,42세,상해없음,보행자,여,24세,경상
22869,2020050100100192,2020년 5월 1일 12시,금요일,경기도 부천시 춘의동,중상사고,0,1,0,0,차대사람 - 기타,신호위반,포장 - 건조,맑음,단일로 - 기타,승용,남,58세,상해없음,보행자,여,36세,중상
22870,2020050100100230,2020년 5월 1일 13시,금요일,경기도 수원시 팔달구 북수동,경상사고,0,0,1,0,차대사람 - 기타,안전운전불이행,포장 - 건조,맑음,교차로 - 교차로안,승용,여,33세,상해없음,보행자,남,59세,경상
22871,2020050100100298,2020년 5월 1일 14시,금요일,경기도 의정부시 의정부동,경상사고,0,0,1,0,차대사람 - 기타,안전운전불이행,포장 - 건조,맑음,단일로 - 기타,승용,남,29세,상해없음,보행자,여,46세,경상
22872,2020050100100300,2020년 5월 1일 14시,금요일,경기도 파주시 금촌동,중상사고,0,1,0,0,차대사람 - 횡단중,보행자보호의무위반,포장 - 건조,맑음,교차로 - 교차로부근,승용,여,57세,상해없음,보행자,남,61세,중상
22873,2020050100100347,2020년 5월 1일 16시,금요일,경기도 오산시 오산동,경상사고,0,0,1,0,차대사람 - 기타,안전운전불이행,포장 - 건조,맑음,기타 - 기타,승용,남,76세,상해없음,보행자,남,73세,경상
22874,2020050100100348,2020년 5월 1일 16시,금요일,경기도 부천시 심곡동,경상사고,0,0,1,0,차대사람 - 기타,안전운전불이행,포장 - 건조,맑음,단일로 - 기타,승용,여,25세,기타불명,보행자,여,25세,경상
22875,2020050100100355,2020년 5월 1일 16시,금요일,경기도 부천시 오정동,중상사고,0,1,0,0,차대사람 - 기타,안전운전불이행,포장 - 건조,맑음,단일로 - 기타,승용,남,59세,상해없음,보행자,여,70세,중상
22876,2020050100100422,2020년 5월 1일 17시,금요일,경기도 의정부시 민락동,중상사고,0,1,0,0,차대사람 - 횡단중,안전운전불이행,포장 - 건조,맑음,교차로 - 교차로부근,승용,여,47세,상해없음,보행자,남,47세,중상
22877,2020050100100423,2020년 5월 1일 17시,금요일,경기도 고양시 덕양구 행신동,경상사고,0,0,1,0,차대사람 - 기타,보행자보호의무위반,포장 - 건조,맑음,교차로 - 교차로횡단보도내,승용,남,64세,상해없음,보행자,여,31세,경상
22878,2020050100100432,2020년 5월 1일 18시,금요일,경기도 수원시 장안구 영화동,경상사고,0,0,1,0,차대사람 - 기타,보행자보호의무위반,포장 - 건조,맑음,교차로 - 교차로안,승용,남,52세,상해없음,보행자,남,71세,경상
22879,2020050100100466,2020년 5월 1일 19시,금요일,경기도 평택시 안중읍,부상신고사고,0,0,0,1,차대사람 - 횡단중,신호위반,포장 - 건조,맑음,교차로 - 교차로횡단보도내,승용,남,37세,상해없음,보행자,여,13세,부상신고
22880,2020050100100527,2020년 5월 1일 20시,금요일,경기도 가평군 청평면,경상사고,0,0,1,0,차대사람 - 횡단중,안전운전불이행,포장 - 건조,맑음,교차로 - 교차로부근,자전거,여,49세,상해없음,보행자,남,50세,경상
22881,2020050100100537,2020년 5월 1일 21시,금요일,경기도 성남시 중원구 중앙동,경상사고,0,0,1,0,차대사람 - 횡단중,안전운전불이행,포장 - 건조,맑음,교차로 - 교차로부근,이륜,남,28세,상해없음,보행자,남,62세,경상
22882,2020050100100588,2020년 5월 1일 23시,금요일,경기도 안산시 상록구 사동,중상사고,0,1,0,0,차대사람 - 차도통행중,과속,포장 - 건조,맑음,교차로 - 교차로안,승용,남,49세,상해없음,보행자,여,56세,중상
22883,2020050200100027,2020년 5월 2일 01시,토요일,경기도 부천시 심곡동,경상사고,0,0,1,0,차대사람 - 기타,안전운전불이행,포장 - 건조,흐림,단일로 - 기타,승용,남,18세,상해없음,보행자,남,28세,경상
22884,2020050200100057,2020년 5월 2일 05시,토요일,경기도 화성시 향남읍,경상사고,0,0,1,0,차대사람 - 기타,기타,포장 - 건조,맑음,기타 - 기타,승용,남,45세,상해없음,보행자,남,48세,경상
22885,2020050200100073,2020년 5월 2일 06시,토요일,경기도 의정부시 의정부동,부상신고사고,0,0,0,1,차대사람 - 기타,안전운전불이행,포장 - 건조,맑음,단일로 - 기타,승용,남,24세,상해없음,보행자,남,29세,부상신고
22886,2020050200100087,2020년 5월 2일 08시,토요일,경기도 안양시 동안구 비산동,경상사고,0,0,1,1,차대사람 - 횡단중,안전운전불이행,포장 - 건조,맑음,교차로 - 교차로안,자전거,남,75세,부상신고,보행자,여,27세,경상
22887,2020050200100162,2020년 5월 2일 11시,토요일,경기도 성남시 분당구 야탑동,중상사고,0,1,0,0,차대사람 - 기타,안전운전불이행,포장 - 건조,맑음,단일로 - 기타,자전거,남,60세,상해없음,보행자,여,69세,중상
22888,2020050200100202,2020년 5월 2일 12시,토요일,경기도 안성시 공도읍,경상사고,0,0,1,0,차대사람 - 기타,보행자보호의무위반,포장 - 건조,맑음,단일로 - 기타,승용,남,46세,상해없음,보행자,남,63세,경상
22889,2020050200100224,2020년 5월 2일 12시,토요일,경기도 고양시 덕양구 행신동,경상사고,0,0,1,0,차대사람 - 횡단중,안전운전불이행,포장 - 건조,맑음,단일로 - 기타,자전거,남,75세,상해없음,보행자,여,53세,경상
22890,2020050200100238,2020년 5월 2일 13시,토요일,경기도 광명시 소하동,부상신고사고,0,0,0,1,차대사람 - 차도통행중,안전운전불이행,포장 - 건조,맑음,단일로 - 기타,승용,여,57세,상해없음,보행자,남,26세,부상신고
22891,2020050200100279,2020년 5월 2일 14시,토요일,경기도 안산시 단원구 초지동,경상사고,0,0,1,0,차대사람 - 횡단중,안전운전불이행,포장 - 건조,맑음,단일로 - 기타,승용,남,66세,상해없음,보행자,여,50세,경상
22892,2020050200100281,2020년 5월 2일 14시,토요일,경기도 성남시 중원구 하대원동,중상사고,0,1,0,0,차대사람 - 횡단중,보행자보호의무위반,포장 - 건조,맑음,교차로 - 교차로횡단보도내,승용,남,52세,상해없음,보행자,남,22세,중상
22893,2020050200100313,2020년 5월 2일 15시,토요일,경기도 광주시 경안동,중상사고,0,1,0,0,차대사람 - 기타,안전운전불이행,포장 - 건조,맑음,단일로 - 기타,승용,남,33세,상해없음,보행자,남,63세,중상
22894,2020050200100319,2020년 5월 2일 15시,토요일,경기도 의왕시 삼동,경상사고,0,0,1,0,차대사람 - 차도통행중,안전운전불이행,포장 - 건조,맑음,단일로 - 기타,승용,남,71세,상해없음,보행자,남,52세,경상
22895,2020050200100350,2020년 5월 2일 16시,토요일,경기도 성남시 수정구 신흥동,경상사고,0,0,1,0,차대사람 - 길가장자리구역통행중,안전운전불이행,포장 - 건조,맑음,교차로 - 교차로안,특수,남,40세,상해없음,보행자,여,31세,경상
22896,2020050200100401,2020년 5월 2일 17시,토요일,경기도 파주시 월롱면,중상사고,0,1,0,0,차대사람 - 횡단중,신호위반,포장 - 건조,맑음,교차로 - 교차로안,승용,여,76세,상해없음,보행자,남,8세,중상
22897,2020050200100504,2020년 5월 2일 21시,토요일,경기도 성남시 분당구 금곡동,부상신고사고,0,0,0,1,차대사람 - 횡단중,안전운전불이행,포장 - 건조,맑음,교차로 - 교차로횡단보도내,기타불명,기타불명,미분류,기타불명,보행자,남,38세,부상신고
22898,2020050200100526,2020년 5월 2일 22시,토요일,경기도 안양시 동안구 호계동,사망사고,1,0,0,0,차대사람 - 횡단중,과속,포장 - 건조,맑음,단일로 - 기타,화물,남,25세,상해없음,보행자,남,59세,사망
22899,2020050200100542,2020년 5월 2일 23시,토요일,경기도 성남시 중원구 성남동,경상사고,0,0,1,0,차대사람 - 차도통행중,안전운전불이행,포장 - 건조,맑음,단일로 - 기타,승용,남,59세,상해없음,보행자,남,23세,경상
22900,2020050200100544,2020년 5월 2일 23시,토요일,경기도 수원시 권선구 당수동,경상사고,0,0,1,0,차대사람 - 기타,기타,포장 - 건조,맑음,단일로 - 기타,승합,남,51세,상해없음,보행자,남,57세,경상
22901,2020050300100015,2020년 5월 3일 00시,일요일,경기도 남양주시 일패동,경상사고,0,0,1,0,차대사람 - 기타,안전운전불이행,포장 - 건조,흐림,단일로 - 기타,승용,남,26세,상해없음,보행자,남,21세,경상
22902,2020050300100018,2020년 5월 3일 01시,일요일,경기도 성남시 분당구 야탑동,중상사고,0,1,0,0,차대사람 - 차도통행중,안전운전불이행,포장 - 건조,맑음,단일로 - 기타,승용,남,24세,상해없음,보행자,남,30세,중상
22903,2020050300100029,2020년 5월 3일 02시,일요일,경기도 시흥시 정왕동,경상사고,0,0,1,0,차대사람 - 기타,안전운전불이행,포장 - 건조,맑음,교차로 - 교차로안,승용,남,22세,상해없음,보행자,남,48세,경상
22904,2020050300100054,2020년 5월 3일 04시,일요일,경기도 양주시 고암동,중상사고,0,1,0,0,차대사람 - 기타,안전운전불이행,포장 - 건조,맑음,기타 - 기타,승용,남,54세,기타불명,보행자,남,40세,중상
22905,2020050300100063,2020년 5월 3일 05시,일요일,경기도 파주시 동패동,경상사고,0,0,1,0,차대사람 - 길가장자리구역통행중,안전운전불이행,포장 - 건조,맑음,교차로 - 교차로부근,화물,남,53세,상해없음,보행자,여,64세,경상
22906,2020050300100090,2020년 5월 3일 08시,일요일,경기도 용인시 수지구 상현동,경상사고,0,0,1,0,차대사람 - 기타,안전운전불이행,포장 - 젖음/습기,비,단일로 - 기타,승합,남,52세,기타불명,보행자,여,64세,경상
22907,2020050300100225,2020년 5월 3일 15시,일요일,경기도 성남시 수정구 양지동,중상사고,0,1,0,0,차대사람 - 기타,안전운전불이행,포장 - 건조,맑음,단일로 - 기타,승용,여,63세,상해없음,보행자,여,74세,중상
22908,2020050300100261,2020년 5월 3일 16시,일요일,경기도 안산시 단원구 선감동,중상사고,0,1,0,0,차대사람 - 기타,안전운전불이행,포장 - 건조,맑음,단일로 - 기타,승용,남,59세,상해없음,보행자,여,73세,중상
22909,2020050300100283,2020년 5월 3일 17시,일요일,경기도 화성시 봉담읍,경상사고,0,0,1,0,차대사람 - 기타,안전운전불이행,포장 - 건조,맑음,교차로 - 교차로안,승용,여,44세,상해없음,보행자,남,16세,경상
22910,2020050300100308,2020년 5월 3일 18시,일요일,경기도 성남시 분당구 야탑동,경상사고,0,0,1,0,차대사람 - 기타,안전운전불이행,포장 - 건조,맑음,단일로 - 기타,승용,남,52세,상해없음,보행자,남,30세,경상
22911,2020050300100341,2020년 5월 3일 19시,일요일,경기도 성남시 분당구 분당동,경상사고,0,0,1,0,차대사람 - 기타,신호위반,포장 - 건조,맑음,단일로 - 기타,승합,남,78세,상해없음,보행자,여,45세,경상
22912,2020050300100410,2020년 5월 3일 22시,일요일,경기도 부천시 역곡동,경상사고,0,0,1,0,차대사람 - 길가장자리구역통행중,안전운전불이행,포장 - 건조,맑음,단일로 - 기타,승용,여,26세,상해없음,보행자,남,27세,경상
22913,2020050400100042,2020년 5월 4일 05시,월요일,경기도 부천시 심곡동,부상신고사고,0,0,0,1,차대사람 - 기타,안전운전불이행,포장 - 건조,맑음,단일로 - 기타,승용,남,24세,상해없음,보행자,남,57세,부상신고
22914,2020050400100080,2020년 5월 4일 08시,월요일,경기도 수원시 권선구 세류동,경상사고,0,0,1,0,차대사람 - 보도통행중,보행자보호의무위반,포장 - 건조,맑음,단일로 - 기타,승용,남,55세,상해없음,보행자,남,47세,경상
22915,2020050400100107,2020년 5월 4일 09시,월요일,경기도 화성시 능동,경상사고,0,0,1,0,차대사람 - 횡단중,신호위반,포장 - 건조,맑음,교차로 - 교차로횡단보도내,화물,남,58세,상해없음,보행자,남,23세,경상
22916,2020050400100141,2020년 5월 4일 10시,월요일,경기도 부천시 원종동,중상사고,0,1,0,0,차대사람 - 기타,안전운전불이행,포장 - 건조,맑음,교차로 - 교차로안,승합,여,65세,상해없음,보행자,여,74세,중상
22917,2020050400100172,2020년 5월 4일 11시,월요일,경기도 수원시 장안구 조원동,중상사고,0,1,0,0,차대사람 - 기타,안전운전불이행,포장 - 건조,맑음,단일로 - 기타,화물,남,45세,상해없음,보행자,남,53세,중상
22918,2020050400100175,2020년 5월 4일 11시,월요일,경기도 평택시 비전동,경상사고,0,0,1,0,차대사람 - 기타,기타,포장 - 건조,맑음,단일로 - 기타,승합,남,51세,상해없음,보행자,여,51세,경상
22919,2020050400100214,2020년 5월 4일 12시,월요일,경기도 평택시 고덕면,경상사고,0,0,1,0,차대사람 - 기타,안전운전불이행,포장 - 건조,맑음,주차장 - 주차장,승용,여,61세,상해없음,보행자,여,91세,경상
22920,2020050400100217,2020년 5월 4일 12시,월요일,경기도 김포시 장기동,중상사고,0,1,0,0,차대사람 - 횡단중,안전운전불이행,포장 - 건조,맑음,교차로 - 교차로부근,승용,남,25세,상해없음,보행자,여,76세,중상
22921,2020050400100220,2020년 5월 4일 12시,월요일,경기도 안양시 만안구 안양동,경상사고,0,0,1,0,차대사람 - 보도통행중,보행자보호의무위반,포장 - 건조,맑음,교차로 - 교차로횡단보도내,자전거,남,61세,상해없음,보행자,여,51세,경상
22922,2020050400100247,2020년 5월 4일 13시,월요일,경기도 수원시 장안구 영화동,중상사고,0,1,0,0,차대사람 - 기타,안전운전불이행,포장 - 건조,맑음,교차로 - 교차로안,화물,남,55세,상해없음,보행자,여,81세,중상
22923,2020050400100283,2020년 5월 4일 13시,월요일,경기도 남양주시 조안면,경상사고,0,0,1,0,차대사람 - 기타,안전운전불이행,포장 - 건조,맑음,기타 - 기타,자전거,남,63세,경상,보행자,남,61세,상해없음
22924,2020050400100332,2020년 5월 4일 15시,월요일,경기도 성남시 수정구 태평동,중상사고,0,1,0,0,차대사람 - 차도통행중,안전운전불이행,포장 - 건조,맑음,교차로 - 교차로안,승용,여,29세,상해없음,보행자,남,46세,중상
22925,2020050400100333,2020년 5월 4일 15시,월요일,경기도 광주시 오포읍,경상사고,0,0,1,0,차대사람 - 기타,안전운전불이행,포장 - 건조,맑음,기타 - 기타,승용,남,39세,상해없음,보행자,여,51세,경상
22926,2020050400100342,2020년 5월 4일 15시,월요일,경기도 안산시 상록구 월피동,중상사고,0,1,0,0,차대사람 - 횡단중,신호위반,포장 - 건조,맑음,교차로 - 교차로횡단보도내,승용,여,44세,상해없음,보행자,여,59세,중상
22927,2020050400100344,2020년 5월 4일 15시,월요일,경기도 수원시 권선구 호매실동,중상사고,0,1,0,0,차대사람 - 횡단중,보행자보호의무위반,포장 - 건조,맑음,교차로 - 교차로횡단보도내,승용,여,32세,상해없음,보행자,여,64세,중상
22928,2020050400100376,2020년 5월 4일 15시,월요일,경기도 양주시 덕정동,경상사고,0,0,1,0,차대사람 - 기타,안전운전불이행,포장 - 건조,맑음,교차로 - 교차로부근,승용,남,30세,상해없음,보행자,여,67세,경상
22929,2020050400100390,2020년 5월 4일 16시,월요일,경기도 수원시 영통구 매탄동,부상신고사고,0,0,0,1,차대사람 - 기타,안전운전불이행,포장 - 건조,맑음,기타 - 기타,승용,남,62세,상해없음,보행자,여,19세,부상신고
22930,2020050400100440,2020년 5월 4일 17시,월요일,경기도 광명시 광명동,중상사고,0,1,0,0,차대사람 - 기타,기타,포장 - 건조,맑음,단일로 - 기타,원동기,남,60세,상해없음,보행자,여,73세,중상
22931,2020050400100441,2020년 5월 4일 17시,월요일,경기도 시흥시 거모동,경상사고,0,0,1,0,차대사람 - 기타,안전운전불이행,포장 - 건조,맑음,단일로 - 기타,승용,남,38세,상해없음,보행자,여,66세,경상
22932,2020050400100482,2020년 5월 4일 17시,월요일,경기도 남양주시 화도읍,경상사고,0,0,1,0,차대사람 - 횡단중,안전운전불이행,포장 - 건조,맑음,단일로 - 기타,승용,남,70세,상해없음,보행자,남,81세,경상
22933,2020050400100534,2020년 5월 4일 18시,월요일,경기도 동두천시 지행동,중상사고,0,1,0,0,차대사람 - 횡단중,보행자보호의무위반,포장 - 건조,맑음,교차로 - 교차로횡단보도내,승용,남,38세,상해없음,보행자,남,10세,중상
22934,2020050400100549,2020년 5월 4일 19시,월요일,경기도 수원시 권선구 세류동,경상사고,0,0,1,0,차대사람 - 차도통행중,안전운전불이행,포장 - 건조,맑음,교차로 - 교차로안,승용,남,66세,상해없음,보행자,남,9세,경상
22935,2020050400100550,2020년 5월 4일 19시,월요일,경기도 성남시 중원구 상대원동,중상사고,0,1,0,0,차대사람 - 기타,안전운전불이행,포장 - 건조,맑음,단일로 - 기타,승용,여,41세,상해없음,보행자,남,62세,중상
22936,2020050400100591,2020년 5월 4일 20시,월요일,경기도 수원시 팔달구 매산로2가,경상사고,0,0,1,0,차대사람 - 보도통행중,기타,포장 - 건조,맑음,단일로 - 기타,승용,남,24세,상해없음,보행자,남,26세,경상
22937,2020050400100608,2020년 5월 4일 20시,월요일,경기도 양주시 덕정동,경상사고,0,0,1,0,차대사람 - 기타,안전운전불이행,포장 - 건조,맑음,단일로 - 기타,승합,남,50세,상해없음,보행자,남,71세,경상
22938,2020050400100623,2020년 5월 4일 21시,월요일,경기도 시흥시 정왕동,중상사고,0,1,0,0,차대사람 - 횡단중,안전운전불이행,포장 - 건조,맑음,교차로 - 교차로안,승용,남,26세,상해없음,보행자,남,47세,중상
22939,2020050400100661,2020년 5월 4일 23시,월요일,경기도 안산시 단원구 초지동,경상사고,0,0,1,0,차대사람 - 횡단중,안전운전불이행,포장 - 건조,맑음,교차로 - 교차로부근,승용,남,51세,상해없음,보행자,남,36세,경상
22940,2020050500100020,2020년 5월 5일 00시,화요일,경기도 고양시 일산동구 백석동,중상사고,0,1,0,0,차대사람 - 기타,안전운전불이행,포장 - 건조,기타,기타 - 기타,승합,남,56세,상해없음,보행자,남,62세,중상
22941,2020050500100043,2020년 5월 5일 03시,화요일,경기도 구리시 수택동,중상사고,0,1,0,0,차대사람 - 기타,안전운전불이행,포장 - 건조,맑음,단일로 - 기타,승용,남,30세,상해없음,보행자,여,52세,중상
22942,2020050500100102,2020년 5월 5일 10시,화요일,경기도 성남시 분당구 수내동,경상사고,0,0,1,0,차대사람 - 기타,안전운전불이행,포장 - 건조,흐림,교차로 - 교차로안,승합,남,54세,상해없음,보행자,남,18세,경상
22943,2020050500100122,2020년 5월 5일 11시,화요일,경기도 수원시 팔달구 매향동,경상사고,0,0,1,0,차대사람 - 횡단중,안전운전불이행,포장 - 건조,맑음,단일로 - 기타,승용,여,32세,상해없음,보행자,여,16세,경상
22944,2020050500100196,2020년 5월 5일 14시,화요일,경기도 김포시 통진읍,중상사고,0,1,0,0,차대사람 - 차도통행중,안전운전불이행,포장 - 건조,맑음,교차로 - 교차로안,승합,남,52세,상해없음,보행자,남,7세,중상
22945,2020050500100245,2020년 5월 5일 16시,화요일,경기도 안양시 동안구 관양동,중상사고,0,1,0,0,차대사람 - 횡단중,보행자보호의무위반,포장 - 건조,맑음,단일로 - 기타,승용,남,40세,상해없음,보행자,여,11세,중상
22946,2020050500100264,2020년 5월 5일 16시,화요일,경기도 의정부시 호원동,경상사고,0,0,1,0,차대사람 - 횡단중,안전운전불이행,포장 - 건조,맑음,교차로 - 교차로부근,자전거,남,66세,상해없음,보행자,여,64세,경상
22947,2020050500100314,2020년 5월 5일 18시,화요일,경기도 안산시 단원구 고잔동,경상사고,0,0,1,0,차대사람 - 기타,안전운전불이행,포장 - 건조,맑음,단일로 - 기타,기타불명,기타불명,미분류,기타불명,보행자,남,27세,경상
22948,2020050500100317,2020년 5월 5일 18시,화요일,경기도 시흥시 거모동,중상사고,0,1,0,0,차대사람 - 기타,안전운전불이행,포장 - 건조,맑음,단일로 - 기타,승합,남,39세,상해없음,보행자,여,57세,중상
22949,2020050500100401,2020년 5월 5일 21시,화요일,경기도 안산시 상록구 사동,경상사고,0,0,1,0,차대사람 - 기타,안전운전불이행,포장 - 건조,맑음,단일로 - 기타,승용,남,46세,상해없음,보행자,남,48세,경상
22950,2020050600100037,2020년 5월 6일 06시,수요일,경기도 수원시 장안구 조원동,중상사고,0,1,0,0,차대사람 - 횡단중,안전운전불이행,포장 - 건조,맑음,단일로 - 기타,승용,남,57세,상해없음,보행자,여,51세,중상
22951,2020050600100124,2020년 5월 6일 09시,수요일,경기도 수원시 권선구 호매실동,경상사고,0,0,1,0,차대사람 - 기타,보행자보호의무위반,포장 - 건조,맑음,단일로 - 기타,자전거,여,48세,상해없음,보행자,남,6세,경상