,사고번호,사고일시,요일,시군구,사고내용,사망자수,중상자수,경상자수,부상신고자수,사고유형,법규위반,노면상태,기상상태,도로형태,가해운전자 차종,가해운전자 성별,가해운전자 연령,가해운전자 상해정도,피해운전자 차종,피해운전자 성별,피해운전자 연령,피해운전자 상해정도
22952,2020050600100177,2020년 5월 6일 10시,수요일,경기도 고양시 덕양구 성사동,경상사고,0,0,1,0,차대사람 - 횡단중,신호위반,포장 - 건조,맑음,교차로 - 교차로안,승용,여,43세,기타불명,보행자,남,18세,경상
22953,2020050600100220,2020년 5월 6일 12시,수요일,경기도 성남시 수정구 신흥동,경상사고,0,0,1,0,차대사람 - 횡단중,신호위반,포장 - 건조,맑음,단일로 - 기타,승용,남,31세,상해없음,보행자,여,26세,경상
22954,2020050600100269,2020년 5월 6일 13시,수요일,경기도 성남시 분당구 야탑동,경상사고,0,0,1,0,차대사람 - 횡단중,안전운전불이행,포장 - 건조,맑음,단일로 - 기타,승용,남,52세,상해없음,보행자,남,31세,경상
22955,2020050600100290,2020년 5월 6일 13시,수요일,경기도 의정부시 의정부동,중상사고,0,1,0,0,차대사람 - 횡단중,신호위반,포장 - 건조,맑음,교차로 - 교차로횡단보도내,이륜,남,78세,상해없음,보행자,여,72세,중상
22956,2020050600100305,2020년 5월 6일 14시,수요일,경기도 평택시 평택동,부상신고사고,0,0,0,1,차대사람 - 기타,안전운전불이행,포장 - 건조,맑음,단일로 - 기타,승합,남,59세,상해없음,보행자,여,24세,부상신고
22957,2020050600100310,2020년 5월 6일 14시,수요일,경기도 성남시 중원구 중앙동,경상사고,0,0,1,0,차대사람 - 기타,안전운전불이행,포장 - 건조,맑음,단일로 - 기타,화물,남,54세,기타불명,보행자,여,73세,경상
22958,2020050600100311,2020년 5월 6일 14시,수요일,경기도 수원시 팔달구 고등동,중상사고,0,1,0,0,차대사람 - 기타,안전운전불이행,포장 - 건조,맑음,교차로 - 교차로안,승용,남,19세,상해없음,보행자,여,38세,중상
22959,2020050600100314,2020년 5월 6일 14시,수요일,경기도 하남시 망월동,부상신고사고,0,0,0,1,차대사람 - 기타,안전운전불이행,포장 - 건조,맑음,단일로 - 기타,자전거,남,11세,상해없음,보행자,남,7세,부상신고
22960,2020050600100315,2020년 5월 6일 14시,수요일,경기도 화성시 영천동,경상사고,0,0,2,0,차대사람 - 기타,신호위반,포장 - 건조,맑음,교차로 - 교차로횡단보도내,자전거,남,47세,상해없음,보행자,남,42세,경상
22961,2020050600100336,2020년 5월 6일 14시,수요일,경기도 남양주시 진접읍,경상사고,0,0,1,0,차대사람 - 차도통행중,안전운전불이행,포장 - 건조,맑음,단일로 - 기타,이륜,남,14세,상해없음,보행자,여,70세,경상
22962,2020050600100337,2020년 5월 6일 14시,수요일,경기도 동두천시 생연동,부상신고사고,0,0,0,1,차대사람 - 기타,교차로운행방법위반,포장 - 건조,맑음,교차로 - 교차로안,승용,여,44세,상해없음,보행자,남,80세,부상신고
22963,2020050600100348,2020년 5월 6일 15시,수요일,경기도 광주시 역동,부상신고사고,0,0,0,1,차대사람 - 기타,안전운전불이행,포장 - 건조,맑음,기타 - 기타,건설기계,남,33세,상해없음,보행자,남,37세,부상신고
22964,2020050600100353,2020년 5월 6일 15시,수요일,경기도 안산시 상록구 본오동,경상사고,0,0,1,0,차대사람 - 횡단중,신호위반,포장 - 건조,맑음,교차로 - 교차로안,이륜,남,23세,상해없음,보행자,남,26세,경상
22965,2020050600100356,2020년 5월 6일 15시,수요일,경기도 화성시 봉담읍,중상사고,0,1,0,0,차대사람 - 횡단중,보행자보호의무위반,포장 - 건조,맑음,교차로 - 교차로횡단보도내,화물,남,27세,상해없음,보행자,여,83세,중상
22966,2020050600100378,2020년 5월 6일 15시,수요일,경기도 양주시 덕계동,경상사고,0,0,1,0,차대사람 - 횡단중,안전운전불이행,포장 - 건조,맑음,단일로 - 기타,승합,남,27세,상해없음,보행자,여,62세,경상
22967,2020050600100447,2020년 5월 6일 17시,수요일,경기도 평택시 안중읍,경상사고,0,0,1,0,차대사람 - 기타,안전운전불이행,포장 - 건조,맑음,교차로 - 교차로부근,승용,여,51세,상해없음,보행자,여,46세,경상
22968,2020050600100450,2020년 5월 6일 17시,수요일,경기도 광주시 중대동,중상사고,0,1,0,0,차대사람 - 기타,안전운전불이행,포장 - 건조,맑음,기타 - 기타,승용,여,61세,상해없음,보행자,여,52세,중상
22969,2020050600100489,2020년 5월 6일 17시,수요일,경기도 의정부시 의정부동,경상사고,0,0,1,0,차대사람 - 길가장자리구역통행중,안전운전불이행,포장 - 건조,맑음,단일로 - 기타,승용,남,66세,상해없음,보행자,남,33세,경상
22970,2020050600100490,2020년 5월 6일 17시,수요일,경기도 파주시 조리읍,중상사고,0,1,0,0,차대사람 - 길가장자리구역통행중,안전운전불이행,포장 - 건조,맑음,단일로 - 기타,자전거,남,46세,상해없음,보행자,남,65세,중상
22971,2020050600100513,2020년 5월 6일 18시,수요일,경기도 수원시 권선구 탑동,중상사고,0,1,0,0,차대사람 - 기타,안전운전불이행,포장 - 건조,맑음,기타 - 기타,승용,남,59세,상해없음,보행자,남,10세,중상
22972,2020050600100589,2020년 5월 6일 20시,수요일,경기도 부천시 원종동,중상사고,0,1,0,0,차대사람 - 보도통행중,안전운전불이행,포장 - 건조,맑음,기타 - 기타,화물,남,41세,상해없음,보행자,여,63세,중상
22973,2020050600100605,2020년 5월 6일 20시,수요일,경기도 고양시 일산동구 마두동,중상사고,0,1,0,0,차대사람 - 횡단중,안전운전불이행,포장 - 건조,맑음,교차로 - 교차로안,승용,남,53세,상해없음,보행자,여,22세,중상
22974,2020050600100606,2020년 5월 6일 20시,수요일,경기도 고양시 일산서구 대화동,부상신고사고,0,0,0,1,차대사람 - 횡단중,안전운전불이행,포장 - 건조,맑음,단일로 - 기타,승용,남,64세,상해없음,보행자,남,57세,부상신고
22975,2020050600100614,2020년 5월 6일 21시,수요일,경기도 평택시 평택동,부상신고사고,0,0,0,1,차대사람 - 차도통행중,안전운전불이행,포장 - 건조,맑음,교차로 - 교차로안,승용,남,28세,상해없음,보행자,남,65세,부상신고
22976,2020050600100632,2020년 5월 6일 21시,수요일,경기도 의정부시 의정부동,경상사고,0,0,2,0,차대사람 - 기타,안전운전불이행,포장 - 건조,맑음,교차로 - 교차로부근,승용,남,40세,상해없음,보행자,여,24세,경상
22977,2020050600100633,2020년 5월 6일 21시,수요일,경기도 남양주시 화도읍,경상사고,0,0,1,0,차대사람 - 차도통행중,기타,포장 - 건조,맑음,단일로 - 기타,승합,남,50세,상해없음,보행자,여,17세,경상
22978,2020050600100664,2020년 5월 6일 23시,수요일,경기도 남양주시 오남읍,경상사고,0,0,1,0,차대사람 - 차도통행중,신호위반,포장 - 건조,맑음,교차로 - 교차로부근,이륜,남,40세,상해없음,보행자,남,77세,경상
22979,2020050700100058,2020년 5월 7일 06시,목요일,경기도 평택시 지제동,부상신고사고,0,0,0,1,차대사람 - 보도통행중,기타,포장 - 건조,맑음,단일로 - 기타,기타불명,기타불명,미분류,기타불명,보행자,남,24세,부상신고
22980,2020050700100069,2020년 5월 7일 06시,목요일,경기도 고양시 일산동구 중산동,중상사고,0,1,0,0,차대사람 - 횡단중,보행자보호의무위반,포장 - 건조,맑음,교차로 - 교차로횡단보도내,승용,여,66세,상해없음,보행자,여,77세,중상
22981,2020050700100101,2020년 5월 7일 07시,목요일,경기도 남양주시 일패동,중상사고,0,1,0,0,차대사람 - 횡단중,보행자보호의무위반,포장 - 건조,맑음,교차로 - 교차로횡단보도내,승용,여,47세,상해없음,보행자,남,22세,중상
22982,2020050700100116,2020년 5월 7일 08시,목요일,경기도 성남시 중원구 금광동,경상사고,0,0,1,0,차대사람 - 기타,안전운전불이행,포장 - 건조,맑음,단일로 - 기타,승용,여,55세,상해없음,보행자,여,29세,경상
22983,2020050700100147,2020년 5월 7일 08시,목요일,경기도 가평군 설악면,경상사고,0,0,1,0,차대사람 - 횡단중,안전운전불이행,포장 - 건조,맑음,교차로 - 교차로안,승용,남,46세,상해없음,보행자,여,33세,경상
22984,2020050700100155,2020년 5월 7일 09시,목요일,경기도 수원시 팔달구 우만동,경상사고,0,0,1,0,차대사람 - 기타,기타,포장 - 건조,맑음,기타 - 기타,승용,남,69세,상해없음,보행자,남,63세,경상
22985,2020050700100159,2020년 5월 7일 09시,목요일,경기도 수원시 권선구 당수동,경상사고,0,0,1,0,차대사람 - 횡단중,보행자보호의무위반,포장 - 건조,맑음,교차로 - 교차로횡단보도내,승합,남,56세,상해없음,보행자,남,3세,경상
22986,2020050700100232,2020년 5월 7일 11시,목요일,경기도 부천시 중동,경상사고,0,0,1,0,차대사람 - 횡단중,안전운전불이행,포장 - 건조,맑음,교차로 - 교차로안,화물,남,46세,상해없음,보행자,여,61세,경상
22987,2020050700100278,2020년 5월 7일 12시,목요일,경기도 시흥시 정왕동,중상사고,0,1,0,0,차대사람 - 횡단중,안전운전불이행,포장 - 건조,맑음,교차로 - 교차로안,화물,남,40세,상해없음,보행자,남,75세,중상
22988,2020050700100392,2020년 5월 7일 15시,목요일,경기도 용인시 수지구 성복동,경상사고,0,0,1,0,차대사람 - 기타,기타,포장 - 건조,맑음,기타 - 기타,승용,여,41세,상해없음,보행자,여,55세,경상
22989,2020050700100432,2020년 5월 7일 16시,목요일,경기도 화성시 향남읍,경상사고,0,0,1,0,차대사람 - 기타,안전운전불이행,포장 - 건조,맑음,기타 - 기타,승용,여,34세,상해없음,보행자,여,30세,경상
22990,2020050700100479,2020년 5월 7일 17시,목요일,경기도 용인시 기흥구 상갈동,중상사고,0,1,0,0,차대사람 - 차도통행중,안전운전불이행,포장 - 건조,맑음,단일로 - 기타,승용,남,29세,상해없음,보행자,여,83세,중상
22991,2020050700100481,2020년 5월 7일 17시,목요일,경기도 안산시 상록구 월피동,경상사고,0,0,1,0,차대사람 - 차도통행중,안전운전불이행,포장 - 건조,맑음,교차로 - 교차로안,승합,남,56세,상해없음,보행자,남,60세,경상
22992,2020050700100508,2020년 5월 7일 17시,목요일,경기도 의정부시 녹양동,중상사고,0,1,0,0,차대사람 - 기타,기타,포장 - 건조,맑음,교차로 - 교차로부근,화물,남,36세,상해없음,보행자,여,64세,중상
22993,2020050700100526,2020년 5월 7일 18시,목요일,경기도 수원시 팔달구 인계동,경상사고,0,0,1,0,차대사람 - 기타,기타,포장 - 건조,맑음,기타 - 기타,기타불명,기타불명,미분류,기타불명,보행자,남,60세,경상
22994,2020050700100530,2020년 5월 7일 18시,목요일,경기도 하남시 덕풍동,경상사고,0,0,1,0,차대사람 - 횡단중,안전운전불이행,포장 - 건조,맑음,단일로 - 기타,승용,남,69세,상해없음,보행자,남,24세,경상
22995,2020050700100618,2020년 5월 7일 20시,목요일,경기도 고양시 일산동구 정발산동,중상사고,0,1,0,0,차대사람 - 횡단중,신호위반,포장 - 건조,맑음,교차로 - 교차로횡단보도내,승용,남,40세,상해없음,보행자,남,61세,중상
22996,2020050700100640,2020년 5월 7일 21시,목요일,경기도 고양시 일산동구 장항동,경상사고,0,0,1,0,차대사람 - 기타,안전운전불이행,포장 - 건조,맑음,단일로 - 기타,승용,여,25세,상해없음,보행자,여,27세,경상
22997,2020050800100005,2020년 5월 8일 00시,금요일,경기도 성남시 중원구 성남동,경상사고,0,0,1,0,차대사람 - 기타,안전운전불이행,포장 - 건조,맑음,단일로 - 기타,승용,남,22세,상해없음,보행자,남,48세,경상
22998,2020050800100029,2020년 5월 8일 03시,금요일,경기도 과천시 과천동,경상사고,0,0,1,0,차대사람 - 기타,안전운전불이행,포장 - 건조,맑음,교차로 - 교차로부근,승용,남,53세,상해없음,보행자,남,36세,경상
22999,2020050800100083,2020년 5월 8일 08시,금요일,경기도 성남시 중원구 중앙동,중상사고,0,1,0,0,차대사람 - 기타,안전운전불이행,포장 - 건조,맑음,교차로 - 교차로안,승용,남,24세,상해없음,보행자,남,68세,중상
23000,2020050800100116,2020년 5월 8일 09시,금요일,경기도 김포시 통진읍,경상사고,0,0,1,0,차대사람 - 기타,안전운전불이행,포장 - 건조,맑음,교차로 - 교차로안,승용,여,50세,상해없음,보행자,여,78세,경상
23001,2020050800100172,2020년 5월 8일 10시,금요일,경기도 구리시 갈매동,경상사고,0,0,1,0,차대사람 - 기타,안전운전불이행,포장 - 건조,맑음,기타 - 기타,기타불명,기타불명,미분류,기타불명,보행자,여,25세,경상
23002,2020050800100182,2020년 5월 8일 11시,금요일,경기도 이천시 부발읍,경상사고,0,0,1,0,차대사람 - 기타,안전운전불이행,포장 - 건조,맑음,단일로 - 기타,화물,남,54세,상해없음,보행자,남,47세,경상
23003,2020050800100243,2020년 5월 8일 12시,금요일,경기도 구리시 인창동,경상사고,0,0,1,0,차대사람 - 기타,안전운전불이행,포장 - 건조,맑음,단일로 - 기타,승용,여,38세,상해없음,보행자,남,60세,경상
23004,2020050800100285,2020년 5월 8일 14시,금요일,경기도 시흥시 과림동,중상사고,0,1,0,0,차대사람 - 기타,안전운전불이행,포장 - 건조,맑음,단일로 - 기타,화물,남,46세,상해없음,보행자,남,53세,중상
23005,2020050800100437,2020년 5월 8일 18시,금요일,경기도 광주시 탄벌동,중상사고,0,1,0,0,차대사람 - 횡단중,보행자보호의무위반,포장 - 건조,흐림,교차로 - 교차로부근,화물,남,57세,상해없음,보행자,여,7세,중상
23006,2020050800100441,2020년 5월 8일 18시,금요일,경기도 부천시 상동,중상사고,0,2,0,0,차대사람 - 횡단중,보행자보호의무위반,포장 - 젖음/습기,비,교차로 - 교차로부근,승용,남,56세,상해없음,보행자,여,17세,중상
23007,2020050800100446,2020년 5월 8일 18시,금요일,경기도 화성시 병점동,경상사고,0,0,1,0,차대사람 - 기타,보행자보호의무위반,포장 - 건조,맑음,교차로 - 교차로횡단보도내,승합,남,33세,상해없음,보행자,남,20세,경상
23008,2020050800100503,2020년 5월 8일 19시,금요일,경기도 화성시 팔탄면,경상사고,0,0,1,0,차대사람 - 횡단중,보행자보호의무위반,포장 - 건조,맑음,교차로 - 교차로안,승용,여,40세,상해없음,보행자,남,60세,경상
23009,2020050800100533,2020년 5월 8일 19시,금요일,경기도 고양시 덕양구 성사동,중상사고,0,1,0,0,차대사람 - 기타,안전운전불이행,포장 - 건조,맑음,주차장 - 주차장,승용,남,48세,상해없음,보행자,여,64세,중상
23010,2020050800100535,2020년 5월 8일 19시,금요일,경기도 남양주시 평내동,경상사고,0,0,1,0,차대사람 - 횡단중,신호위반,포장 - 젖음/습기,비,교차로 - 교차로횡단보도내,이륜,남,46세,상해없음,보행자,여,54세,경상
23011,2020050800100538,2020년 5월 8일 19시,금요일,경기도 파주시 금촌동,경상사고,0,0,1,0,차대사람 - 보도통행중,신호위반,포장 - 건조,맑음,교차로 - 교차로횡단보도내,승용,여,27세,상해없음,보행자,여,14세,경상
23012,2020050800100573,2020년 5월 8일 20시,금요일,경기도 광주시 목현동,중상사고,0,1,0,0,차대사람 - 길가장자리구역통행중,안전운전불이행,포장 - 젖음/습기,비,단일로 - 기타,승용,남,28세,상해없음,보행자,남,52세,중상
23013,2020050800100578,2020년 5월 8일 20시,금요일,경기도 성남시 중원구 중앙동,경상사고,0,0,1,0,차대사람 - 기타,안전운전불이행,포장 - 젖음/습기,비,단일로 - 기타,승용,남,61세,상해없음,보행자,남,54세,경상
23014,2020050800100586,2020년 5월 8일 20시,금요일,경기도 화성시 정남면,중상사고,0,1,0,0,차대사람 - 횡단중,안전운전불이행,포장 - 젖음/습기,비,단일로 - 기타,승용,남,33세,상해없음,보행자,여,79세,중상
23015,2020050800100647,2020년 5월 8일 21시,금요일,경기도 부천시 원미동,경상사고,0,0,1,0,차대사람 - 기타,신호위반,포장 - 젖음/습기,비,단일로 - 기타,승용,남,29세,상해없음,보행자,여,53세,경상
23016,2020050800100699,2020년 5월 8일 22시,금요일,경기도 시흥시 정왕동,중상사고,0,1,0,0,차대사람 - 횡단중,안전운전불이행,포장 - 젖음/습기,비,단일로 - 기타,승용,남,24세,상해없음,보행자,여,36세,중상
23017,2020050800100702,2020년 5월 8일 22시,금요일,경기도 수원시 팔달구 매산로2가,부상신고사고,0,0,0,1,차대사람 - 횡단중,안전운전불이행,포장 - 젖음/습기,비,단일로 - 기타,승용,남,35세,상해없음,보행자,남,67세,부상신고
23018,2020050800100720,2020년 5월 8일 22시,금요일,경기도 포천시 선단동,경상사고,0,0,1,0,차대사람 - 길가장자리구역통행중,안전운전불이행,포장 - 젖음/습기,비,교차로 - 교차로부근,승용,남,29세,상해없음,보행자,남,66세,경상
23019,2020050800100739,2020년 5월 8일 23시,금요일,경기도 성남시 분당구 삼평동,경상사고,0,0,1,0,차대사람 - 횡단중,안전운전불이행,포장 - 젖음/습기,비,교차로 - 교차로횡단보도내,승용,남,60세,상해없음,보행자,남,42세,경상
23020,2020050800100740,2020년 5월 8일 23시,금요일,경기도 안산시 상록구 본오동,경상사고,0,0,1,0,차대사람 - 횡단중,보행자보호의무위반,포장 - 젖음/습기,비,교차로 - 교차로부근,이륜,남,37세,상해없음,보행자,남,63세,경상
23021,2020050800100741,2020년 5월 8일 23시,금요일,경기도 수원시 권선구 세류동,중상사고,0,1,1,0,차대사람 - 횡단중,신호위반,포장 - 젖음/습기,비,교차로 - 교차로횡단보도내,이륜,남,64세,경상,보행자,남,27세,중상
23022,2020050900100012,2020년 5월 9일 00시,토요일,경기도 용인시 기흥구 동백동,중상사고,0,1,0,0,차대사람 - 기타,안전운전불이행,포장 - 젖음/습기,비,주차장 - 주차장,승용,남,40세,상해없음,보행자,여,60세,중상
23023,2020050900100041,2020년 5월 9일 01시,토요일,경기도 안양시 동안구 호계동,경상사고,0,0,1,0,차대사람 - 횡단중,신호위반,포장 - 젖음/습기,흐림,교차로 - 교차로횡단보도내,승용,남,65세,상해없음,보행자,남,34세,경상
23024,2020050900100145,2020년 5월 9일 09시,토요일,경기도 이천시 부발읍,경상사고,0,0,1,0,차대사람 - 기타,안전운전불이행,포장 - 젖음/습기,비,단일로 - 기타,화물,남,55세,상해없음,보행자,남,48세,경상
23025,2020050900100167,2020년 5월 9일 10시,토요일,경기도 안양시 만안구 안양동,중상사고,0,1,0,0,차대사람 - 기타,안전운전불이행,포장 - 젖음/습기,비,교차로 - 교차로부근,승합,남,61세,기타불명,보행자,남,88세,중상
23026,2020050900100221,2020년 5월 9일 11시,토요일,경기도 연천군 전곡읍,경상사고,0,0,1,0,차대사람 - 길가장자리구역통행중,안전운전불이행,포장 - 건조,맑음,단일로 - 기타,승용,여,39세,상해없음,보행자,남,51세,경상
23027,2020050900100263,2020년 5월 9일 13시,토요일,경기도 안양시 동안구 호계동,중상사고,0,1,0,0,차대사람 - 기타,안전운전불이행,포장 - 젖음/습기,흐림,단일로 - 기타,승합,남,56세,상해없음,보행자,여,70세,중상
23028,2020050900100305,2020년 5월 9일 14시,토요일,경기도 오산시 오산동,경상사고,0,0,1,0,차대사람 - 횡단중,안전운전불이행,포장 - 건조,맑음,교차로 - 교차로부근,승용,남,77세,상해없음,보행자,남,66세,경상
23029,2020050900100367,2020년 5월 9일 16시,토요일,경기도 부천시 역곡동,경상사고,0,0,1,0,차대사람 - 횡단중,보행자보호의무위반,포장 - 젖음/습기,비,교차로 - 교차로안,화물,남,61세,기타불명,보행자,여,41세,경상
23030,2020050900100391,2020년 5월 9일 17시,토요일,경기도 안성시 원곡면,경상사고,0,0,1,0,차대사람 - 기타,안전운전불이행,포장 - 건조,맑음,기타 - 기타,승용,남,27세,상해없음,보행자,여,50세,경상
23031,2020050900100464,2020년 5월 9일 19시,토요일,경기도 용인시 처인구 포곡읍,경상사고,0,0,1,0,차대사람 - 기타,안전운전불이행,포장 - 건조,맑음,단일로 - 기타,승용,남,33세,상해없음,보행자,여,49세,경상
23032,2020050900100506,2020년 5월 9일 20시,토요일,경기도 광주시 경안동,부상신고사고,0,0,0,1,차대사람 - 기타,안전운전불이행,포장 - 젖음/습기,맑음,교차로 - 교차로부근,이륜,남,21세,부상신고,보행자,남,56세,상해없음
23033,2020050900100507,2020년 5월 9일 20시,토요일,경기도 용인시 기흥구 구갈동,중상사고,0,1,0,0,차대사람 - 차도통행중,안전운전불이행,포장 - 젖음/습기,비,기타 - 기타,승용,여,45세,상해없음,보행자,남,62세,중상
23034,2020050900100508,2020년 5월 9일 20시,토요일,경기도 오산시 은계동,중상사고,0,1,0,0,차대사람 - 기타,안전운전불이행,포장 - 건조,맑음,단일로 - 기타,승용,남,57세,상해없음,보행자,남,40세,중상
23035,2020050900100511,2020년 5월 9일 20시,토요일,경기도 부천시 작동,사망사고,1,0,0,0,차대사람 - 횡단중,안전운전불이행,포장 - 젖음/습기,비,단일로 - 기타,승합,남,54세,상해없음,보행자,남,68세,사망
23036,2020050900100521,2020년 5월 9일 20시,토요일,경기도 의정부시 녹양동,경상사고,0,0,1,0,차대사람 - 횡단중,안전운전불이행,포장 - 건조,맑음,단일로 - 기타,이륜,남,22세,상해없음,보행자,여,65세,경상
23037,2020050900100568,2020년 5월 9일 22시,토요일,경기도 평택시 포승읍,경상사고,0,0,1,0,차대사람 - 기타,신호위반,포장 - 건조,맑음,교차로 - 교차로안,승용,남,32세,상해없음,보행자,남,43세,경상
23038,2020050900100611,2020년 5월 9일 23시,토요일,경기도 포천시 신읍동,경상사고,0,0,1,0,차대사람 - 횡단중,안전운전불이행,포장 - 젖음/습기,비,교차로 - 교차로횡단보도내,승용,여,26세,상해없음,보행자,남,58세,경상
23039,2020051000100007,2020년 5월 10일 00시,일요일,경기도 수원시 장안구 영화동,부상신고사고,0,0,0,1,차대사람 - 기타,안전운전불이행,포장 - 젖음/습기,맑음,교차로 - 교차로부근,승용,남,64세,상해없음,보행자,남,56세,부상신고
23040,2020051000100011,2020년 5월 10일 00시,일요일,경기도 부천시 원종동,경상사고,0,0,1,0,차대사람 - 길가장자리구역통행중,안전운전불이행,포장 - 젖음/습기,흐림,단일로 - 기타,승용,남,23세,상해없음,보행자,남,22세,경상
23041,2020051000100018,2020년 5월 10일 00시,일요일,경기도 고양시 일산동구 장항동,경상사고,0,0,1,0,차대사람 - 기타,안전운전불이행,포장 - 젖음/습기,비,기타 - 기타,승용,남,30세,상해없음,보행자,남,45세,경상
23042,2020051000100020,2020년 5월 10일 00시,일요일,경기도 연천군 연천읍,부상신고사고,0,0,0,1,차대사람 - 기타,안전운전불이행,포장 - 젖음/습기,비,기타 - 기타,화물,남,57세,기타불명,보행자,남,39세,부상신고
23043,2020051000100062,2020년 5월 10일 04시,일요일,경기도 양평군 양평읍,중상사고,0,1,0,0,차대사람 - 횡단중,보행자보호의무위반,포장 - 젖음/습기,비,교차로 - 교차로안,승용,남,61세,상해없음,보행자,남,82세,중상
23044,2020051000100094,2020년 5월 10일 08시,일요일,경기도 안양시 만안구 안양동,경상사고,0,0,1,0,차대사람 - 기타,안전운전불이행,포장 - 기타,흐림,교차로 - 교차로안,승용,여,59세,상해없음,보행자,여,62세,경상
23045,2020051000100111,2020년 5월 10일 10시,일요일,경기도 성남시 수정구 수진동,경상사고,0,0,1,0,차대사람 - 횡단중,안전운전불이행,포장 - 건조,맑음,교차로 - 교차로부근,승용,남,63세,상해없음,보행자,여,59세,경상
23046,2020051000100159,2020년 5월 10일 12시,일요일,경기도 의정부시 의정부동,경상사고,0,0,1,0,차대사람 - 기타,안전운전불이행,포장 - 건조,맑음,교차로 - 교차로안,승용,남,48세,상해없음,보행자,남,44세,경상
23047,2020051000100183,2020년 5월 10일 13시,일요일,경기도 남양주시 이패동,중상사고,0,1,0,0,차대사람 - 기타,안전운전불이행,포장 - 건조,맑음,단일로 - 기타,승합,남,53세,상해없음,보행자,남,81세,중상
23048,2020051000100213,2020년 5월 10일 15시,일요일,경기도 김포시 장기동,경상사고,0,0,1,0,차대사람 - 차도통행중,안전운전불이행,포장 - 건조,맑음,기타 - 기타,승용,여,40세,상해없음,보행자,남,49세,경상
23049,2020051000100279,2020년 5월 10일 17시,일요일,경기도 하남시 신장동,경상사고,0,0,1,0,차대사람 - 기타,안전운전불이행,포장 - 건조,맑음,단일로 - 기타,화물,남,61세,상해없음,보행자,여,3세,경상
23050,2020051000100321,2020년 5월 10일 19시,일요일,경기도 성남시 분당구 수내동,경상사고,0,0,2,0,차대사람 - 기타,안전운전불이행,포장 - 건조,맑음,단일로 - 기타,자전거,여,34세,상해없음,보행자,여,69세,경상
23051,2020051000100331,2020년 5월 10일 19시,일요일,경기도 고양시 일산동구 성석동,중상사고,0,1,0,0,차대사람 - 횡단중,신호위반,포장 - 건조,맑음,교차로 - 교차로횡단보도내,승용,여,24세,상해없음,보행자,여,37세,중상
23052,2020051000100352,2020년 5월 10일 20시,일요일,경기도 의정부시 호원동,중상사고,0,1,0,0,차대사람 - 기타,안전운전불이행,포장 - 건조,맑음,단일로 - 기타,승용,여,61세,상해없음,보행자,여,35세,중상
23053,2020051000100361,2020년 5월 10일 21시,일요일,경기도 수원시 장안구 송죽동,경상사고,0,0,1,0,차대사람 - 보도통행중,기타,포장 - 건조,맑음,단일로 - 기타,이륜,남,28세,상해없음,보행자,여,49세,경상
23054,2020051000100379,2020년 5월 10일 21시,일요일,경기도 포천시 신읍동,중상사고,0,1,0,0,차대사람 - 횡단중,안전운전불이행,포장 - 건조,맑음,단일로 - 기타,승용,남,32세,상해없음,보행자,남,63세,중상
23055,2020051000100385,2020년 5월 10일 22시,일요일,경기도 수원시 권선구 탑동,사망사고,1,0,0,0,차대사람 - 기타,안전운전불이행,포장 - 건조,맑음,단일로 - 기타,승용,남,60세,상해없음,보행자,여,48세,사망
23056,2020051000100395,2020년 5월 10일 22시,일요일,경기도 고양시 일산동구 정발산동,경상사고,0,0,1,0,차대사람 - 횡단중,보행자보호의무위반,포장 - 건조,맑음,교차로 - 교차로횡단보도내,승용,여,56세,상해없음,보행자,남,26세,경상
23057,2020051100100074,2020년 5월 11일 07시,월요일,경기도 부천시 중동,경상사고,0,0,1,0,차대사람 - 차도통행중,안전운전불이행,포장 - 건조,맑음,단일로 - 기타,화물,남,47세,상해없음,보행자,남,50세,경상
23058,2020051100100078,2020년 5월 11일 07시,월요일,경기도 화성시 향남읍,중상사고,0,1,0,0,차대사람 - 기타,안전운전불이행,포장 - 건조,맑음,주차장 - 주차장,승용,남,52세,상해없음,보행자,남,81세,중상
23059,2020051100100107,2020년 5월 11일 08시,월요일,경기도 성남시 수정구 태평동,경상사고,0,0,1,0,차대사람 - 기타,안전운전불이행,포장 - 건조,맑음,단일로 - 기타,승용,여,45세,상해없음,보행자,여,79세,경상
23060,2020051100100114,2020년 5월 11일 08시,월요일,경기도 성남시 분당구 서현동,중상사고,0,1,0,0,차대사람 - 횡단중,보행자보호의무위반,포장 - 건조,맑음,교차로 - 교차로안,승용,여,38세,상해없음,보행자,여,41세,중상
23061,2020051100100115,2020년 5월 11일 08시,월요일,경기도 시흥시 신천동,중상사고,0,1,0,0,차대사람 - 기타,안전운전불이행,포장 - 건조,맑음,교차로 - 교차로부근,기타불명,기타불명,미분류,기타불명,보행자,남,75세,중상
23062,2020051100100117,2020년 5월 11일 08시,월요일,경기도 하남시 덕풍동,경상사고,0,0,1,0,차대사람 - 기타,안전운전불이행,포장 - 건조,맑음,기타 - 기타,승용,남,62세,기타불명,보행자,남,70세,경상
23063,2020051100100186,2020년 5월 11일 10시,월요일,경기도 안양시 동안구 평촌동,경상사고,0,0,1,0,차대사람 - 횡단중,보행자보호의무위반,포장 - 건조,맑음,교차로 - 교차로횡단보도내,화물,남,57세,상해없음,보행자,남,17세,경상
23064,2020051100100235,2020년 5월 11일 11시,월요일,경기도 용인시 기흥구 상갈동,중상사고,0,1,0,0,차대사람 - 횡단중,안전운전불이행,포장 - 건조,맑음,교차로 - 교차로안,승용,여,33세,상해없음,보행자,여,70세,중상