,사고번호,사고일시,요일,시군구,사고내용,사망자수,중상자수,경상자수,부상신고자수,사고유형,법규위반,노면상태,기상상태,도로형태,가해운전자 차종,가해운전자 성별,가해운전자 연령,가해운전자 상해정도,피해운전자 차종,피해운전자 성별,피해운전자 연령,피해운전자 상해정도
23065,2020051100100276,2020년 5월 11일 12시,월요일,경기도 양평군 양평읍,경상사고,0,0,1,0,차대사람 - 보도통행중,기타,포장 - 건조,맑음,기타 - 기타,승용,남,61세,상해없음,보행자,남,48세,경상
23066,2020051100100303,2020년 5월 11일 13시,월요일,경기도 수원시 장안구 천천동,경상사고,0,0,1,0,차대사람 - 기타,보행자보호의무위반,포장 - 건조,맑음,교차로 - 교차로안,승용,남,53세,상해없음,보행자,여,48세,경상
23067,2020051100100346,2020년 5월 11일 14시,월요일,경기도 수원시 권선구 고색동,경상사고,0,0,1,0,차대사람 - 기타,보행자보호의무위반,포장 - 건조,맑음,교차로 - 교차로안,승합,남,67세,상해없음,보행자,남,43세,경상
23068,2020051100100436,2020년 5월 11일 16시,월요일,경기도 성남시 수정구 신흥동,경상사고,0,0,1,0,차대사람 - 기타,안전운전불이행,포장 - 건조,맑음,교차로 - 교차로횡단보도내,기타불명,기타불명,미분류,기타불명,보행자,여,27세,경상
23069,2020051100100438,2020년 5월 11일 16시,월요일,경기도 안산시 상록구 일동,경상사고,0,0,1,0,차대사람 - 기타,안전운전불이행,포장 - 건조,맑음,단일로 - 기타,승용,남,68세,상해없음,보행자,여,27세,경상
23070,2020051100100465,2020년 5월 11일 16시,월요일,경기도 의정부시 민락동,중상사고,0,1,0,0,차대사람 - 횡단중,신호위반,포장 - 건조,맑음,교차로 - 교차로안,승합,남,68세,상해없음,보행자,여,45세,중상
23071,2020051100100512,2020년 5월 11일 18시,월요일,경기도 평택시 고덕면,경상사고,0,0,1,0,차대사람 - 기타,안전운전불이행,포장 - 건조,맑음,교차로 - 교차로안,승용,남,56세,상해없음,보행자,남,50세,경상
23072,2020051100100514,2020년 5월 11일 18시,월요일,경기도 부천시 심곡동,경상사고,0,0,1,0,차대사람 - 기타,안전운전불이행,포장 - 건조,맑음,단일로 - 기타,승용,남,48세,상해없음,보행자,여,70세,경상
23073,2020051100100546,2020년 5월 11일 19시,월요일,경기도 안성시 대덕면,중상사고,0,1,0,0,차대사람 - 길가장자리구역통행중,안전운전불이행,포장 - 건조,맑음,단일로 - 기타,기타불명,기타불명,미분류,기타불명,보행자,여,65세,중상
23074,2020051100100565,2020년 5월 11일 19시,월요일,경기도 고양시 일산동구 설문동,경상사고,0,0,1,0,차대사람 - 기타,안전운전불이행,포장 - 건조,맑음,단일로 - 기타,승용,남,55세,상해없음,보행자,여,62세,경상
23075,2020051100100566,2020년 5월 11일 19시,월요일,경기도 포천시 소흘읍,경상사고,0,0,1,0,차대사람 - 기타,안전운전불이행,포장 - 건조,맑음,단일로 - 기타,승용,남,57세,상해없음,보행자,남,39세,경상
23076,2020051100100577,2020년 5월 11일 20시,월요일,경기도 오산시 오산동,경상사고,0,0,1,0,차대사람 - 횡단중,보행자보호의무위반,포장 - 건조,맑음,교차로 - 교차로부근,승용,여,59세,상해없음,보행자,남,49세,경상
23077,2020051100100579,2020년 5월 11일 20시,월요일,경기도 부천시 심곡동,경상사고,0,0,1,0,차대사람 - 횡단중,불법유턴,포장 - 건조,맑음,단일로 - 기타,화물,남,47세,상해없음,보행자,남,34세,경상
23078,2020051100100595,2020년 5월 11일 20시,월요일,경기도 의정부시 의정부동,중상사고,0,1,0,0,차대사람 - 횡단중,과속,포장 - 건조,맑음,교차로 - 교차로횡단보도내,이륜,남,23세,상해없음,보행자,여,71세,중상
23079,2020051100100607,2020년 5월 11일 21시,월요일,경기도 부천시 심곡본동,중상사고,0,1,0,0,차대사람 - 횡단중,안전운전불이행,포장 - 건조,맑음,교차로 - 교차로안,승용,남,39세,상해없음,보행자,여,62세,중상
23080,2020051100100627,2020년 5월 11일 21시,월요일,경기도 의정부시 의정부동,경상사고,0,0,1,0,차대사람 - 횡단중,안전운전불이행,포장 - 젖음/습기,흐림,교차로 - 교차로안,승용,남,27세,상해없음,보행자,남,52세,경상
23081,2020051100100639,2020년 5월 11일 22시,월요일,경기도 하남시 망월동,중상사고,0,1,0,0,차대사람 - 기타,안전운전불이행,포장 - 건조,맑음,단일로 - 기타,승용,남,52세,상해없음,보행자,여,25세,중상
23082,2020051100100640,2020년 5월 11일 22시,월요일,경기도 용인시 수지구 풍덕천동,경상사고,0,0,1,0,차대사람 - 횡단중,안전운전불이행,포장 - 건조,맑음,교차로 - 교차로안,승용,남,48세,상해없음,보행자,여,44세,경상
23083,2020051100100662,2020년 5월 11일 23시,월요일,경기도 평택시 이충동,중상사고,0,1,0,0,차대사람 - 차도통행중,안전운전불이행,포장 - 젖음/습기,비,단일로 - 기타,승용,남,32세,상해없음,보행자,남,35세,중상
23084,2020051100100663,2020년 5월 11일 23시,월요일,경기도 이천시 마장면,경상사고,0,0,1,0,차대사람 - 기타,안전운전불이행,포장 - 건조,맑음,교차로 - 교차로안,승용,남,31세,상해없음,보행자,여,57세,경상
23085,2020051100100666,2020년 5월 11일 23시,월요일,경기도 부천시 중동,경상사고,0,0,1,0,차대사람 - 기타,보행자보호의무위반,포장 - 젖음/습기,비,단일로 - 기타,승용,여,62세,상해없음,보행자,여,17세,경상
23086,2020051100100668,2020년 5월 11일 23시,월요일,경기도 군포시 금정동,경상사고,0,0,1,0,차대사람 - 횡단중,안전운전불이행,포장 - 젖음/습기,비,기타 - 기타,이륜,남,38세,상해없음,보행자,남,71세,경상
23087,2020051200100052,2020년 5월 12일 05시,화요일,경기도 안양시 동안구 관양동,중상사고,0,1,0,0,차대사람 - 횡단중,신호위반,포장 - 건조,맑음,교차로 - 교차로횡단보도내,승용,남,64세,상해없음,보행자,여,60세,중상
23088,2020051200100116,2020년 5월 12일 08시,화요일,경기도 광주시 경안동,중상사고,0,1,0,0,차대사람 - 횡단중,안전운전불이행,포장 - 건조,맑음,교차로 - 교차로횡단보도내,승용,여,30세,기타불명,보행자,여,29세,중상
23089,2020051200100155,2020년 5월 12일 09시,화요일,경기도 여주시 창동,경상사고,0,0,1,0,차대사람 - 차도통행중,직진우회전진행방해,포장 - 건조,맑음,교차로 - 교차로안,승용,여,52세,상해없음,보행자,남,49세,경상
23090,2020051200100203,2020년 5월 12일 10시,화요일,경기도 남양주시 별내동,중상사고,0,1,0,0,차대사람 - 횡단중,안전운전불이행,포장 - 건조,맑음,교차로 - 교차로안,승용,여,34세,상해없음,보행자,남,13세,중상
23091,2020051200100214,2020년 5월 12일 11시,화요일,경기도 안양시 동안구 호계동,중상사고,0,1,0,0,차대사람 - 기타,안전운전불이행,포장 - 건조,맑음,단일로 - 기타,승용,남,66세,상해없음,보행자,여,51세,중상
23092,2020051200100217,2020년 5월 12일 11시,화요일,경기도 양평군 옥천면,경상사고,0,0,1,0,차대사람 - 차도통행중,안전운전불이행,포장 - 건조,맑음,단일로 - 기타,승용,남,73세,상해없음,보행자,남,37세,경상
23093,2020051200100396,2020년 5월 12일 17시,화요일,경기도 안양시 동안구 평촌동,경상사고,0,0,1,0,차대사람 - 횡단중,안전운전불이행,포장 - 건조,맑음,단일로 - 기타,승용,여,43세,상해없음,보행자,여,7세,경상
23094,2020051200100401,2020년 5월 12일 17시,화요일,경기도 부천시 소사본동,경상사고,0,0,1,0,차대사람 - 기타,안전운전불이행,포장 - 건조,맑음,교차로 - 교차로부근,승용,남,41세,상해없음,보행자,여,20세,경상
23095,2020051200100402,2020년 5월 12일 17시,화요일,경기도 부천시 심곡동,경상사고,0,0,1,0,차대사람 - 횡단중,보행자보호의무위반,포장 - 건조,맑음,단일로 - 기타,승용,남,72세,상해없음,보행자,여,62세,경상
23096,2020051200100409,2020년 5월 12일 17시,화요일,경기도 안산시 상록구 사동,중상사고,0,1,0,0,차대사람 - 기타,안전운전불이행,포장 - 건조,맑음,기타 - 기타,자전거,남,68세,상해없음,보행자,여,51세,중상
23097,2020051200100412,2020년 5월 12일 17시,화요일,경기도 부천시 원종동,경상사고,0,0,1,0,차대사람 - 차도통행중,안전운전불이행,포장 - 건조,맑음,단일로 - 기타,승용,남,26세,상해없음,보행자,남,60세,경상
23098,2020051200100445,2020년 5월 12일 17시,화요일,경기도 남양주시 오남읍,경상사고,0,0,1,0,차대사람 - 횡단중,보행자보호의무위반,포장 - 건조,맑음,교차로 - 교차로횡단보도내,승용,남,64세,상해없음,보행자,여,14세,경상
23099,2020051200100465,2020년 5월 12일 18시,화요일,경기도 부천시 오정동,중상사고,0,1,0,0,차대사람 - 횡단중,중앙선침범,포장 - 건조,맑음,교차로 - 교차로횡단보도내,승용,여,54세,상해없음,보행자,여,27세,중상
23100,2020051200100498,2020년 5월 12일 19시,화요일,경기도 수원시 팔달구 영동,경상사고,0,0,1,0,차대사람 - 기타,안전운전불이행,포장 - 건조,맑음,교차로 - 교차로안,승합,남,45세,상해없음,보행자,여,63세,경상
23101,2020051200100518,2020년 5월 12일 19시,화요일,경기도 동두천시 지행동,경상사고,0,0,1,0,차대사람 - 기타,안전운전불이행,포장 - 건조,맑음,단일로 - 기타,승용,여,50세,상해없음,보행자,여,28세,경상
23102,2020051200100524,2020년 5월 12일 20시,화요일,경기도 수원시 팔달구 화서동,중상사고,0,1,1,0,차대사람 - 횡단중,과속,포장 - 건조,맑음,교차로 - 교차로안,이륜,남,29세,경상,보행자,여,75세,중상
23103,2020051200100525,2020년 5월 12일 20시,화요일,경기도 여주시 능서면,중상사고,0,1,0,0,차대사람 - 횡단중,안전운전불이행,포장 - 건조,맑음,단일로 - 기타,승합,여,45세,상해없음,보행자,남,62세,중상
23104,2020051200100526,2020년 5월 12일 20시,화요일,경기도 수원시 권선구 세류동,경상사고,0,0,1,0,차대사람 - 횡단중,신호위반,포장 - 건조,맑음,단일로 - 기타,화물,여,56세,상해없음,보행자,여,62세,경상
23105,2020051200100527,2020년 5월 12일 20시,화요일,경기도 군포시 산본동,경상사고,0,0,1,0,차대사람 - 기타,안전운전불이행,포장 - 건조,맑음,단일로 - 기타,승용,남,61세,상해없음,보행자,남,54세,경상
23106,2020051200100541,2020년 5월 12일 20시,화요일,경기도 의정부시 의정부동,중상사고,0,1,0,0,차대사람 - 기타,안전운전불이행,포장 - 건조,맑음,단일로 - 기타,승합,남,58세,기타불명,보행자,여,69세,중상
23107,2020051200100550,2020년 5월 12일 21시,화요일,경기도 안양시 동안구 비산동,중상사고,0,1,0,0,차대사람 - 횡단중,안전운전불이행,포장 - 건조,맑음,교차로 - 교차로부근,승용,남,39세,상해없음,보행자,남,65세,중상
23108,2020051200100552,2020년 5월 12일 21시,화요일,경기도 수원시 권선구 권선동,경상사고,0,0,1,0,차대사람 - 차도통행중,보행자보호의무위반,포장 - 건조,맑음,교차로 - 교차로횡단보도내,자전거,남,26세,상해없음,보행자,남,54세,경상
23109,2020051200100554,2020년 5월 12일 21시,화요일,경기도 부천시 내동,중상사고,0,1,0,0,차대사람 - 횡단중,보행자보호의무위반,포장 - 건조,맑음,교차로 - 교차로안,승용,여,40세,상해없음,보행자,남,26세,중상
23110,2020051200100564,2020년 5월 12일 21시,화요일,경기도 고양시 덕양구 화정동,중상사고,0,1,0,0,차대사람 - 횡단중,안전운전불이행,포장 - 건조,맑음,단일로 - 기타,승용,여,35세,상해없음,보행자,남,78세,중상
23111,2020051300100016,2020년 5월 13일 01시,수요일,경기도 평택시 비전동,경상사고,0,0,1,0,차대사람 - 기타,안전운전불이행,포장 - 건조,맑음,단일로 - 기타,기타불명,기타불명,미분류,기타불명,보행자,남,45세,경상
23112,2020051300100019,2020년 5월 13일 01시,수요일,경기도 부천시 상동,부상신고사고,0,0,0,1,차대사람 - 횡단중,기타,포장 - 건조,맑음,교차로 - 교차로부근,기타불명,기타불명,미분류,기타불명,보행자,남,25세,부상신고
23113,2020051300100105,2020년 5월 13일 07시,수요일,경기도 남양주시 화도읍,중상사고,0,1,0,0,차대사람 - 횡단중,안전운전불이행,포장 - 건조,맑음,교차로 - 교차로안,승용,남,47세,상해없음,보행자,여,70세,중상
23114,2020051300100182,2020년 5월 13일 10시,수요일,경기도 수원시 장안구 연무동,경상사고,0,0,1,0,차대사람 - 기타,직진우회전진행방해,포장 - 건조,맑음,교차로 - 교차로안,화물,남,69세,상해없음,보행자,남,29세,경상
23115,2020051300100186,2020년 5월 13일 10시,수요일,경기도 용인시 처인구 이동읍,경상사고,0,0,1,0,차대사람 - 기타,안전운전불이행,포장 - 건조,맑음,단일로 - 기타,승용,여,31세,기타불명,보행자,남,55세,경상
23116,2020051300100220,2020년 5월 13일 11시,수요일,경기도 성남시 중원구 성남동,경상사고,0,0,1,0,차대사람 - 기타,보행자보호의무위반,포장 - 건조,맑음,교차로 - 교차로횡단보도내,승용,여,49세,상해없음,보행자,여,69세,경상
23117,2020051300100221,2020년 5월 13일 11시,수요일,경기도 시흥시 은행동,부상신고사고,0,0,0,1,차대사람 - 횡단중,보행자보호의무위반,포장 - 건조,맑음,단일로 - 기타,자전거,기타불명,미분류,기타불명,보행자,여,58세,부상신고
23118,2020051300100243,2020년 5월 13일 11시,수요일,경기도 남양주시 별내동,부상신고사고,0,0,0,1,차대사람 - 기타,안전운전불이행,포장 - 건조,맑음,단일로 - 기타,승용,남,68세,상해없음,보행자,여,65세,부상신고
23119,2020051300100244,2020년 5월 13일 11시,수요일,경기도 구리시 수택동,중상사고,0,1,0,0,차대사람 - 기타,안전운전불이행,포장 - 건조,맑음,단일로 - 기타,자전거,남,12세,상해없음,보행자,여,81세,중상
23120,2020051300100251,2020년 5월 13일 12시,수요일,경기도 평택시 평택동,경상사고,0,0,1,0,차대사람 - 기타,기타,포장 - 건조,맑음,단일로 - 기타,승용,여,48세,상해없음,보행자,남,63세,경상
23121,2020051300100253,2020년 5월 13일 12시,수요일,경기도 화성시 우정읍,중상사고,0,1,0,0,차대사람 - 기타,교차로운행방법위반,포장 - 건조,맑음,기타 - 기타,승합,남,62세,상해없음,보행자,남,61세,중상
23122,2020051300100255,2020년 5월 13일 12시,수요일,경기도 화성시 반송동,경상사고,0,0,1,0,차대사람 - 차도통행중,신호위반,포장 - 건조,맑음,단일로 - 기타,승합,여,59세,상해없음,보행자,여,76세,경상
23123,2020051300100270,2020년 5월 13일 12시,수요일,경기도 양주시 회정동,경상사고,0,0,1,0,차대사람 - 기타,안전운전불이행,포장 - 건조,맑음,단일로 - 기타,승합,남,45세,상해없음,보행자,여,53세,경상
23124,2020051300100272,2020년 5월 13일 12시,수요일,경기도 가평군 설악면,중상사고,0,1,1,0,차대사람 - 기타,안전운전불이행,포장 - 건조,맑음,단일로 - 기타,승용,남,73세,상해없음,보행자,남,68세,경상
23125,2020051300100298,2020년 5월 13일 13시,수요일,경기도 남양주시 와부읍,중상사고,0,1,0,0,차대사람 - 횡단중,신호위반,포장 - 건조,맑음,교차로 - 교차로횡단보도내,이륜,여,30세,상해없음,보행자,여,60세,중상
23126,2020051300100300,2020년 5월 13일 13시,수요일,경기도 파주시 광탄면,중상사고,0,1,0,0,차대사람 - 횡단중,보행자보호의무위반,포장 - 건조,맑음,교차로 - 교차로횡단보도내,승용,남,54세,상해없음,보행자,남,66세,중상
23127,2020051300100342,2020년 5월 13일 14시,수요일,경기도 고양시 덕양구 도내동,중상사고,0,1,0,0,차대사람 - 기타,안전운전불이행,포장 - 건조,맑음,기타 - 기타,이륜,남,58세,상해없음,보행자,남,9세,중상
23128,2020051300100358,2020년 5월 13일 15시,수요일,경기도 안성시 금광면,중상사고,0,1,0,0,차대사람 - 길가장자리구역통행중,안전운전불이행,포장 - 건조,맑음,단일로 - 기타,승용,여,54세,상해없음,보행자,남,68세,중상
23129,2020051300100359,2020년 5월 13일 15시,수요일,경기도 안양시 동안구 관양동,중상사고,0,1,0,0,차대사람 - 보도통행중,보행자보호의무위반,포장 - 건조,맑음,교차로 - 교차로횡단보도내,승용,남,45세,상해없음,보행자,남,79세,중상
23130,2020051300100403,2020년 5월 13일 16시,수요일,경기도 안산시 단원구 와동,중상사고,0,1,0,0,차대사람 - 기타,안전운전불이행,포장 - 건조,맑음,단일로 - 기타,승용,남,54세,상해없음,보행자,여,57세,중상
23131,2020051300100429,2020년 5월 13일 16시,수요일,경기도 의정부시 녹양동,경상사고,0,0,1,0,차대사람 - 기타,안전운전불이행,포장 - 건조,맑음,단일로 - 기타,승용,여,53세,상해없음,보행자,여,70세,경상
23132,2020051300100449,2020년 5월 13일 17시,수요일,경기도 안성시 공도읍,중상사고,0,1,0,0,차대사람 - 길가장자리구역통행중,안전운전불이행,포장 - 건조,맑음,교차로 - 교차로부근,건설기계,남,42세,상해없음,보행자,여,78세,중상
23133,2020051300100452,2020년 5월 13일 17시,수요일,경기도 부천시 원미동,중상사고,0,1,0,0,차대사람 - 기타,안전운전불이행,포장 - 건조,맑음,교차로 - 교차로부근,승용,남,54세,상해없음,보행자,여,47세,중상
23134,2020051300100453,2020년 5월 13일 17시,수요일,경기도 군포시 산본동,중상사고,0,1,0,0,차대사람 - 횡단중,안전운전불이행,포장 - 건조,맑음,단일로 - 기타,승용,여,46세,상해없음,보행자,남,9세,중상
23135,2020051300100532,2020년 5월 13일 18시,수요일,경기도 동두천시 지행동,중상사고,0,2,0,0,차대사람 - 횡단중,보행자보호의무위반,포장 - 건조,맑음,교차로 - 교차로안,승용,여,56세,상해없음,보행자,여,64세,중상
23136,2020051300100574,2020년 5월 13일 19시,수요일,경기도 의정부시 녹양동,경상사고,0,0,1,0,차대사람 - 기타,안전운전불이행,포장 - 건조,맑음,단일로 - 기타,승용,여,39세,상해없음,보행자,남,28세,경상
23137,2020051300100582,2020년 5월 13일 20시,수요일,경기도 안양시 동안구 관양동,중상사고,0,1,0,0,차대사람 - 차도통행중,안전운전불이행,포장 - 건조,맑음,단일로 - 기타,원동기,남,29세,상해없음,보행자,여,76세,중상
23138,2020051300100584,2020년 5월 13일 20시,수요일,경기도 부천시 심곡동,경상사고,0,0,1,0,차대사람 - 기타,기타,포장 - 건조,맑음,단일로 - 기타,화물,남,29세,상해없음,보행자,여,50세,경상
23139,2020051400100036,2020년 5월 14일 05시,목요일,경기도 성남시 수정구 태평동,경상사고,0,0,1,0,차대사람 - 차도통행중,안전운전불이행,포장 - 건조,맑음,단일로 - 기타,승용,여,49세,상해없음,보행자,남,56세,경상
23140,2020051400100174,2020년 5월 14일 10시,목요일,경기도 포천시 소흘읍,중상사고,0,1,0,0,차대사람 - 기타,보행자보호의무위반,포장 - 건조,맑음,교차로 - 교차로횡단보도내,승용,남,63세,상해없음,보행자,여,43세,중상
23141,2020051400100187,2020년 5월 14일 11시,목요일,경기도 성남시 중원구 하대원동,경상사고,0,0,1,0,차대사람 - 기타,안전운전불이행,포장 - 건조,맑음,기타 - 기타,승용,여,60세,상해없음,보행자,남,86세,경상
23142,2020051400100213,2020년 5월 14일 11시,목요일,경기도 고양시 덕양구 고양동,중상사고,0,1,0,0,차대사람 - 횡단중,보행자보호의무위반,포장 - 건조,맑음,교차로 - 교차로부근,승용,여,57세,상해없음,보행자,여,83세,중상
23143,2020051400100224,2020년 5월 14일 12시,목요일,경기도 광명시 철산동,중상사고,0,1,0,0,차대사람 - 횡단중,안전운전불이행,포장 - 건조,맑음,교차로 - 교차로안,화물,남,58세,상해없음,보행자,여,75세,중상
23144,2020051400100225,2020년 5월 14일 12시,목요일,경기도 안양시 만안구 안양동,경상사고,0,0,2,0,차대사람 - 기타,안전운전불이행,포장 - 건조,맑음,교차로 - 교차로부근,승용,남,65세,상해없음,보행자,여,36세,경상
23145,2020051400100278,2020년 5월 14일 13시,목요일,경기도 파주시 야당동,경상사고,0,0,1,0,차대사람 - 길가장자리구역통행중,안전운전불이행,포장 - 건조,맑음,단일로 - 기타,승용,여,31세,상해없음,보행자,남,33세,경상
23146,2020051400100294,2020년 5월 14일 14시,목요일,경기도 수원시 영통구 신동,경상사고,0,0,1,0,차대사람 - 횡단중,보행자보호의무위반,포장 - 건조,맑음,교차로 - 교차로안,승용,남,18세,상해없음,보행자,여,27세,경상
23147,2020051400100333,2020년 5월 14일 15시,목요일,경기도 시흥시 신천동,경상사고,0,0,1,0,차대사람 - 차도통행중,안전운전불이행,포장 - 건조,맑음,단일로 - 기타,승용,여,27세,상해없음,보행자,여,44세,경상
23148,2020051400100334,2020년 5월 14일 15시,목요일,경기도 하남시 덕풍동,경상사고,0,0,1,0,차대사람 - 기타,안전운전불이행,포장 - 건조,맑음,교차로 - 교차로부근,승합,남,35세,상해없음,보행자,여,77세,경상
23149,2020051400100335,2020년 5월 14일 15시,목요일,경기도 화성시 산척동,경상사고,0,0,1,0,차대사람 - 기타,안전운전불이행,포장 - 건조,맑음,기타 - 기타,승합,남,61세,상해없음,보행자,여,63세,경상
23150,2020051400100370,2020년 5월 14일 16시,목요일,경기도 화성시 봉담읍,중상사고,0,1,0,0,차대사람 - 횡단중,안전운전불이행,포장 - 건조,맑음,교차로 - 교차로안,승합,남,61세,상해없음,보행자,여,76세,중상
23151,2020051400100396,2020년 5월 14일 17시,목요일,경기도 이천시 부발읍,경상사고,0,0,1,0,차대사람 - 횡단중,신호위반,포장 - 건조,맑음,교차로 - 교차로안,이륜,남,22세,상해없음,보행자,남,36세,경상
23152,2020051400100398,2020년 5월 14일 17시,목요일,경기도 부천시 심곡본동,경상사고,0,0,1,0,차대사람 - 기타,안전운전불이행,포장 - 건조,맑음,단일로 - 기타,승합,남,65세,상해없음,보행자,여,86세,경상
23153,2020051400100445,2020년 5월 14일 18시,목요일,경기도 평택시 지산동,경상사고,0,0,1,0,차대사람 - 횡단중,안전운전불이행,포장 - 건조,맑음,단일로 - 기타,승용,남,40세,상해없음,보행자,여,14세,경상
23154,2020051400100452,2020년 5월 14일 18시,목요일,경기도 수원시 권선구 곡반정동,중상사고,0,1,0,0,차대사람 - 횡단중,안전운전불이행,포장 - 건조,흐림,교차로 - 교차로횡단보도내,화물,남,65세,상해없음,보행자,여,7세,중상
23155,2020051400100453,2020년 5월 14일 18시,목요일,경기도 군포시 대야미동,경상사고,0,0,1,0,차대사람 - 길가장자리구역통행중,안전운전불이행,포장 - 건조,맑음,단일로 - 기타,승용,여,50세,상해없음,보행자,여,28세,경상
23156,2020051400100504,2020년 5월 14일 19시,목요일,경기도 부천시 고강동,중상사고,0,1,0,0,차대사람 - 차도통행중,안전운전불이행,포장 - 건조,맑음,기타 - 기타,승용,여,42세,상해없음,보행자,여,4세,중상
23157,2020051400100522,2020년 5월 14일 19시,목요일,경기도 파주시 아동동,중상사고,0,1,0,0,차대사람 - 기타,안전운전불이행,포장 - 건조,맑음,교차로 - 교차로부근,화물,남,54세,상해없음,보행자,남,66세,중상
23158,2020051400100523,2020년 5월 14일 19시,목요일,경기도 파주시 야당동,중상사고,0,1,0,0,차대사람 - 기타,안전운전불이행,포장 - 건조,맑음,주차장 - 주차장,승용,남,30세,상해없음,보행자,남,65세,중상
23159,2020051400100534,2020년 5월 14일 20시,목요일,경기도 안성시 공도읍,경상사고,0,0,1,0,차대사람 - 횡단중,신호위반,포장 - 젖음/습기,비,교차로 - 교차로횡단보도내,승용,여,36세,상해없음,보행자,남,22세,경상
23160,2020051400100535,2020년 5월 14일 20시,목요일,경기도 여주시 오학동,중상사고,0,1,0,0,차대사람 - 기타,안전운전불이행,포장 - 건조,맑음,단일로 - 기타,승용,여,42세,상해없음,보행자,여,49세,중상
23161,2020051400100592,2020년 5월 14일 22시,목요일,경기도 수원시 권선구 권선동,경상사고,0,0,1,0,차대사람 - 횡단중,안전운전불이행,포장 - 건조,맑음,교차로 - 교차로부근,승합,남,42세,상해없음,보행자,남,56세,경상
23162,2020051400100626,2020년 5월 14일 23시,목요일,경기도 안산시 상록구 사동,중상사고,0,1,0,0,차대사람 - 횡단중,보행자보호의무위반,포장 - 건조,흐림,단일로 - 기타,승용,남,26세,상해없음,보행자,여,21세,중상
23163,2020051500100029,2020년 5월 15일 01시,금요일,경기도 의정부시 호원동,경상사고,0,0,1,0,차대사람 - 기타,안전운전불이행,포장 - 건조,맑음,단일로 - 기타,승용,남,31세,상해없음,보행자,남,39세,경상
23164,2020051500100031,2020년 5월 15일 02시,금요일,경기도 광주시 태전동,경상사고,0,0,1,0,차대사람 - 기타,안전운전불이행,포장 - 건조,맑음,단일로 - 기타,승용,남,25세,상해없음,보행자,남,59세,경상
23165,2020051500100054,2020년 5월 15일 05시,금요일,경기도 안산시 상록구 사동,중상사고,0,1,0,0,차대사람 - 횡단중,안전운전불이행,포장 - 젖음/습기,비,교차로 - 교차로안,화물,남,63세,상해없음,보행자,남,61세,중상
23166,2020051500100062,2020년 5월 15일 06시,금요일,경기도 오산시 궐동,경상사고,0,0,1,0,차대사람 - 횡단중,안전운전불이행,포장 - 젖음/습기,비,교차로 - 교차로안,승용,남,48세,상해없음,보행자,남,27세,경상
23167,2020051500100077,2020년 5월 15일 07시,금요일,경기도 광명시 하안동,경상사고,0,0,1,0,차대사람 - 횡단중,신호위반,포장 - 젖음/습기,비,교차로 - 교차로안,승용,남,75세,상해없음,보행자,여,33세,경상
23168,2020051500100100,2020년 5월 15일 08시,금요일,경기도 오산시 원동,중상사고,0,1,0,0,차대사람 - 횡단중,보행자보호의무위반,포장 - 젖음/습기,비,교차로 - 교차로횡단보도내,승용,남,34세,상해없음,보행자,남,73세,중상
23169,2020051500100218,2020년 5월 15일 12시,금요일,경기도 평택시 평택동,경상사고,0,0,1,0,차대사람 - 기타,안전운전불이행,포장 - 젖음/습기,비,기타 - 기타,승용,남,23세,기타불명,보행자,여,21세,경상
23170,2020051500100219,2020년 5월 15일 12시,금요일,경기도 부천시 중동,경상사고,0,0,1,0,차대사람 - 기타,안전운전불이행,포장 - 젖음/습기,비,단일로 - 기타,승용,남,34세,상해없음,보행자,남,38세,경상
23171,2020051500100236,2020년 5월 15일 12시,금요일,경기도 의정부시 민락동,중상사고,0,1,0,0,차대사람 - 횡단중,신호위반,포장 - 젖음/습기,비,교차로 - 교차로횡단보도내,승용,여,39세,상해없음,보행자,여,30세,중상
23172,2020051500100366,2020년 5월 15일 16시,금요일,경기도 광주시 오포읍,경상사고,0,0,1,0,차대사람 - 횡단중,안전운전불이행,포장 - 건조,맑음,단일로 - 기타,화물,남,40세,상해없음,보행자,남,29세,경상
23173,2020051500100407,2020년 5월 15일 17시,금요일,경기도 수원시 권선구 세류동,중상사고,0,1,1,0,차대사람 - 보도통행중,보행자보호의무위반,포장 - 건조,흐림,교차로 - 교차로부근,승용,여,38세,상해없음,보행자,여,48세,중상
23174,2020051500100441,2020년 5월 15일 17시,금요일,경기도 의정부시 가능동,경상사고,0,0,1,0,차대사람 - 횡단중,안전운전불이행,포장 - 젖음/습기,비,교차로 - 교차로안,승용,남,58세,상해없음,보행자,남,87세,경상
23175,2020051500100450,2020년 5월 15일 18시,금요일,경기도 이천시 증포동,중상사고,0,1,0,0,차대사람 - 기타,안전운전불이행,포장 - 젖음/습기,비,주차장 - 주차장,승용,여,42세,상해없음,보행자,여,70세,중상
23176,2020051500100498,2020년 5월 15일 19시,금요일,경기도 성남시 수정구 신흥동,중상사고,0,1,0,0,차대사람 - 길가장자리구역통행중,안전운전불이행,포장 - 젖음/습기,흐림,단일로 - 기타,승합,남,53세,상해없음,보행자,남,61세,중상
23177,2020051500100503,2020년 5월 15일 19시,금요일,경기도 안산시 상록구 사동,경상사고,0,0,1,0,차대사람 - 기타,안전운전불이행,포장 - 건조,맑음,교차로 - 교차로횡단보도내,승용,남,49세,상해없음,보행자,남,27세,경상