,사고번호,사고일시,요일,시군구,사고내용,사망자수,중상자수,경상자수,부상신고자수,사고유형,법규위반,노면상태,기상상태,도로형태,가해운전자 차종,가해운전자 성별,가해운전자 연령,가해운전자 상해정도,피해운전자 차종,피해운전자 성별,피해운전자 연령,피해운전자 상해정도
23404,2020052600100229,2020년 5월 26일 12시,화요일,경기도 안성시 서인동,경상사고,0,0,1,0,차대사람 - 기타,안전운전불이행,포장 - 건조,맑음,단일로 - 기타,승용,남,59세,상해없음,보행자,여,63세,경상
23405,2020052600100230,2020년 5월 26일 12시,화요일,경기도 시흥시 대야동,경상사고,0,0,1,0,차대사람 - 차도통행중,안전운전불이행,포장 - 건조,맑음,단일로 - 기타,승합,남,43세,상해없음,보행자,여,22세,경상
23406,2020052600100267,2020년 5월 26일 13시,화요일,경기도 수원시 권선구 서둔동,경상사고,0,0,1,0,차대사람 - 기타,안전운전불이행,포장 - 건조,맑음,기타 - 기타,화물,여,59세,상해없음,보행자,남,73세,경상
23407,2020052600100268,2020년 5월 26일 13시,화요일,경기도 하남시 선동,중상사고,0,1,1,0,차대사람 - 횡단중,안전운전불이행,포장 - 건조,맑음,단일로 - 지하차도(도로)내,자전거,남,45세,경상,보행자,여,64세,중상
23408,2020052600100327,2020년 5월 26일 14시,화요일,경기도 구리시 수택동,사망사고,1,0,0,0,차대사람 - 보도통행중,보행자보호의무위반,포장 - 건조,흐림,교차로 - 교차로안,화물,남,45세,상해없음,보행자,여,89세,사망
23409,2020052600100361,2020년 5월 26일 15시,화요일,경기도 고양시 일산동구 마두동,부상신고사고,0,0,0,1,차대사람 - 기타,안전운전불이행,포장 - 건조,맑음,단일로 - 기타,기타불명,기타불명,미분류,기타불명,보행자,여,42세,부상신고
23410,2020052600100370,2020년 5월 26일 16시,화요일,경기도 안성시 봉남동,중상사고,0,1,0,0,차대사람 - 기타,안전운전불이행,포장 - 건조,맑음,단일로 - 기타,승용,여,47세,상해없음,보행자,남,7세,중상
23411,2020052600100372,2020년 5월 26일 16시,화요일,경기도 부천시 심곡본동,경상사고,0,0,2,0,차대사람 - 기타,기타,포장 - 젖음/습기,비,단일로 - 기타,기타불명,기타불명,미분류,기타불명,보행자,여,49세,경상
23412,2020052600100413,2020년 5월 26일 17시,화요일,경기도 화성시 반월동,경상사고,0,0,1,0,차대사람 - 횡단중,신호위반,포장 - 건조,맑음,교차로 - 교차로횡단보도내,승용,여,41세,상해없음,보행자,여,17세,경상
23413,2020052600100436,2020년 5월 26일 17시,화요일,경기도 포천시 신읍동,경상사고,0,0,1,0,차대사람 - 횡단중,보행자보호의무위반,포장 - 젖음/습기,비,교차로 - 교차로횡단보도내,승용,여,50세,상해없음,보행자,여,58세,경상
23414,2020052600100444,2020년 5월 26일 18시,화요일,경기도 부천시 중동,경상사고,0,0,1,0,차대사람 - 기타,기타,포장 - 건조,맑음,교차로 - 교차로부근,자전거,남,52세,상해없음,보행자,여,51세,경상
23415,2020052600100445,2020년 5월 26일 18시,화요일,경기도 광명시 광명동,중상사고,0,1,0,0,차대사람 - 기타,안전운전불이행,포장 - 건조,맑음,단일로 - 기타,자전거,남,31세,상해없음,보행자,남,66세,중상
23416,2020052600100446,2020년 5월 26일 18시,화요일,경기도 수원시 권선구 권선동,경상사고,0,0,1,0,차대사람 - 기타,안전운전불이행,포장 - 기타,맑음,교차로 - 교차로안,승용,여,56세,상해없음,보행자,여,11세,경상
23417,2020052600100447,2020년 5월 26일 18시,화요일,경기도 성남시 분당구 백현동,경상사고,0,0,1,0,차대사람 - 횡단중,보행자보호의무위반,포장 - 건조,맑음,교차로 - 교차로횡단보도내,이륜,남,25세,상해없음,보행자,여,20세,경상
23418,2020052600100473,2020년 5월 26일 18시,화요일,경기도 고양시 일산동구 풍동,경상사고,0,0,1,0,차대사람 - 기타,안전운전불이행,포장 - 건조,맑음,기타 - 기타,승용,여,35세,상해없음,보행자,여,31세,경상
23419,2020052600100474,2020년 5월 26일 18시,화요일,경기도 남양주시 진접읍,부상신고사고,0,0,0,1,차대사람 - 횡단중,안전운전불이행,포장 - 건조,맑음,단일로 - 기타,승용,남,61세,상해없음,보행자,여,62세,부상신고
23420,2020052600100476,2020년 5월 26일 18시,화요일,경기도 동두천시 생연동,경상사고,0,0,1,0,차대사람 - 횡단중,보행자보호의무위반,포장 - 젖음/습기,비,교차로 - 교차로안,기타불명,기타불명,미분류,기타불명,보행자,여,78세,경상
23421,2020052600100516,2020년 5월 26일 20시,화요일,경기도 성남시 분당구 삼평동,중상사고,0,1,0,0,차대사람 - 기타,보행자보호의무위반,포장 - 건조,맑음,교차로 - 교차로횡단보도내,승용,여,33세,상해없음,보행자,남,47세,중상
23422,2020052600100541,2020년 5월 26일 21시,화요일,경기도 안산시 단원구 와동,경상사고,0,0,1,0,차대사람 - 기타,안전운전불이행,포장 - 건조,맑음,단일로 - 기타,승용,남,59세,상해없음,보행자,남,50세,경상
23423,2020052600100543,2020년 5월 26일 21시,화요일,경기도 성남시 분당구 구미동,중상사고,0,1,0,0,차대사람 - 기타,안전운전불이행,포장 - 건조,맑음,교차로 - 교차로부근,승용,남,52세,상해없음,보행자,남,57세,중상
23424,2020052600100586,2020년 5월 26일 22시,화요일,경기도 남양주시 진접읍,경상사고,0,0,1,0,차대사람 - 횡단중,보행자보호의무위반,포장 - 건조,맑음,교차로 - 교차로횡단보도내,승용,남,22세,상해없음,보행자,여,52세,경상
23425,2020052600100593,2020년 5월 26일 23시,화요일,경기도 안성시 죽산면,경상사고,0,0,1,0,차대사람 - 기타,안전운전불이행,포장 - 건조,맑음,단일로 - 기타,승용,남,33세,상해없음,보행자,남,23세,경상
23426,2020052600100597,2020년 5월 26일 23시,화요일,경기도 수원시 영통구 매탄동,경상사고,0,0,1,0,차대사람 - 기타,안전운전불이행,포장 - 건조,맑음,교차로 - 교차로안,승용,남,58세,상해없음,보행자,여,47세,경상
23427,2020052600100598,2020년 5월 26일 23시,화요일,경기도 성남시 중원구 성남동,경상사고,0,0,1,0,차대사람 - 길가장자리구역통행중,안전운전불이행,포장 - 건조,맑음,단일로 - 기타,승용,남,32세,상해없음,보행자,남,22세,경상
23428,2020052700100191,2020년 5월 27일 10시,수요일,경기도 파주시 조리읍,중상사고,0,1,0,0,차대사람 - 차도통행중,안전운전불이행,포장 - 건조,맑음,단일로 - 기타,화물,남,60세,상해없음,보행자,여,46세,중상
23429,2020052700100204,2020년 5월 27일 11시,수요일,경기도 광주시 오포읍,경상사고,0,0,1,0,차대사람 - 기타,안전운전불이행,포장 - 건조,맑음,단일로 - 기타,승용,여,41세,상해없음,보행자,여,48세,경상
23430,2020052700100208,2020년 5월 27일 11시,수요일,경기도 부천시 심곡동,경상사고,0,0,1,0,차대사람 - 기타,안전운전불이행,포장 - 건조,맑음,기타 - 기타,승용,남,21세,상해없음,보행자,남,47세,경상
23431,2020052700100239,2020년 5월 27일 12시,수요일,경기도 성남시 중원구 상대원동,경상사고,0,0,1,0,차대사람 - 기타,안전운전불이행,포장 - 건조,맑음,단일로 - 기타,승용,여,41세,상해없음,보행자,남,57세,경상
23432,2020052700100272,2020년 5월 27일 12시,수요일,경기도 남양주시 조안면,경상사고,0,0,1,0,차대사람 - 기타,안전운전불이행,포장 - 건조,맑음,단일로 - 기타,기타불명,기타불명,미분류,기타불명,보행자,남,65세,경상
23433,2020052700100273,2020년 5월 27일 12시,수요일,경기도 남양주시 다산동,경상사고,0,0,1,0,차대사람 - 횡단중,안전운전불이행,포장 - 건조,맑음,단일로 - 기타,승용,남,33세,상해없음,보행자,여,58세,경상
23434,2020052700100321,2020년 5월 27일 14시,수요일,경기도 군포시 금정동,경상사고,0,0,1,0,차대사람 - 횡단중,신호위반,포장 - 건조,맑음,단일로 - 기타,승용,여,67세,상해없음,보행자,남,34세,경상
23435,2020052700100354,2020년 5월 27일 15시,수요일,경기도 수원시 장안구 연무동,중상사고,0,1,0,0,차대사람 - 기타,신호위반,포장 - 건조,맑음,교차로 - 교차로횡단보도내,승용,남,62세,상해없음,보행자,여,67세,중상
23436,2020052700100358,2020년 5월 27일 15시,수요일,경기도 수원시 권선구 권선동,경상사고,0,0,1,0,차대사람 - 차도통행중,안전운전불이행,포장 - 건조,맑음,교차로 - 교차로부근,승용,여,44세,상해없음,보행자,남,84세,경상
23437,2020052700100360,2020년 5월 27일 15시,수요일,경기도 안산시 상록구 본오동,부상신고사고,0,0,0,1,차대사람 - 횡단중,안전운전불이행,포장 - 건조,맑음,교차로 - 교차로안,승용,남,59세,상해없음,보행자,남,39세,부상신고
23438,2020052700100379,2020년 5월 27일 15시,수요일,경기도 의정부시 가능동,경상사고,0,0,1,0,차대사람 - 기타,안전운전불이행,포장 - 건조,맑음,단일로 - 기타,승용,남,57세,상해없음,보행자,여,46세,경상
23439,2020052700100380,2020년 5월 27일 15시,수요일,경기도 고양시 덕양구 도내동,경상사고,0,0,1,0,차대사람 - 횡단중,보행자보호의무위반,포장 - 건조,맑음,교차로 - 교차로횡단보도내,승용,여,46세,상해없음,보행자,남,9세,경상
23440,2020052700100396,2020년 5월 27일 16시,수요일,경기도 광명시 하안동,경상사고,0,0,1,0,차대사람 - 기타,보행자보호의무위반,포장 - 건조,맑음,교차로 - 교차로부근,화물,남,58세,상해없음,보행자,여,16세,경상
23441,2020052700100439,2020년 5월 27일 16시,수요일,경기도 남양주시 오남읍,경상사고,0,0,1,0,차대사람 - 기타,기타,포장 - 건조,맑음,단일로 - 기타,승용,남,56세,상해없음,보행자,남,37세,경상
23442,2020052700100441,2020년 5월 27일 16시,수요일,경기도 고양시 일산서구 일산동,경상사고,0,0,1,0,차대사람 - 차도통행중,안전운전불이행,포장 - 건조,맑음,단일로 - 기타,승용,여,28세,상해없음,보행자,남,62세,경상
23443,2020052700100451,2020년 5월 27일 17시,수요일,경기도 평택시 이충동,경상사고,0,0,1,0,차대사람 - 횡단중,보행자보호의무위반,포장 - 건조,맑음,교차로 - 교차로횡단보도내,승용,여,49세,상해없음,보행자,남,43세,경상
23444,2020052700100457,2020년 5월 27일 17시,수요일,경기도 김포시 고촌읍,중상사고,0,1,0,0,차대사람 - 차도통행중,안전운전불이행,포장 - 건조,맑음,단일로 - 기타,화물,남,57세,상해없음,보행자,남,72세,중상
23445,2020052700100458,2020년 5월 27일 17시,수요일,경기도 부천시 도당동,경상사고,0,0,1,0,차대사람 - 기타,신호위반,포장 - 건조,맑음,기타 - 기타,기타불명,기타불명,미분류,기타불명,보행자,여,58세,경상
23446,2020052700100469,2020년 5월 27일 17시,수요일,경기도 화성시 오산동,경상사고,0,0,1,0,차대사람 - 기타,안전운전불이행,포장 - 건조,맑음,단일로 - 기타,승용,여,36세,상해없음,보행자,남,8세,경상
23447,2020052700100569,2020년 5월 27일 19시,수요일,경기도 수원시 권선구 권선동,경상사고,0,0,1,0,차대사람 - 기타,안전운전불이행,포장 - 건조,맑음,단일로 - 기타,승용,남,77세,상해없음,보행자,여,8세,경상
23448,2020052700100570,2020년 5월 27일 19시,수요일,경기도 시흥시 정왕동,부상신고사고,0,0,0,1,차대사람 - 기타,안전운전불이행,포장 - 건조,맑음,단일로 - 기타,승합,남,51세,상해없음,보행자,남,59세,부상신고
23449,2020052700100597,2020년 5월 27일 20시,수요일,경기도 오산시 금암동,부상신고사고,0,0,0,1,차대사람 - 횡단중,안전운전불이행,포장 - 건조,맑음,단일로 - 기타,승용,여,27세,상해없음,보행자,남,17세,부상신고
23450,2020052700100651,2020년 5월 27일 21시,수요일,경기도 파주시 다율동,중상사고,0,1,0,0,차대사람 - 기타,안전운전불이행,포장 - 건조,맑음,단일로 - 기타,승합,남,62세,상해없음,보행자,남,72세,중상
23451,2020052700100660,2020년 5월 27일 22시,수요일,경기도 광주시 도척면,경상사고,0,0,1,0,차대사람 - 기타,안전운전불이행,포장 - 건조,맑음,기타 - 기타,승용,남,50세,상해없음,보행자,남,21세,경상
23452,2020052700100661,2020년 5월 27일 22시,수요일,경기도 용인시 처인구 김량장동,경상사고,0,0,1,0,차대사람 - 횡단중,안전운전불이행,포장 - 건조,맑음,교차로 - 교차로부근,승합,남,64세,상해없음,보행자,남,28세,상해없음
23453,2020052700100663,2020년 5월 27일 22시,수요일,경기도 화성시 반송동,경상사고,0,0,1,0,차대사람 - 기타,안전운전불이행,포장 - 건조,맑음,미분류 - 미분류,자전거,남,17세,상해없음,보행자,남,56세,경상
23454,2020052700100684,2020년 5월 27일 22시,수요일,경기도 양주시 만송동,경상사고,0,0,1,0,차대사람 - 기타,안전운전불이행,포장 - 건조,맑음,단일로 - 기타,승용,남,46세,상해없음,보행자,여,52세,경상
23455,2020052800100010,2020년 5월 28일 01시,목요일,경기도 안산시 단원구 선부동,경상사고,0,0,1,0,차대사람 - 기타,안전운전불이행,포장 - 건조,맑음,단일로 - 기타,승용,남,41세,상해없음,보행자,여,27세,경상
23456,2020052800100101,2020년 5월 28일 08시,목요일,경기도 수원시 장안구 이목동,중상사고,0,1,0,0,차대사람 - 기타,안전운전불이행,포장 - 건조,맑음,기타 - 기타,기타불명,기타불명,미분류,기타불명,보행자,여,27세,중상
23457,2020052800100130,2020년 5월 28일 08시,목요일,경기도 의정부시 금오동,경상사고,0,0,1,0,차대사람 - 횡단중,안전운전불이행,포장 - 건조,맑음,교차로 - 교차로안,승용,여,58세,상해없음,보행자,남,79세,경상
23458,2020052800100138,2020년 5월 28일 09시,목요일,경기도 김포시 고촌읍,중상사고,0,1,0,0,차대사람 - 기타,기타,포장 - 건조,맑음,단일로 - 기타,승합,남,64세,상해없음,보행자,여,80세,중상
23459,2020052800100185,2020년 5월 28일 10시,목요일,경기도 하남시 덕풍동,경상사고,0,0,1,0,차대사람 - 기타,안전운전불이행,포장 - 건조,맑음,기타 - 기타,승용,남,80세,상해없음,보행자,여,64세,경상
23460,2020052800100186,2020년 5월 28일 10시,목요일,경기도 용인시 기흥구 마북동,중상사고,0,1,0,0,차대사람 - 기타,안전운전불이행,포장 - 건조,맑음,기타 - 기타,자전거,남,15세,상해없음,보행자,여,59세,중상
23461,2020052800100212,2020년 5월 28일 11시,목요일,경기도 용인시 수지구 풍덕천동,부상신고사고,0,0,0,1,차대사람 - 기타,안전운전불이행,포장 - 건조,맑음,기타 - 기타,자전거,남,19세,상해없음,보행자,여,91세,부상신고
23462,2020052800100234,2020년 5월 28일 11시,목요일,경기도 남양주시 별내동,중상사고,0,1,0,0,차대사람 - 횡단중,보행자보호의무위반,포장 - 건조,맑음,교차로 - 교차로안,화물,남,61세,상해없음,보행자,남,10세,중상
23463,2020052800100248,2020년 5월 28일 12시,목요일,경기도 용인시 수지구 죽전동,경상사고,0,0,1,0,차대사람 - 차도통행중,안전운전불이행,포장 - 건조,맑음,단일로 - 기타,자전거,남,38세,상해없음,보행자,여,5세,경상
23464,2020052800100274,2020년 5월 28일 12시,목요일,경기도 남양주시 화도읍,사망사고,1,0,0,0,차대사람 - 횡단중,보행자보호의무위반,포장 - 건조,맑음,교차로 - 교차로횡단보도내,건설기계,남,53세,상해없음,보행자,여,82세,사망
23465,2020052800100287,2020년 5월 28일 13시,목요일,경기도 성남시 중원구 성남동,경상사고,0,0,1,0,차대사람 - 기타,안전운전불이행,포장 - 건조,맑음,기타 - 기타,승용,남,69세,상해없음,보행자,여,52세,경상
23466,2020052800100288,2020년 5월 28일 13시,목요일,경기도 의왕시 오전동,중상사고,0,1,0,0,차대사람 - 차도통행중,안전운전불이행,포장 - 건조,맑음,단일로 - 기타,승용,여,49세,상해없음,보행자,남,56세,중상
23467,2020052800100325,2020년 5월 28일 14시,목요일,경기도 광주시 오포읍,중상사고,0,1,0,0,차대사람 - 기타,안전운전불이행,포장 - 젖음/습기,맑음,교차로 - 교차로안,승합,남,61세,기타불명,보행자,여,63세,중상
23468,2020052800100365,2020년 5월 28일 15시,목요일,경기도 오산시 오산동,부상신고사고,0,0,0,1,차대사람 - 기타,불법유턴,포장 - 건조,맑음,교차로 - 교차로안,승용,남,79세,상해없음,보행자,남,49세,부상신고
23469,2020052800100369,2020년 5월 28일 15시,목요일,경기도 하남시 덕풍동,중상사고,0,1,0,0,차대사람 - 기타,안전운전불이행,포장 - 건조,맑음,교차로 - 교차로부근,승용,남,65세,상해없음,보행자,여,58세,중상
23470,2020052800100465,2020년 5월 28일 18시,목요일,경기도 오산시 원동,경상사고,0,0,1,0,차대사람 - 기타,중앙선침범,포장 - 건조,맑음,교차로 - 교차로횡단보도내,이륜,남,17세,상해없음,보행자,여,15세,경상
23471,2020052800100498,2020년 5월 28일 18시,목요일,경기도 의정부시 의정부동,경상사고,0,0,1,0,차대사람 - 기타,안전운전불이행,포장 - 건조,맑음,단일로 - 기타,승용,여,70세,상해없음,보행자,남,64세,경상
23472,2020052800100568,2020년 5월 28일 21시,목요일,경기도 안산시 단원구 와동,경상사고,0,0,1,0,차대사람 - 횡단중,안전운전불이행,포장 - 건조,맑음,교차로 - 교차로부근,이륜,남,35세,상해없음,보행자,여,60세,경상
23473,2020052800100599,2020년 5월 28일 22시,목요일,경기도 광명시 철산동,경상사고,0,0,1,0,차대사람 - 보도통행중,기타,포장 - 건조,맑음,기타 - 기타,승용,남,54세,상해없음,보행자,남,69세,경상
23474,2020052800100620,2020년 5월 28일 23시,목요일,경기도 평택시 신장동,경상사고,0,0,1,0,차대사람 - 기타,안전운전불이행,포장 - 건조,맑음,단일로 - 기타,승용,남,59세,상해없음,보행자,남,47세,경상
23475,2020052800100630,2020년 5월 28일 23시,목요일,경기도 포천시 선단동,경상사고,0,0,1,0,차대사람 - 기타,안전운전불이행,포장 - 건조,맑음,교차로 - 교차로안,화물,남,58세,상해없음,보행자,남,33세,경상
23476,2020052900100004,2020년 5월 29일 00시,금요일,경기도 수원시 영통구 이의동,중상사고,0,1,0,0,차대사람 - 횡단중,안전운전불이행,포장 - 건조,맑음,단일로 - 기타,승용,남,60세,상해없음,보행자,남,44세,중상
23477,2020052900100069,2020년 5월 29일 07시,금요일,경기도 평택시 포승읍,경상사고,0,0,2,0,차대사람 - 기타,안전운전불이행,포장 - 건조,맑음,단일로 - 기타,기타불명,기타불명,미분류,기타불명,보행자,남,30세,경상
23478,2020052900100087,2020년 5월 29일 07시,금요일,경기도 파주시 금촌동,경상사고,0,0,1,0,차대사람 - 횡단중,안전운전불이행,포장 - 건조,맑음,교차로 - 교차로부근,승용,남,69세,상해없음,보행자,남,29세,경상
23479,2020052900100158,2020년 5월 29일 09시,금요일,경기도 용인시 기흥구 신갈동,경상사고,0,0,1,0,차대사람 - 횡단중,기타,포장 - 건조,맑음,교차로 - 교차로안,승용,남,64세,상해없음,보행자,여,4세,경상
23480,2020052900100161,2020년 5월 29일 09시,금요일,경기도 화성시 봉담읍,경상사고,0,0,1,0,차대사람 - 기타,안전운전불이행,포장 - 건조,맑음,교차로 - 교차로횡단보도내,승용,여,42세,상해없음,보행자,여,16세,경상
23481,2020052900100192,2020년 5월 29일 09시,금요일,경기도 남양주시 진건읍,부상신고사고,0,0,0,1,차대사람 - 횡단중,안전운전불이행,포장 - 건조,맑음,단일로 - 기타,승용,남,52세,상해없음,보행자,남,40세,부상신고
23482,2020052900100193,2020년 5월 29일 09시,금요일,경기도 남양주시 오남읍,중상사고,0,1,0,0,차대사람 - 횡단중,안전운전불이행,포장 - 건조,맑음,교차로 - 교차로안,승용,남,55세,상해없음,보행자,여,58세,중상
23483,2020052900100214,2020년 5월 29일 10시,금요일,경기도 수원시 권선구 권선동,중상사고,0,1,0,0,차대사람 - 기타,안전운전불이행,포장 - 건조,맑음,기타 - 기타,승용,여,54세,상해없음,보행자,여,72세,중상
23484,2020052900100309,2020년 5월 29일 13시,금요일,경기도 수원시 장안구 송죽동,경상사고,0,0,1,0,차대사람 - 기타,안전운전불이행,포장 - 건조,맑음,교차로 - 교차로안,승용,남,33세,상해없음,보행자,남,43세,경상
23485,2020052900100344,2020년 5월 29일 14시,금요일,경기도 평택시 오성면,중상사고,0,1,0,0,차대사람 - 횡단중,안전운전불이행,포장 - 건조,맑음,교차로 - 교차로안,화물,남,60세,상해없음,보행자,여,12세,중상
23486,2020052900100379,2020년 5월 29일 15시,금요일,경기도 용인시 처인구 유방동,경상사고,0,0,1,0,차대사람 - 기타,안전운전불이행,포장 - 건조,맑음,단일로 - 기타,승용,여,48세,상해없음,보행자,남,14세,경상
23487,2020052900100411,2020년 5월 29일 15시,금요일,경기도 남양주시 화도읍,경상사고,0,0,1,0,차대사람 - 기타,안전운전불이행,포장 - 건조,맑음,교차로 - 교차로부근,기타불명,기타불명,미분류,기타불명,보행자,남,58세,경상
23488,2020052900100412,2020년 5월 29일 15시,금요일,경기도 구리시 아천동,경상사고,0,0,1,0,차대사람 - 길가장자리구역통행중,안전운전불이행,포장 - 건조,맑음,단일로 - 기타,승용,여,75세,상해없음,보행자,여,28세,경상
23489,2020052900100426,2020년 5월 29일 16시,금요일,경기도 성남시 수정구 사송동,경상사고,0,0,1,0,차대사람 - 횡단중,신호위반,포장 - 건조,맑음,교차로 - 교차로부근,승용,여,47세,상해없음,보행자,여,63세,경상
23490,2020052900100484,2020년 5월 29일 17시,금요일,경기도 성남시 중원구 상대원동,경상사고,0,0,1,0,차대사람 - 기타,안전운전불이행,포장 - 건조,맑음,단일로 - 기타,기타불명,기타불명,미분류,기타불명,보행자,여,27세,경상
23491,2020052900100568,2020년 5월 29일 18시,금요일,경기도 고양시 일산서구 일산동,중상사고,0,1,0,0,차대사람 - 보도통행중,안전운전불이행,포장 - 건조,맑음,기타 - 기타,자전거,남,14세,상해없음,보행자,여,65세,중상
23492,2020052900100657,2020년 5월 29일 20시,금요일,경기도 고양시 덕양구 행신동,중상사고,0,1,0,0,차대사람 - 횡단중,안전운전불이행,포장 - 건조,맑음,교차로 - 교차로횡단보도내,이륜,남,21세,상해없음,보행자,남,60세,중상
23493,2020052900100659,2020년 5월 29일 20시,금요일,경기도 남양주시 진접읍,경상사고,0,0,1,0,차대사람 - 기타,안전운전불이행,포장 - 건조,맑음,단일로 - 기타,승합,남,43세,상해없음,보행자,남,57세,경상
23494,2020052900100697,2020년 5월 29일 22시,금요일,경기도 수원시 권선구 곡반정동,경상사고,0,0,1,0,차대사람 - 횡단중,신호위반,포장 - 건조,맑음,교차로 - 교차로횡단보도내,승용,여,61세,상해없음,보행자,여,39세,경상
23495,2020052900100736,2020년 5월 29일 23시,금요일,경기도 부천시 상동,경상사고,0,0,1,0,차대사람 - 기타,안전운전불이행,포장 - 건조,맑음,단일로 - 기타,승용,남,55세,상해없음,보행자,남,52세,경상
23496,2020052900100739,2020년 5월 29일 23시,금요일,경기도 성남시 분당구 서현동,중상사고,0,1,0,0,차대사람 - 기타,안전운전불이행,포장 - 건조,흐림,단일로 - 기타,이륜,남,16세,상해없음,보행자,여,24세,중상
23497,2020053000100024,2020년 5월 30일 01시,토요일,경기도 수원시 장안구 율전동,경상사고,0,0,1,0,차대사람 - 기타,안전운전불이행,포장 - 건조,맑음,단일로 - 기타,승용,남,36세,상해없음,보행자,남,35세,경상
23498,2020053000100029,2020년 5월 30일 01시,토요일,경기도 하남시 신장동,부상신고사고,0,0,0,1,차대사람 - 기타,안전운전불이행,포장 - 건조,맑음,단일로 - 기타,승용,남,56세,상해없음,보행자,남,33세,부상신고
23499,2020053000100060,2020년 5월 30일 03시,토요일,경기도 고양시 일산동구 장항동,경상사고,0,0,1,0,차대사람 - 기타,안전운전불이행,포장 - 건조,맑음,주차장 - 주차장,승용,여,50세,상해없음,보행자,남,36세,경상
23500,2020053000100112,2020년 5월 30일 08시,토요일,경기도 광주시 역동,중상사고,0,1,0,0,차대사람 - 횡단중,안전운전불이행,포장 - 건조,맑음,교차로 - 교차로안,승용,여,31세,상해없음,보행자,여,41세,중상
23501,2020053000100127,2020년 5월 30일 08시,토요일,경기도 의정부시 가능동,중상사고,0,1,0,0,차대사람 - 횡단중,안전운전불이행,포장 - 건조,맑음,단일로 - 기타,화물,남,46세,상해없음,보행자,여,77세,중상
23502,2020053000100257,2020년 5월 30일 12시,토요일,경기도 평택시 이충동,경상사고,0,0,1,0,차대사람 - 기타,안전운전불이행,포장 - 건조,맑음,단일로 - 기타,승용,여,50세,기타불명,보행자,남,51세,경상
23503,2020053000100261,2020년 5월 30일 12시,토요일,경기도 성남시 중원구 성남동,경상사고,0,0,1,0,차대사람 - 기타,안전운전불이행,포장 - 건조,맑음,단일로 - 기타,승용,여,56세,상해없음,보행자,남,36세,경상
23504,2020053000100296,2020년 5월 30일 12시,토요일,경기도 고양시 일산동구 식사동,경상사고,0,0,1,1,차대사람 - 기타,안전운전불이행,포장 - 건조,맑음,단일로 - 기타,자전거,남,76세,경상,보행자,여,9세,부상신고
23505,2020053000100315,2020년 5월 30일 13시,토요일,경기도 부천시 고강동,경상사고,0,0,1,0,차대사람 - 횡단중,신호위반,포장 - 건조,맑음,교차로 - 교차로부근,승합,남,54세,상해없음,보행자,여,22세,경상
23506,2020053000100359,2020년 5월 30일 14시,토요일,경기도 김포시 구래동,경상사고,0,0,1,0,차대사람 - 기타,안전운전불이행,포장 - 건조,맑음,단일로 - 기타,승합,남,68세,상해없음,보행자,여,46세,경상
23507,2020053000100398,2020년 5월 30일 15시,토요일,경기도 부천시 심곡동,중상사고,0,1,0,0,차대사람 - 기타,불법유턴,포장 - 건조,맑음,기타 - 기타,승용,여,45세,상해없음,보행자,여,34세,중상
23508,2020053000100399,2020년 5월 30일 15시,토요일,경기도 광명시 하안동,경상사고,0,0,1,0,차대사람 - 기타,안전운전불이행,포장 - 건조,맑음,교차로 - 교차로부근,승용,남,54세,상해없음,보행자,남,73세,경상
23509,2020053000100430,2020년 5월 30일 16시,토요일,경기도 안산시 단원구 초지동,경상사고,0,0,1,0,차대사람 - 기타,안전운전불이행,포장 - 건조,맑음,단일로 - 기타,자전거,여,8세,기타불명,보행자,남,1세,경상
23510,2020053000100433,2020년 5월 30일 16시,토요일,경기도 수원시 영통구 하동,경상사고,0,0,1,0,차대사람 - 횡단중,보행자보호의무위반,포장 - 건조,맑음,교차로 - 교차로횡단보도내,승용,남,58세,상해없음,보행자,여,36세,경상
23511,2020053000100460,2020년 5월 30일 16시,토요일,경기도 남양주시 오남읍,경상사고,0,0,1,0,차대사람 - 횡단중,안전운전불이행,포장 - 건조,맑음,단일로 - 기타,승합,남,56세,상해없음,보행자,남,89세,경상
23512,2020053000100479,2020년 5월 30일 17시,토요일,경기도 시흥시 매화동,경상사고,0,0,1,0,차대사람 - 보도통행중,신호위반,포장 - 건조,맑음,교차로 - 교차로횡단보도내,이륜,남,57세,상해없음,보행자,남,57세,경상
23513,2020053000100542,2020년 5월 30일 19시,토요일,경기도 오산시 궐동,경상사고,0,0,1,0,차대사람 - 길가장자리구역통행중,안전운전불이행,포장 - 건조,맑음,단일로 - 기타,승용,남,51세,상해없음,보행자,남,53세,경상
23514,2020053000100543,2020년 5월 30일 19시,토요일,경기도 성남시 중원구 하대원동,경상사고,0,0,1,0,차대사람 - 횡단중,신호위반,포장 - 건조,맑음,단일로 - 기타,승용,남,43세,상해없음,보행자,여,14세,경상
23515,2020053000100570,2020년 5월 30일 20시,토요일,경기도 군포시 산본동,경상사고,0,0,1,0,차대사람 - 기타,안전운전불이행,포장 - 건조,맑음,단일로 - 기타,승용,남,45세,상해없음,보행자,남,66세,경상
23516,2020053000100584,2020년 5월 30일 20시,토요일,경기도 고양시 일산동구 백석동,경상사고,0,0,1,0,차대사람 - 횡단중,보행자보호의무위반,포장 - 건조,맑음,단일로 - 기타,승용,여,57세,상해없음,보행자,여,47세,경상