,사고번호,사고일시,요일,시군구,사고내용,사망자수,중상자수,경상자수,부상신고자수,사고유형,법규위반,노면상태,기상상태,도로형태,가해운전자 차종,가해운전자 성별,가해운전자 연령,가해운전자 상해정도,피해운전자 차종,피해운전자 성별,피해운전자 연령,피해운전자 상해정도
23745,2020060900100422,2020년 6월 9일 16시,화요일,경기도 수원시 장안구 조원동,경상사고,0,0,1,0,차대사람 - 기타,안전운전불이행,포장 - 건조,맑음,교차로 - 교차로안,승용,남,44세,상해없음,보행자,여,58세,경상
23746,2020060900100423,2020년 6월 9일 16시,화요일,경기도 평택시 평택동,경상사고,0,0,1,0,차대사람 - 횡단중,보행자보호의무위반,포장 - 건조,맑음,교차로 - 교차로횡단보도내,승용,남,48세,상해없음,보행자,남,47세,경상
23747,2020060900100427,2020년 6월 9일 16시,화요일,경기도 부천시 내동,경상사고,0,0,1,0,차대사람 - 횡단중,안전운전불이행,포장 - 건조,맑음,단일로 - 기타,승용,남,36세,상해없음,보행자,여,57세,경상
23748,2020060900100428,2020년 6월 9일 16시,화요일,경기도 화성시 기안동,경상사고,0,0,1,0,차대사람 - 기타,기타,포장 - 건조,맑음,단일로 - 기타,승용,남,60세,상해없음,보행자,여,37세,경상
23749,2020060900100480,2020년 6월 9일 17시,화요일,경기도 안산시 단원구 선부동,중상사고,0,1,0,0,차대사람 - 횡단중,안전운전불이행,포장 - 건조,맑음,교차로 - 교차로횡단보도내,승용,여,57세,상해없음,보행자,여,80세,중상
23750,2020060900100525,2020년 6월 9일 18시,화요일,경기도 김포시 월곶면,부상신고사고,0,0,0,1,차대사람 - 횡단중,안전운전불이행,포장 - 건조,맑음,교차로 - 교차로부근,승용,여,48세,상해없음,보행자,남,80세,부상신고
23751,2020060900100528,2020년 6월 9일 18시,화요일,경기도 부천시 소사동,중상사고,0,1,0,0,차대사람 - 횡단중,보행자보호의무위반,포장 - 건조,맑음,교차로 - 교차로안,승용,남,48세,상해없음,보행자,여,34세,중상
23752,2020060900100531,2020년 6월 9일 18시,화요일,경기도 부천시 고강동,중상사고,0,1,0,0,차대사람 - 횡단중,보행자보호의무위반,포장 - 건조,맑음,교차로 - 교차로횡단보도내,승용,남,33세,상해없음,보행자,여,63세,중상
23753,2020060900100532,2020년 6월 9일 18시,화요일,경기도 용인시 기흥구 보정동,경상사고,0,0,1,0,차대사람 - 기타,안전운전불이행,포장 - 건조,맑음,교차로 - 교차로안,승용,남,35세,상해없음,보행자,남,48세,경상
23754,2020060900100572,2020년 6월 9일 18시,화요일,경기도 의정부시 의정부동,경상사고,0,0,1,0,차대사람 - 길가장자리구역통행중,안전운전불이행,포장 - 건조,맑음,단일로 - 기타,승용,남,45세,상해없음,보행자,여,73세,경상
23755,2020060900100591,2020년 6월 9일 19시,화요일,경기도 부천시 소사본동,경상사고,0,0,1,0,차대사람 - 기타,보행자보호의무위반,포장 - 건조,맑음,교차로 - 교차로안,화물,남,48세,상해없음,보행자,여,42세,경상
23756,2020060900100593,2020년 6월 9일 19시,화요일,경기도 수원시 권선구 세류동,경상사고,0,0,1,0,차대사람 - 차도통행중,안전운전불이행,포장 - 건조,맑음,교차로 - 교차로안,승용,여,30세,상해없음,보행자,남,47세,경상
23757,2020060900100640,2020년 6월 9일 20시,화요일,경기도 남양주시 와부읍,중상사고,0,1,0,0,차대사람 - 기타,안전운전불이행,포장 - 건조,맑음,단일로 - 기타,자전거,여,43세,상해없음,보행자,여,48세,중상
23758,2020060900100696,2020년 6월 9일 22시,화요일,경기도 파주시 와동,중상사고,0,1,0,0,차대사람 - 길가장자리구역통행중,안전운전불이행,포장 - 건조,맑음,교차로 - 교차로부근,자전거,남,17세,상해없음,보행자,남,52세,중상
23759,2020061000100146,2020년 6월 10일 08시,수요일,경기도 고양시 일산서구 주엽동,경상사고,0,0,1,0,차대사람 - 횡단중,신호위반,포장 - 건조,맑음,단일로 - 기타,승용,남,64세,상해없음,보행자,여,22세,경상
23760,2020061000100156,2020년 6월 10일 09시,수요일,경기도 시흥시 정왕동,경상사고,0,0,1,0,차대사람 - 횡단중,안전운전불이행,포장 - 건조,맑음,단일로 - 기타,자전거,남,23세,상해없음,보행자,여,2세,경상
23761,2020061000100187,2020년 6월 10일 10시,수요일,경기도 화성시 봉담읍,중상사고,0,1,0,0,차대사람 - 횡단중,보행자보호의무위반,포장 - 건조,맑음,교차로 - 교차로안,승용,여,40세,상해없음,보행자,여,34세,중상
23762,2020061000100218,2020년 6월 10일 11시,수요일,경기도 안양시 동안구 평촌동,경상사고,0,0,1,0,차대사람 - 기타,신호위반,포장 - 건조,맑음,교차로 - 교차로안,자전거,남,53세,상해없음,보행자,여,43세,경상
23763,2020061000100242,2020년 6월 10일 11시,수요일,경기도 남양주시 별내동,경상사고,0,0,1,0,차대사람 - 횡단중,안전운전불이행,포장 - 건조,맑음,교차로 - 교차로안,자전거,남,65세,상해없음,보행자,여,19세,경상
23764,2020061000100317,2020년 6월 10일 14시,수요일,경기도 수원시 팔달구 팔달로3가,중상사고,0,1,0,0,차대사람 - 기타,안전운전불이행,포장 - 건조,맑음,단일로 - 기타,승용,여,40세,상해없음,보행자,남,67세,중상
23765,2020061000100321,2020년 6월 10일 14시,수요일,경기도 시흥시 정왕동,경상사고,0,0,1,0,차대사람 - 기타,안전운전불이행,포장 - 건조,맑음,단일로 - 기타,승합,남,45세,상해없음,보행자,여,62세,경상
23766,2020061000100351,2020년 6월 10일 15시,수요일,경기도 안양시 동안구 관양동,중상사고,0,1,0,0,차대사람 - 보도통행중,안전운전불이행,포장 - 건조,맑음,기타 - 기타,자전거,여,68세,상해없음,보행자,여,72세,중상
23767,2020061000100401,2020년 6월 10일 16시,수요일,경기도 용인시 기흥구 보정동,중상사고,0,1,0,0,차대사람 - 횡단중,보행자보호의무위반,포장 - 건조,맑음,교차로 - 교차로부근,승합,남,71세,상해없음,보행자,남,70세,중상
23768,2020061000100505,2020년 6월 10일 18시,수요일,경기도 오산시 궐동,경상사고,0,0,1,0,차대사람 - 횡단중,보행자보호의무위반,포장 - 젖음/습기,비,교차로 - 교차로안,승용,남,68세,상해없음,보행자,여,51세,경상
23769,2020061000100562,2020년 6월 10일 19시,수요일,경기도 부천시 원종동,중상사고,0,1,0,0,차대사람 - 기타,보행자보호의무위반,포장 - 젖음/습기,비,교차로 - 교차로횡단보도내,화물,남,54세,상해없음,보행자,여,65세,중상
23770,2020061000100598,2020년 6월 10일 20시,수요일,경기도 부천시 중동,경상사고,0,0,2,0,차대사람 - 횡단중,안전운전불이행,포장 - 젖음/습기,맑음,교차로 - 교차로안,승용,여,48세,상해없음,보행자,남,32세,경상
23771,2020061000100603,2020년 6월 10일 20시,수요일,경기도 안산시 상록구 일동,경상사고,0,0,1,0,차대사람 - 기타,안전운전불이행,포장 - 젖음/습기,비,단일로 - 기타,승용,남,30세,상해없음,보행자,남,43세,경상
23772,2020061000100633,2020년 6월 10일 20시,수요일,경기도 고양시 일산동구 정발산동,경상사고,0,0,1,0,차대사람 - 기타,안전운전불이행,포장 - 젖음/습기,흐림,교차로 - 교차로부근,기타불명,기타불명,미분류,기타불명,보행자,남,21세,경상
23773,2020061000100653,2020년 6월 10일 21시,수요일,경기도 이천시 부발읍,경상사고,0,0,1,0,차대사람 - 횡단중,안전운전불이행,포장 - 젖음/습기,비,교차로 - 교차로안,승용,여,49세,상해없음,보행자,남,40세,경상
23774,2020061000100658,2020년 6월 10일 21시,수요일,경기도 성남시 분당구 서현동,중상사고,0,1,0,0,차대사람 - 보도통행중,신호위반,포장 - 젖음/습기,비,교차로 - 교차로횡단보도내,이륜,남,42세,상해없음,보행자,남,27세,중상
23775,2020061000100692,2020년 6월 10일 21시,수요일,경기도 남양주시 진접읍,경상사고,0,0,1,0,차대사람 - 횡단중,안전운전불이행,포장 - 젖음/습기,비,교차로 - 교차로횡단보도내,승용,남,48세,상해없음,보행자,여,82세,경상
23776,2020061000100693,2020년 6월 10일 21시,수요일,경기도 남양주시 호평동,중상사고,0,2,1,0,차대사람 - 횡단중,안전운전불이행,포장 - 젖음/습기,비,교차로 - 교차로안,승용,남,25세,상해없음,보행자,남,41세,중상
23777,2020061000100696,2020년 6월 10일 21시,수요일,경기도 구리시 인창동,경상사고,0,0,1,0,차대사람 - 기타,안전운전불이행,포장 - 젖음/습기,비,단일로 - 기타,승용,남,60세,상해없음,보행자,남,56세,경상
23778,2020061000100715,2020년 6월 10일 22시,수요일,경기도 안산시 단원구 고잔동,경상사고,0,0,1,0,차대사람 - 기타,교차로운행방법위반,포장 - 젖음/습기,비,교차로 - 교차로부근,승합,남,66세,상해없음,보행자,남,63세,경상
23779,2020061000100745,2020년 6월 10일 23시,수요일,경기도 이천시 장호원읍,경상사고,0,0,1,0,차대사람 - 기타,교차로운행방법위반,포장 - 젖음/습기,비,교차로 - 교차로안,승용,남,48세,상해없음,보행자,남,77세,경상
23780,2020061100100024,2020년 6월 11일 01시,목요일,경기도 성남시 수정구 신흥동,경상사고,0,0,1,0,차대사람 - 기타,안전운전불이행,포장 - 건조,맑음,단일로 - 기타,화물,남,56세,상해없음,보행자,남,21세,경상
23781,2020061100100044,2020년 6월 11일 02시,목요일,경기도 용인시 처인구 김량장동,중상사고,0,1,0,0,차대사람 - 횡단중,신호위반,포장 - 건조,맑음,교차로 - 교차로안,승용,남,22세,상해없음,보행자,여,52세,중상
23782,2020061100100045,2020년 6월 11일 02시,목요일,경기도 수원시 팔달구 인계동,경상사고,0,0,1,0,차대사람 - 기타,신호위반,포장 - 건조,맑음,단일로 - 기타,이륜,남,23세,상해없음,보행자,여,26세,경상
23783,2020061100100058,2020년 6월 11일 04시,목요일,경기도 수원시 팔달구 인계동,경상사고,0,0,1,0,차대사람 - 기타,안전운전불이행,포장 - 건조,맑음,교차로 - 교차로부근,승용,남,29세,상해없음,보행자,남,65세,경상
23784,2020061100100080,2020년 6월 11일 06시,목요일,경기도 성남시 중원구 중앙동,중상사고,0,1,0,0,차대사람 - 기타,안전운전불이행,포장 - 건조,기타,단일로 - 기타,기타불명,기타불명,미분류,기타불명,보행자,남,75세,중상
23785,2020061100100144,2020년 6월 11일 08시,목요일,경기도 가평군 청평면,경상사고,0,0,1,0,차대사람 - 횡단중,보행자보호의무위반,포장 - 건조,맑음,교차로 - 교차로안,승용,남,53세,상해없음,보행자,여,77세,경상
23786,2020061100100169,2020년 6월 11일 09시,목요일,경기도 남양주시 다산동,중상사고,0,1,0,0,차대사람 - 기타,안전운전불이행,포장 - 건조,맑음,단일로 - 기타,승용,여,57세,상해없음,보행자,여,53세,중상
23787,2020061100100177,2020년 6월 11일 10시,목요일,경기도 부천시 송내동,경상사고,0,0,1,0,차대사람 - 기타,안전운전불이행,포장 - 건조,맑음,단일로 - 기타,화물,남,59세,상해없음,보행자,여,51세,경상
23788,2020061100100180,2020년 6월 11일 10시,목요일,경기도 군포시 당동,경상사고,0,0,1,0,차대사람 - 기타,안전운전불이행,포장 - 기타,기타,단일로 - 기타,자전거,남,76세,상해없음,보행자,여,30세,경상
23789,2020061100100181,2020년 6월 11일 10시,목요일,경기도 수원시 팔달구 매산로3가,경상사고,0,0,1,0,차대사람 - 기타,안전운전불이행,포장 - 건조,맑음,기타 - 기타,승용,남,49세,상해없음,보행자,여,78세,경상
23790,2020061100100269,2020년 6월 11일 12시,목요일,경기도 동두천시 지행동,경상사고,0,0,1,0,차대사람 - 기타,안전운전불이행,포장 - 건조,맑음,단일로 - 기타,승용,남,67세,상해없음,보행자,여,72세,경상
23791,2020061100100283,2020년 6월 11일 13시,목요일,경기도 화성시 남양읍,중상사고,0,1,0,0,차대사람 - 기타,안전운전불이행,포장 - 건조,맑음,교차로 - 교차로부근,승용,여,47세,상해없음,보행자,남,2세,중상
23792,2020061100100361,2020년 6월 11일 15시,목요일,경기도 광명시 소하동,경상사고,0,0,1,0,차대사람 - 기타,안전운전불이행,포장 - 건조,맑음,교차로 - 교차로부근,기타불명,기타불명,미분류,기타불명,보행자,여,88세,경상
23793,2020061100100382,2020년 6월 11일 15시,목요일,경기도 고양시 덕양구 행신동,경상사고,0,0,2,0,차대사람 - 횡단중,신호위반,포장 - 건조,맑음,단일로 - 기타,승용,여,73세,상해없음,보행자,여,44세,경상
23794,2020061100100433,2020년 6월 11일 17시,목요일,경기도 광명시 하안동,중상사고,0,1,0,0,차대사람 - 보도통행중,기타,포장 - 건조,맑음,단일로 - 기타,이륜,남,63세,상해없음,보행자,여,89세,중상
23795,2020061100100437,2020년 6월 11일 17시,목요일,경기도 안산시 상록구 본오동,경상사고,0,0,1,0,차대사람 - 기타,안전운전불이행,포장 - 건조,맑음,교차로 - 교차로안,승용,남,33세,상해없음,보행자,여,10세,경상
23796,2020061100100485,2020년 6월 11일 18시,목요일,경기도 수원시 팔달구 영동,경상사고,0,0,1,0,차대사람 - 기타,안전운전불이행,포장 - 건조,맑음,기타 - 기타,승용,여,61세,상해없음,보행자,여,88세,경상
23797,2020061100100516,2020년 6월 11일 18시,목요일,경기도 파주시 동패동,경상사고,0,0,1,0,차대사람 - 기타,안전운전불이행,포장 - 건조,맑음,기타 - 기타,기타불명,기타불명,미분류,기타불명,보행자,남,6세,경상
23798,2020061100100521,2020년 6월 11일 19시,목요일,경기도 평택시 통복동,경상사고,0,0,1,0,차대사람 - 기타,안전운전불이행,포장 - 건조,맑음,단일로 - 기타,이륜,남,72세,상해없음,보행자,남,40세,경상
23799,2020061100100552,2020년 6월 11일 20시,목요일,경기도 수원시 영통구 원천동,경상사고,0,0,1,0,차대사람 - 기타,보행자보호의무위반,포장 - 건조,맑음,기타 - 기타,승용,남,72세,상해없음,보행자,남,33세,경상
23800,2020061100100603,2020년 6월 11일 21시,목요일,경기도 의정부시 의정부동,부상신고사고,0,0,0,1,차대사람 - 기타,안전운전불이행,포장 - 건조,맑음,기타 - 기타,승용,남,52세,상해없음,보행자,남,55세,부상신고
23801,2020061100100605,2020년 6월 11일 21시,목요일,경기도 가평군 청평면,경상사고,0,0,1,0,차대사람 - 횡단중,안전운전불이행,포장 - 건조,맑음,교차로 - 교차로부근,승용,남,60세,상해없음,보행자,여,79세,경상
23802,2020061100100617,2020년 6월 11일 22시,목요일,경기도 안성시 봉산동,중상사고,0,1,0,0,차대사람 - 횡단중,보행자보호의무위반,포장 - 건조,맑음,교차로 - 교차로부근,화물,남,60세,상해없음,보행자,남,60세,중상
23803,2020061100100623,2020년 6월 11일 22시,목요일,경기도 성남시 분당구 야탑동,부상신고사고,0,0,0,1,차대사람 - 기타,안전운전불이행,포장 - 건조,맑음,단일로 - 기타,기타불명,기타불명,미분류,기타불명,보행자,남,24세,부상신고
23804,2020061100100644,2020년 6월 11일 23시,목요일,경기도 김포시 장기동,경상사고,0,0,1,0,차대사람 - 기타,기타,포장 - 건조,맑음,교차로 - 교차로부근,승용,남,58세,상해없음,보행자,남,51세,경상
23805,2020061100100653,2020년 6월 11일 23시,목요일,경기도 구리시 교문동,경상사고,0,0,1,0,차대사람 - 기타,안전운전불이행,포장 - 건조,맑음,단일로 - 기타,승합,남,61세,상해없음,보행자,남,62세,경상
23806,2020061200100054,2020년 6월 12일 06시,금요일,경기도 화성시 비봉면,경상사고,0,0,1,0,차대사람 - 기타,안전운전불이행,포장 - 건조,맑음,기타 - 기타,자전거,남,52세,상해없음,보행자,남,42세,경상
23807,2020061200100064,2020년 6월 12일 07시,금요일,경기도 평택시 팽성읍,부상신고사고,0,0,0,1,차대사람 - 기타,보행자보호의무위반,포장 - 건조,맑음,교차로 - 교차로안,승용,여,59세,상해없음,보행자,여,73세,부상신고
23808,2020061200100176,2020년 6월 12일 10시,금요일,경기도 수원시 장안구 영화동,경상사고,0,0,1,0,차대사람 - 기타,안전운전불이행,포장 - 건조,맑음,단일로 - 기타,자전거,여,62세,상해없음,보행자,여,71세,경상
23809,2020061200100178,2020년 6월 12일 10시,금요일,경기도 광명시 광명동,중상사고,0,1,0,0,차대사람 - 길가장자리구역통행중,안전운전불이행,포장 - 건조,맑음,단일로 - 기타,승용,남,64세,상해없음,보행자,여,83세,중상
23810,2020061200100298,2020년 6월 12일 13시,금요일,경기도 평택시 비전동,경상사고,0,0,1,0,차대사람 - 횡단중,보행자보호의무위반,포장 - 건조,맑음,교차로 - 교차로횡단보도내,승용,남,40세,상해없음,보행자,남,78세,경상
23811,2020061200100357,2020년 6월 12일 14시,금요일,경기도 남양주시 별내면,경상사고,0,0,1,0,차대사람 - 기타,안전운전불이행,포장 - 건조,맑음,교차로 - 교차로안,승합,남,62세,상해없음,보행자,남,7세,경상
23812,2020061200100388,2020년 6월 12일 15시,금요일,경기도 양주시 덕정동,경상사고,0,0,1,0,차대사람 - 차도통행중,안전운전불이행,포장 - 건조,맑음,단일로 - 기타,승용,남,71세,상해없음,보행자,남,13세,경상
23813,2020061200100450,2020년 6월 12일 17시,금요일,경기도 수원시 권선구 당수동,경상사고,0,0,1,0,차대사람 - 기타,안전운전불이행,포장 - 건조,맑음,단일로 - 기타,승용,여,40세,상해없음,보행자,여,15세,경상
23814,2020061200100511,2020년 6월 12일 18시,금요일,경기도 화성시 송산면,중상사고,0,1,0,0,차대사람 - 횡단중,보행자보호의무위반,포장 - 젖음/습기,흐림,교차로 - 교차로횡단보도내,승용,여,52세,상해없음,보행자,여,39세,중상
23815,2020061200100560,2020년 6월 12일 19시,금요일,경기도 안산시 상록구 일동,중상사고,0,1,0,0,차대사람 - 길가장자리구역통행중,안전운전불이행,포장 - 건조,맑음,단일로 - 기타,승용,남,28세,상해없음,보행자,남,23세,중상
23816,2020061200100629,2020년 6월 12일 20시,금요일,경기도 의정부시 낙양동,중상사고,0,1,0,0,차대사람 - 횡단중,보행자보호의무위반,포장 - 건조,맑음,교차로 - 교차로횡단보도내,승용,여,47세,상해없음,보행자,남,67세,중상
23817,2020061200100637,2020년 6월 12일 21시,금요일,경기도 김포시 양촌읍,경상사고,0,0,1,0,차대사람 - 횡단중,기타,포장 - 건조,맑음,교차로 - 교차로안,승합,남,63세,상해없음,보행자,남,61세,경상
23818,2020061200100679,2020년 6월 12일 22시,금요일,경기도 광명시 광명동,중상사고,0,1,0,0,차대사람 - 기타,안전운전불이행,포장 - 건조,맑음,교차로 - 교차로안,승용,남,67세,상해없음,보행자,여,38세,중상
23819,2020061300100201,2020년 6월 13일 10시,토요일,경기도 포천시 소흘읍,중상사고,0,1,0,1,차대사람 - 횡단중,보행자보호의무위반,포장 - 건조,맑음,단일로 - 기타,이륜,남,18세,상해없음,보행자,여,74세,중상
23820,2020061300100212,2020년 6월 13일 11시,토요일,경기도 양평군 용문면,경상사고,0,0,1,0,차대사람 - 기타,안전운전불이행,포장 - 건조,맑음,단일로 - 기타,승용,남,53세,상해없음,보행자,남,56세,경상
23821,2020061300100230,2020년 6월 13일 11시,토요일,경기도 구리시 수택동,경상사고,0,0,1,0,차대사람 - 기타,안전운전불이행,포장 - 건조,맑음,단일로 - 기타,승용,남,65세,상해없음,보행자,남,45세,경상
23822,2020061300100275,2020년 6월 13일 12시,토요일,경기도 파주시 야당동,부상신고사고,0,0,0,1,차대사람 - 횡단중,안전운전불이행,포장 - 건조,맑음,교차로 - 교차로부근,승용,남,24세,상해없음,보행자,남,8세,부상신고
23823,2020061300100276,2020년 6월 13일 12시,토요일,경기도 파주시 교하동,사망사고,1,0,0,0,차대사람 - 횡단중,안전운전불이행,포장 - 건조,맑음,교차로 - 교차로부근,건설기계,남,56세,상해없음,보행자,여,84세,사망
23824,2020061300100405,2020년 6월 13일 16시,토요일,경기도 광주시 역동,중상사고,0,1,0,0,차대사람 - 횡단중,보행자보호의무위반,포장 - 건조,맑음,단일로 - 기타,승용,남,59세,상해없음,보행자,여,70세,중상
23825,2020061300100409,2020년 6월 13일 16시,토요일,경기도 화성시 진안동,경상사고,0,0,1,0,차대사람 - 기타,기타,포장 - 건조,맑음,단일로 - 기타,승용,남,37세,상해없음,보행자,남,24세,경상
23826,2020061300100433,2020년 6월 13일 16시,토요일,경기도 의정부시 신곡동,중상사고,0,1,0,0,차대사람 - 기타,불법유턴,포장 - 건조,맑음,단일로 - 기타,승합,남,72세,상해없음,보행자,여,81세,중상
23827,2020061300100436,2020년 6월 13일 16시,토요일,경기도 양주시 남방동,경상사고,0,0,1,0,차대사람 - 횡단중,신호위반,포장 - 건조,맑음,교차로 - 교차로안,승용,남,28세,상해없음,보행자,남,30세,경상
23828,2020061300100448,2020년 6월 13일 17시,토요일,경기도 안양시 동안구 관양동,경상사고,0,0,1,0,차대사람 - 횡단중,안전운전불이행,포장 - 건조,맑음,단일로 - 기타,승용,남,37세,상해없음,보행자,남,23세,경상
23829,2020061300100454,2020년 6월 13일 17시,토요일,경기도 성남시 중원구 은행동,부상신고사고,0,0,0,1,차대사람 - 길가장자리구역통행중,안전운전불이행,포장 - 건조,맑음,교차로 - 교차로안,승용,남,30세,상해없음,보행자,남,64세,부상신고
23830,2020061300100478,2020년 6월 13일 17시,토요일,경기도 고양시 일산동구 마두동,경상사고,0,0,1,0,차대사람 - 기타,기타,포장 - 건조,맑음,단일로 - 기타,기타불명,기타불명,미분류,기타불명,보행자,여,72세,경상
23831,2020061300100551,2020년 6월 13일 19시,토요일,경기도 남양주시 별내동,경상사고,0,0,1,0,차대사람 - 기타,보행자보호의무위반,포장 - 건조,맑음,교차로 - 교차로횡단보도내,승용,남,59세,상해없음,보행자,남,39세,경상
23832,2020061300100599,2020년 6월 13일 21시,토요일,경기도 부천시 심곡동,중상사고,0,1,0,0,차대사람 - 횡단중,신호위반,포장 - 건조,맑음,교차로 - 교차로안,원동기,남,22세,상해없음,보행자,남,48세,중상
23833,2020061300100600,2020년 6월 13일 21시,토요일,경기도 안산시 상록구 월피동,중상사고,0,1,0,0,차대사람 - 횡단중,보행자보호의무위반,포장 - 건조,맑음,교차로 - 교차로횡단보도내,승용,남,56세,상해없음,보행자,남,12세,중상
23834,2020061300100633,2020년 6월 13일 22시,토요일,경기도 용인시 기흥구 보라동,중상사고,0,1,0,0,차대사람 - 횡단중,보행자보호의무위반,포장 - 건조,맑음,교차로 - 교차로횡단보도내,승용,남,21세,상해없음,보행자,여,47세,중상
23835,2020061400100010,2020년 6월 14일 00시,일요일,경기도 안산시 단원구 고잔동,경상사고,0,0,1,0,차대사람 - 차도통행중,안전운전불이행,포장 - 건조,맑음,단일로 - 기타,기타불명,기타불명,미분류,기타불명,보행자,여,22세,경상
23836,2020061400100047,2020년 6월 14일 02시,일요일,경기도 부천시 심곡동,경상사고,0,0,1,0,차대사람 - 횡단중,안전운전불이행,포장 - 건조,맑음,단일로 - 기타,승용,남,33세,상해없음,보행자,여,26세,경상
23837,2020061400100058,2020년 6월 14일 03시,일요일,경기도 안산시 단원구 원곡동,경상사고,0,0,1,0,차대사람 - 기타,보행자보호의무위반,포장 - 젖음/습기,흐림,단일로 - 기타,기타불명,기타불명,미분류,기타불명,보행자,여,23세,경상
23838,2020061400100090,2020년 6월 14일 06시,일요일,경기도 동두천시 생연동,중상사고,0,1,0,0,차대사람 - 횡단중,안전운전불이행,포장 - 건조,맑음,교차로 - 교차로안,승용,남,71세,상해없음,보행자,여,82세,중상
23839,2020061400100218,2020년 6월 14일 13시,일요일,경기도 고양시 덕양구 주교동,부상신고사고,0,0,0,1,차대사람 - 기타,안전운전불이행,포장 - 건조,맑음,단일로 - 기타,기타불명,기타불명,미분류,기타불명,보행자,남,18세,부상신고
23840,2020061400100261,2020년 6월 14일 14시,일요일,경기도 고양시 일산동구 성석동,경상사고,0,0,1,0,차대사람 - 기타,안전운전불이행,포장 - 건조,맑음,단일로 - 기타,승용,남,60세,상해없음,보행자,남,73세,경상
23841,2020061400100263,2020년 6월 14일 14시,일요일,경기도 연천군 전곡읍,경상사고,0,0,1,0,차대사람 - 기타,안전운전불이행,포장 - 건조,맑음,단일로 - 기타,화물,남,49세,상해없음,보행자,남,9세,경상
23842,2020061400100309,2020년 6월 14일 16시,일요일,경기도 이천시 장호원읍,경상사고,0,0,1,0,차대사람 - 기타,안전운전불이행,포장 - 건조,맑음,단일로 - 기타,이륜,남,78세,상해없음,보행자,여,25세,경상
23843,2020061400100332,2020년 6월 14일 17시,일요일,경기도 부천시 괴안동,경상사고,0,0,1,0,차대사람 - 횡단중,안전운전불이행,포장 - 건조,맑음,교차로 - 교차로안,화물,남,62세,기타불명,보행자,여,66세,경상
23844,2020061400100357,2020년 6월 14일 17시,일요일,경기도 구리시 수택동,중상사고,0,1,0,0,차대사람 - 차도통행중,보행자보호의무위반,포장 - 건조,맑음,교차로 - 교차로안,이륜,남,35세,상해없음,보행자,여,7세,중상
23845,2020061400100369,2020년 6월 14일 18시,일요일,경기도 안산시 상록구 사동,경상사고,0,0,1,0,차대사람 - 기타,안전운전불이행,포장 - 건조,맑음,단일로 - 기타,승용,여,48세,상해없음,보행자,여,11세,경상
23846,2020061400100404,2020년 6월 14일 19시,일요일,경기도 성남시 중원구 중앙동,경상사고,0,0,1,0,차대사람 - 횡단중,안전운전불이행,포장 - 건조,맑음,교차로 - 교차로안,승용,여,37세,상해없음,보행자,남,62세,경상
23847,2020061400100439,2020년 6월 14일 20시,일요일,경기도 하남시 신장동,중상사고,0,1,0,0,차대사람 - 기타,안전운전불이행,포장 - 건조,맑음,교차로 - 교차로안,승용,남,30세,상해없음,보행자,여,29세,중상
23848,2020061400100460,2020년 6월 14일 21시,일요일,경기도 수원시 장안구 영화동,중상사고,0,1,0,0,차대사람 - 횡단중,안전운전불이행,포장 - 건조,맑음,단일로 - 기타,승용,남,56세,상해없음,보행자,남,74세,중상
23849,2020061400100466,2020년 6월 14일 21시,일요일,경기도 하남시 학암동,경상사고,0,0,1,0,차대사람 - 기타,안전운전불이행,포장 - 건조,맑음,교차로 - 교차로횡단보도내,승용,남,47세,상해없음,보행자,남,39세,경상
23850,2020061400100510,2020년 6월 14일 23시,일요일,경기도 안산시 상록구 월피동,경상사고,0,0,1,0,차대사람 - 횡단중,안전운전불이행,포장 - 건조,맑음,단일로 - 기타,승용,남,60세,상해없음,보행자,여,52세,경상
23851,2020061500100020,2020년 6월 15일 02시,월요일,경기도 고양시 일산동구 정발산동,중상사고,0,1,0,0,차대사람 - 기타,안전운전불이행,포장 - 건조,맑음,단일로 - 기타,승용,남,38세,상해없음,보행자,남,52세,중상
23852,2020061500100021,2020년 6월 15일 02시,월요일,경기도 포천시 소흘읍,중상사고,0,1,0,0,차대사람 - 기타,기타,포장 - 건조,맑음,단일로 - 기타,승용,남,53세,상해없음,보행자,남,38세,중상
23853,2020061500100028,2020년 6월 15일 04시,월요일,경기도 수원시 팔달구 인계동,경상사고,0,0,1,0,차대사람 - 길가장자리구역통행중,안전운전불이행,포장 - 건조,맑음,단일로 - 기타,승용,남,22세,상해없음,보행자,남,21세,경상
23854,2020061500100078,2020년 6월 15일 07시,월요일,경기도 남양주시 수동면,경상사고,0,0,1,0,차대사람 - 기타,안전운전불이행,포장 - 건조,맑음,기타 - 기타,승용,남,50세,상해없음,보행자,남,66세,경상
23855,2020061500100089,2020년 6월 15일 08시,월요일,경기도 성남시 수정구 산성동,경상사고,0,0,1,0,차대사람 - 길가장자리구역통행중,안전운전불이행,포장 - 건조,맑음,단일로 - 기타,승용,여,45세,상해없음,보행자,여,65세,경상
23856,2020061500100134,2020년 6월 15일 08시,월요일,경기도 파주시 금촌동,중상사고,0,1,0,0,차대사람 - 횡단중,신호위반,포장 - 건조,맑음,단일로 - 기타,이륜,남,64세,상해없음,보행자,남,29세,중상
23857,2020061500100150,2020년 6월 15일 09시,월요일,경기도 부천시 소사본동,경상사고,0,0,1,0,차대사람 - 기타,안전운전불이행,포장 - 기타,맑음,교차로 - 교차로부근,승용,여,54세,상해없음,보행자,남,33세,경상