,사고번호,사고일시,요일,시군구,사고내용,사망자수,중상자수,경상자수,부상신고자수,사고유형,법규위반,노면상태,기상상태,도로형태,가해운전자 차종,가해운전자 성별,가해운전자 연령,가해운전자 상해정도,피해운전자 차종,피해운전자 성별,피해운전자 연령,피해운전자 상해정도
23858,2020061500100184,2020년 6월 15일 10시,월요일,경기도 광주시 목현동,중상사고,0,1,0,0,차대사람 - 기타,안전운전불이행,포장 - 건조,맑음,단일로 - 기타,승합,남,58세,상해없음,보행자,여,72세,중상
23859,2020061500100209,2020년 6월 15일 10시,월요일,경기도 남양주시 일패동,중상사고,0,1,0,0,차대사람 - 기타,안전운전불이행,포장 - 건조,맑음,기타 - 기타,화물,남,58세,상해없음,보행자,남,76세,중상
23860,2020061500100225,2020년 6월 15일 11시,월요일,경기도 수원시 팔달구 인계동,중상사고,0,1,0,0,차대사람 - 횡단중,보행자보호의무위반,포장 - 건조,맑음,교차로 - 교차로횡단보도내,승용,남,36세,상해없음,보행자,여,47세,중상
23861,2020061500100247,2020년 6월 15일 11시,월요일,경기도 고양시 일산서구 대화동,경상사고,0,0,1,0,차대사람 - 기타,안전운전불이행,포장 - 건조,맑음,교차로 - 교차로부근,승합,남,59세,상해없음,보행자,여,67세,경상
23862,2020061500100258,2020년 6월 15일 12시,월요일,경기도 화성시 봉담읍,경상사고,0,0,1,0,차대사람 - 차도통행중,안전운전불이행,포장 - 건조,맑음,단일로 - 기타,승용,여,55세,상해없음,보행자,남,62세,경상
23863,2020061500100294,2020년 6월 15일 13시,월요일,경기도 오산시 오산동,중상사고,0,1,0,0,차대사람 - 기타,안전운전불이행,포장 - 건조,맑음,단일로 - 기타,자전거,남,31세,상해없음,보행자,여,70세,중상
23864,2020061500100326,2020년 6월 15일 14시,월요일,경기도 수원시 장안구 정자동,경상사고,0,0,1,0,차대사람 - 기타,안전운전불이행,포장 - 건조,맑음,단일로 - 기타,승용,여,52세,상해없음,보행자,남,71세,경상
23865,2020061500100382,2020년 6월 15일 15시,월요일,경기도 시흥시 정왕동,중상사고,0,1,0,0,차대사람 - 횡단중,안전운전불이행,포장 - 건조,맑음,기타 - 기타,승용,남,32세,상해없음,보행자,남,27세,중상
23866,2020061500100406,2020년 6월 15일 15시,월요일,경기도 고양시 일산동구 장항동,경상사고,0,0,1,0,차대사람 - 횡단중,안전운전불이행,포장 - 건조,맑음,교차로 - 교차로안,승합,남,42세,상해없음,보행자,여,20세,경상
23867,2020061500100409,2020년 6월 15일 15시,월요일,경기도 파주시 목동동,경상사고,0,0,1,0,차대사람 - 기타,신호위반,포장 - 건조,맑음,단일로 - 기타,승용,여,51세,상해없음,보행자,여,8세,경상
23868,2020061500100415,2020년 6월 15일 16시,월요일,경기도 수원시 팔달구 화서동,경상사고,0,0,1,0,차대사람 - 기타,안전운전불이행,포장 - 건조,맑음,단일로 - 기타,승용,여,63세,상해없음,보행자,여,70세,경상
23869,2020061500100421,2020년 6월 15일 16시,월요일,경기도 안산시 상록구 본오동,부상신고사고,0,0,0,1,차대사람 - 차도통행중,안전운전불이행,포장 - 건조,맑음,단일로 - 기타,승용,남,39세,상해없음,보행자,남,7세,부상신고
23870,2020061500100476,2020년 6월 15일 17시,월요일,경기도 성남시 수정구 수진동,경상사고,0,0,1,0,차대사람 - 길가장자리구역통행중,안전운전불이행,포장 - 건조,맑음,단일로 - 기타,승용,남,66세,상해없음,보행자,여,61세,경상
23871,2020061500100481,2020년 6월 15일 17시,월요일,경기도 시흥시 방산동,경상사고,0,0,1,0,차대사람 - 기타,안전운전불이행,포장 - 건조,맑음,교차로 - 교차로부근,화물,남,58세,상해없음,보행자,남,38세,경상
23872,2020061500100541,2020년 6월 15일 18시,월요일,경기도 수원시 팔달구 화서동,부상신고사고,0,0,0,1,차대사람 - 기타,안전운전불이행,포장 - 건조,맑음,단일로 - 기타,자전거,남,11세,부상신고,보행자,남,73세,상해없음
23873,2020061500100551,2020년 6월 15일 18시,월요일,경기도 광명시 광명동,경상사고,0,0,1,0,차대사람 - 보도통행중,기타,포장 - 건조,맑음,단일로 - 기타,이륜,남,38세,상해없음,보행자,남,4세,경상
23874,2020061500100592,2020년 6월 15일 19시,월요일,경기도 용인시 수지구 상현동,경상사고,0,0,1,0,차대사람 - 횡단중,기타,포장 - 건조,맑음,단일로 - 기타,승용,남,54세,상해없음,보행자,남,36세,경상
23875,2020061500100620,2020년 6월 15일 20시,월요일,경기도 안산시 단원구 선부동,부상신고사고,0,0,0,1,차대사람 - 기타,안전운전불이행,포장 - 건조,맑음,교차로 - 교차로부근,기타불명,기타불명,미분류,기타불명,보행자,남,12세,부상신고
23876,2020061500100642,2020년 6월 15일 20시,월요일,경기도 포천시 군내면,중상사고,0,1,0,0,차대사람 - 기타,안전운전불이행,포장 - 건조,맑음,단일로 - 기타,이륜,남,17세,상해없음,보행자,남,16세,중상
23877,2020061500100649,2020년 6월 15일 21시,월요일,경기도 광주시 송정동,경상사고,0,0,1,0,차대사람 - 기타,안전운전불이행,포장 - 건조,맑음,교차로 - 교차로부근,승용,남,54세,상해없음,보행자,남,27세,경상
23878,2020061500100671,2020년 6월 15일 22시,월요일,경기도 성남시 수정구 신흥동,중상사고,0,1,0,0,차대사람 - 기타,안전운전불이행,포장 - 건조,맑음,단일로 - 기타,기타불명,기타불명,미분류,기타불명,보행자,남,30세,중상
23879,2020061500100672,2020년 6월 15일 22시,월요일,경기도 평택시 합정동,부상신고사고,0,0,0,1,차대사람 - 횡단중,안전운전불이행,포장 - 건조,맑음,단일로 - 기타,기타불명,기타불명,미분류,기타불명,보행자,남,51세,부상신고
23880,2020061600100022,2020년 6월 16일 02시,화요일,경기도 화성시 반송동,중상사고,0,1,0,0,차대사람 - 기타,안전운전불이행,포장 - 건조,맑음,교차로 - 교차로부근,승용,여,23세,상해없음,보행자,여,62세,중상
23881,2020061600100067,2020년 6월 16일 07시,화요일,경기도 오산시 가장동,경상사고,0,0,1,0,차대사람 - 횡단중,보행자보호의무위반,포장 - 건조,맑음,교차로 - 교차로안,승용,여,33세,상해없음,보행자,여,44세,경상
23882,2020061600100089,2020년 6월 16일 07시,화요일,경기도 포천시 소흘읍,경상사고,0,0,1,0,차대사람 - 횡단중,보행자보호의무위반,포장 - 건조,맑음,교차로 - 교차로부근,승용,여,55세,기타불명,보행자,여,23세,경상
23883,2020061600100148,2020년 6월 16일 09시,화요일,경기도 성남시 중원구 여수동,경상사고,0,0,1,0,차대사람 - 차도통행중,안전운전불이행,포장 - 건조,맑음,교차로 - 교차로안,승용,남,48세,상해없음,보행자,여,45세,경상
23884,2020061600100176,2020년 6월 16일 10시,화요일,경기도 안양시 동안구 호계동,부상신고사고,0,0,0,1,차대사람 - 차도통행중,안전운전불이행,포장 - 건조,맑음,교차로 - 교차로부근,기타불명,기타불명,미분류,기타불명,보행자,여,69세,부상신고
23885,2020061600100178,2020년 6월 16일 10시,화요일,경기도 김포시 통진읍,경상사고,0,0,1,0,차대사람 - 기타,불법유턴,포장 - 건조,맑음,주차장 - 주차장,승용,남,62세,상해없음,보행자,남,62세,경상
23886,2020061600100181,2020년 6월 16일 10시,화요일,경기도 성남시 분당구 야탑동,중상사고,0,1,0,0,차대사람 - 횡단중,안전운전불이행,포장 - 건조,맑음,단일로 - 기타,기타불명,기타불명,미분류,기타불명,보행자,남,63세,중상
23887,2020061600100215,2020년 6월 16일 11시,화요일,경기도 수원시 장안구 영화동,경상사고,0,0,1,0,차대사람 - 기타,안전운전불이행,포장 - 건조,맑음,교차로 - 교차로안,승용,여,34세,상해없음,보행자,남,71세,경상
23888,2020061600100216,2020년 6월 16일 11시,화요일,경기도 안양시 동안구 비산동,경상사고,0,0,1,0,차대사람 - 보도통행중,기타,포장 - 건조,맑음,단일로 - 기타,승용,여,54세,상해없음,보행자,여,29세,경상
23889,2020061600100278,2020년 6월 16일 13시,화요일,경기도 김포시 장기동,경상사고,0,0,1,0,차대사람 - 기타,안전운전불이행,포장 - 건조,맑음,기타 - 기타,기타불명,기타불명,미분류,기타불명,보행자,여,8세,경상
23890,2020061600100313,2020년 6월 16일 14시,화요일,경기도 광주시 오포읍,경상사고,0,0,1,0,차대사람 - 기타,안전운전불이행,포장 - 건조,맑음,기타 - 기타,승용,남,27세,상해없음,보행자,남,39세,경상
23891,2020061600100317,2020년 6월 16일 14시,화요일,경기도 수원시 영통구 매탄동,중상사고,0,1,0,0,차대사람 - 차도통행중,안전운전불이행,포장 - 건조,맑음,단일로 - 기타,승용,여,49세,상해없음,보행자,여,81세,중상
23892,2020061600100354,2020년 6월 16일 15시,화요일,경기도 평택시 통복동,경상사고,0,0,1,0,차대사람 - 기타,안전운전불이행,포장 - 건조,맑음,단일로 - 기타,승용,여,71세,상해없음,보행자,남,33세,경상
23893,2020061600100386,2020년 6월 16일 15시,화요일,경기도 고양시 덕양구 행신동,중상사고,0,1,0,0,차대사람 - 횡단중,보행자보호의무위반,포장 - 건조,맑음,교차로 - 교차로횡단보도내,승용,여,48세,상해없음,보행자,여,49세,중상
23894,2020061600100387,2020년 6월 16일 15시,화요일,경기도 고양시 일산동구 정발산동,경상사고,0,0,1,0,차대사람 - 기타,안전운전불이행,포장 - 건조,맑음,단일로 - 기타,승용,남,59세,상해없음,보행자,남,14세,경상
23895,2020061600100391,2020년 6월 16일 15시,화요일,경기도 고양시 일산서구 가좌동,경상사고,0,0,1,0,차대사람 - 기타,기타,포장 - 건조,맑음,단일로 - 기타,승용,남,86세,상해없음,보행자,남,15세,경상
23896,2020061600100407,2020년 6월 16일 16시,화요일,경기도 성남시 수정구 수진동,경상사고,0,0,1,0,차대사람 - 기타,안전운전불이행,포장 - 건조,맑음,단일로 - 기타,승용,여,58세,상해없음,보행자,남,58세,경상
23897,2020061600100413,2020년 6월 16일 16시,화요일,경기도 부천시 소사본동,경상사고,0,0,1,0,차대사람 - 횡단중,보행자보호의무위반,포장 - 건조,맑음,교차로 - 교차로안,화물,남,37세,기타불명,보행자,남,30세,경상
23898,2020061600100434,2020년 6월 16일 16시,화요일,경기도 남양주시 진접읍,중상사고,0,1,0,0,차대사람 - 횡단중,과속,포장 - 건조,맑음,단일로 - 기타,화물,남,53세,상해없음,보행자,남,72세,중상
23899,2020061600100448,2020년 6월 16일 17시,화요일,경기도 평택시 장당동,경상사고,0,0,1,0,차대사람 - 기타,안전운전불이행,포장 - 건조,맑음,단일로 - 기타,승용,여,42세,상해없음,보행자,여,47세,경상
23900,2020061600100501,2020년 6월 16일 18시,화요일,경기도 김포시 사우동,경상사고,0,0,1,0,차대사람 - 기타,안전운전불이행,포장 - 건조,맑음,기타 - 기타,승용,여,40세,상해없음,보행자,남,48세,경상
23901,2020061600100551,2020년 6월 16일 19시,화요일,경기도 용인시 수지구 성복동,경상사고,0,0,1,0,차대사람 - 횡단중,신호위반,포장 - 건조,맑음,단일로 - 기타,승용,여,51세,상해없음,보행자,남,11세,경상
23902,2020061600100584,2020년 6월 16일 20시,화요일,경기도 안산시 단원구 원곡동,경상사고,0,0,1,0,차대사람 - 기타,안전운전불이행,포장 - 건조,맑음,단일로 - 기타,승용,남,32세,상해없음,보행자,남,79세,경상
23903,2020061600100644,2020년 6월 16일 22시,화요일,경기도 군포시 산본동,중상사고,0,1,0,0,차대사람 - 횡단중,신호위반,포장 - 건조,맑음,교차로 - 교차로부근,승용,남,61세,상해없음,보행자,남,26세,중상
23904,2020061600100645,2020년 6월 16일 22시,화요일,경기도 화성시 반송동,경상사고,0,0,1,0,차대사람 - 기타,안전운전불이행,포장 - 건조,맑음,기타 - 기타,승용,남,44세,상해없음,보행자,남,44세,경상
23905,2020061700100042,2020년 6월 17일 05시,수요일,경기도 성남시 수정구 수진동,경상사고,0,0,1,0,차대사람 - 기타,안전운전불이행,포장 - 건조,맑음,단일로 - 기타,승용,남,19세,상해없음,보행자,남,58세,경상
23906,2020061700100043,2020년 6월 17일 05시,수요일,경기도 수원시 영통구 원천동,중상사고,0,1,0,0,차대사람 - 횡단중,안전운전불이행,포장 - 건조,맑음,단일로 - 기타,승용,남,63세,상해없음,보행자,남,71세,중상
23907,2020061700100069,2020년 6월 17일 07시,수요일,경기도 시흥시 정왕동,중상사고,0,1,0,0,차대사람 - 횡단중,보행자보호의무위반,포장 - 건조,맑음,교차로 - 교차로횡단보도내,화물,남,73세,상해없음,보행자,여,26세,중상
23908,2020061700100105,2020년 6월 17일 08시,수요일,경기도 광주시 오포읍,경상사고,0,0,1,0,차대사람 - 횡단중,안전운전불이행,포장 - 건조,맑음,단일로 - 기타,승합,남,46세,기타불명,보행자,남,37세,경상
23909,2020061700100106,2020년 6월 17일 08시,수요일,경기도 오산시 세교동,중상사고,0,1,0,0,차대사람 - 기타,보행자보호의무위반,포장 - 건조,맑음,교차로 - 교차로안,승합,남,49세,상해없음,보행자,여,66세,중상
23910,2020061700100107,2020년 6월 17일 08시,수요일,경기도 부천시 소사동,부상신고사고,0,0,0,1,차대사람 - 기타,신호위반,포장 - 건조,흐림,기타 - 기타,자전거,남,23세,상해없음,보행자,남,80세,부상신고
23911,2020061700100108,2020년 6월 17일 08시,수요일,경기도 부천시 중동,경상사고,0,0,1,0,차대사람 - 길가장자리구역통행중,안전운전불이행,포장 - 건조,맑음,단일로 - 기타,개인형이동수단(PM),남,18세,상해없음,보행자,여,26세,경상
23912,2020061700100110,2020년 6월 17일 08시,수요일,경기도 수원시 영통구 이의동,경상사고,0,0,1,0,차대사람 - 기타,안전운전불이행,포장 - 건조,맑음,기타 - 기타,승용,여,58세,상해없음,보행자,여,25세,경상
23913,2020061700100111,2020년 6월 17일 08시,수요일,경기도 수원시 팔달구 인계동,경상사고,0,0,1,0,차대사람 - 횡단중,안전운전불이행,포장 - 건조,맑음,단일로 - 기타,승용,여,42세,상해없음,보행자,여,25세,경상
23914,2020061700100112,2020년 6월 17일 08시,수요일,경기도 성남시 중원구 성남동,경상사고,0,0,1,0,차대사람 - 기타,기타,포장 - 건조,맑음,단일로 - 기타,승합,남,63세,상해없음,보행자,여,43세,경상
23915,2020061700100117,2020년 6월 17일 08시,수요일,경기도 화성시 산척동,경상사고,0,0,1,0,차대사람 - 보도통행중,신호위반,포장 - 건조,맑음,교차로 - 교차로횡단보도내,기타불명,기타불명,미분류,기타불명,보행자,남,17세,경상
23916,2020061700100205,2020년 6월 17일 11시,수요일,경기도 부천시 삼정동,중상사고,0,1,0,0,차대사람 - 기타,안전운전불이행,포장 - 건조,맑음,교차로 - 교차로안,이륜,남,42세,상해없음,보행자,여,51세,중상
23917,2020061700100227,2020년 6월 17일 11시,수요일,경기도 가평군 청평면,중상사고,0,1,0,0,차대사람 - 기타,안전운전불이행,포장 - 건조,맑음,기타 - 기타,승용,남,61세,상해없음,보행자,여,63세,중상
23918,2020061700100277,2020년 6월 17일 13시,수요일,경기도 하남시 풍산동,경상사고,0,0,1,0,차대사람 - 기타,신호위반,포장 - 건조,맑음,기타 - 기타,이륜,남,24세,상해없음,보행자,여,47세,경상
23919,2020061700100308,2020년 6월 17일 14시,수요일,경기도 광주시 경안동,경상사고,0,0,1,0,차대사람 - 횡단중,보행자보호의무위반,포장 - 건조,맑음,교차로 - 교차로부근,승용,여,49세,상해없음,보행자,여,32세,경상
23920,2020061700100309,2020년 6월 17일 14시,수요일,경기도 여주시 홍문동,경상사고,0,0,1,0,차대사람 - 횡단중,안전운전불이행,포장 - 건조,맑음,단일로 - 기타,승용,남,40세,상해없음,보행자,여,20세,경상
23921,2020061700100381,2020년 6월 17일 16시,수요일,경기도 오산시 가장동,중상사고,0,1,0,0,차대사람 - 횡단중,안전운전불이행,포장 - 건조,맑음,교차로 - 교차로안,승용,남,25세,상해없음,보행자,여,25세,중상
23922,2020061700100404,2020년 6월 17일 16시,수요일,경기도 남양주시 진접읍,중상사고,0,1,0,0,차대사람 - 횡단중,보행자보호의무위반,포장 - 건조,맑음,교차로 - 교차로안,승용,남,51세,상해없음,보행자,여,78세,중상
23923,2020061700100416,2020년 6월 17일 17시,수요일,경기도 오산시 오산동,중상사고,0,1,0,0,차대사람 - 기타,안전운전불이행,포장 - 건조,맑음,단일로 - 기타,승합,남,56세,상해없음,보행자,남,14세,중상
23924,2020061700100421,2020년 6월 17일 17시,수요일,경기도 시흥시 정왕동,경상사고,0,0,1,0,차대사람 - 기타,보행자보호의무위반,포장 - 건조,맑음,교차로 - 교차로부근,승용,남,63세,상해없음,보행자,남,22세,경상
23925,2020061700100465,2020년 6월 17일 18시,수요일,경기도 성남시 중원구 성남동,경상사고,0,0,1,0,차대사람 - 기타,안전운전불이행,포장 - 건조,맑음,단일로 - 기타,승용,남,57세,상해없음,보행자,여,65세,경상
23926,2020061700100503,2020년 6월 17일 19시,수요일,경기도 이천시 장호원읍,중상사고,0,1,0,0,차대사람 - 기타,안전운전불이행,포장 - 건조,맑음,단일로 - 기타,승용,남,27세,상해없음,보행자,여,50세,중상
23927,2020061700100538,2020년 6월 17일 20시,수요일,경기도 성남시 분당구 야탑동,경상사고,0,0,1,0,차대사람 - 기타,안전운전불이행,포장 - 건조,맑음,기타 - 기타,승용,여,23세,상해없음,보행자,여,52세,경상
23928,2020061700100566,2020년 6월 17일 21시,수요일,경기도 광주시 남종면,경상사고,0,0,1,0,차대사람 - 차도통행중,안전운전불이행,포장 - 건조,맑음,단일로 - 기타,승용,여,59세,상해없음,보행자,남,70세,경상
23929,2020061700100599,2020년 6월 17일 22시,수요일,경기도 김포시 구래동,중상사고,0,1,0,0,차대사람 - 횡단중,과속,포장 - 건조,맑음,단일로 - 기타,승용,남,28세,상해없음,보행자,여,26세,중상
23930,2020061800100004,2020년 6월 18일 00시,목요일,경기도 수원시 팔달구 인계동,경상사고,0,0,1,0,차대사람 - 차도통행중,안전운전불이행,포장 - 건조,맑음,단일로 - 기타,승용,남,20세,상해없음,보행자,남,29세,경상
23931,2020061800100075,2020년 6월 18일 06시,목요일,경기도 김포시 통진읍,중상사고,0,1,0,0,차대사람 - 기타,안전운전불이행,포장 - 건조,맑음,단일로 - 기타,승합,남,44세,상해없음,보행자,남,48세,중상
23932,2020061800100096,2020년 6월 18일 07시,목요일,경기도 하남시 덕풍동,경상사고,0,0,1,0,차대사람 - 기타,안전운전불이행,포장 - 건조,맑음,단일로 - 기타,화물,남,46세,상해없음,보행자,여,84세,경상
23933,2020061800100126,2020년 6월 18일 08시,목요일,경기도 부천시 괴안동,경상사고,0,0,1,0,차대사람 - 길가장자리구역통행중,안전운전불이행,포장 - 건조,맑음,단일로 - 기타,승용,남,68세,상해없음,보행자,여,57세,경상
23934,2020061800100129,2020년 6월 18일 08시,목요일,경기도 시흥시 정왕동,경상사고,0,0,1,0,차대사람 - 기타,안전운전불이행,포장 - 건조,맑음,단일로 - 기타,승합,남,58세,상해없음,보행자,여,47세,경상
23935,2020061800100238,2020년 6월 18일 11시,목요일,경기도 안양시 동안구 호계동,중상사고,0,1,0,0,차대사람 - 기타,안전운전불이행,포장 - 건조,맑음,단일로 - 기타,승용,남,41세,상해없음,보행자,남,16세,중상
23936,2020061800100278,2020년 6월 18일 12시,목요일,경기도 오산시 오산동,부상신고사고,0,0,0,1,차대사람 - 기타,안전운전불이행,포장 - 건조,맑음,단일로 - 기타,승용,여,62세,상해없음,보행자,남,58세,부상신고
23937,2020061800100281,2020년 6월 18일 12시,목요일,경기도 군포시 당동,경상사고,0,0,1,0,차대사람 - 보도통행중,기타,포장 - 건조,맑음,기타 - 기타,화물,남,23세,상해없음,보행자,여,47세,경상
23938,2020061800100300,2020년 6월 18일 12시,목요일,경기도 구리시 인창동,경상사고,0,0,1,0,차대사람 - 차도통행중,안전운전불이행,포장 - 건조,맑음,단일로 - 기타,승용,여,53세,상해없음,보행자,여,45세,경상
23939,2020061800100311,2020년 6월 18일 13시,목요일,경기도 성남시 분당구 야탑동,중상사고,0,1,0,0,차대사람 - 횡단중,안전운전불이행,포장 - 건조,맑음,교차로 - 교차로부근,승용,여,59세,상해없음,보행자,여,25세,중상
23940,2020061800100369,2020년 6월 18일 15시,목요일,경기도 부천시 중동,중상사고,0,1,0,0,차대사람 - 횡단중,보행자보호의무위반,포장 - 건조,맑음,단일로 - 기타,승용,여,33세,기타불명,보행자,남,77세,중상
23941,2020061800100395,2020년 6월 18일 16시,목요일,경기도 부천시 괴안동,경상사고,0,0,1,0,차대사람 - 기타,기타,포장 - 건조,맑음,기타 - 기타,자전거,남,80세,상해없음,보행자,여,67세,경상
23942,2020061800100421,2020년 6월 18일 17시,목요일,경기도 성남시 수정구 신흥동,중상사고,0,2,0,0,차대사람 - 횡단중,안전운전불이행,포장 - 건조,맑음,단일로 - 기타,이륜,남,17세,중상,보행자,여,28세,중상
23943,2020061800100422,2020년 6월 18일 17시,목요일,경기도 안양시 동안구 평촌동,경상사고,0,0,1,0,차대사람 - 기타,신호위반,포장 - 건조,맑음,교차로 - 교차로횡단보도내,승용,여,69세,상해없음,보행자,남,15세,경상
23944,2020061800100426,2020년 6월 18일 17시,목요일,경기도 성남시 중원구 성남동,중상사고,0,1,0,0,차대사람 - 기타,안전운전불이행,포장 - 건조,맑음,교차로 - 교차로안,기타불명,기타불명,미분류,기타불명,보행자,여,49세,중상
23945,2020061800100428,2020년 6월 18일 17시,목요일,경기도 시흥시 정왕동,부상신고사고,0,0,0,1,차대사람 - 기타,안전운전불이행,포장 - 건조,맑음,기타 - 기타,화물,남,71세,상해없음,보행자,남,42세,부상신고
23946,2020061800100429,2020년 6월 18일 17시,목요일,경기도 화성시 반송동,경상사고,0,0,1,0,차대사람 - 기타,교차로운행방법위반,포장 - 건조,맑음,교차로 - 교차로안,승용,여,49세,상해없음,보행자,여,2세,경상
23947,2020061800100430,2020년 6월 18일 17시,목요일,경기도 화성시 기산동,경상사고,0,0,1,0,차대사람 - 기타,안전운전불이행,포장 - 건조,맑음,기타 - 기타,승용,여,45세,상해없음,보행자,여,18세,경상
23948,2020061800100465,2020년 6월 18일 18시,목요일,경기도 김포시 양촌읍,중상사고,0,1,0,0,차대사람 - 횡단중,안전운전불이행,포장 - 건조,맑음,단일로 - 기타,승용,남,34세,상해없음,보행자,남,7세,중상
23949,2020061800100466,2020년 6월 18일 18시,목요일,경기도 안산시 단원구 선부동,부상신고사고,0,0,0,1,차대사람 - 기타,안전운전불이행,포장 - 건조,맑음,기타 - 기타,이륜,기타불명,미분류,기타불명,보행자,남,7세,부상신고
23950,2020061800100502,2020년 6월 18일 19시,목요일,경기도 김포시 통진읍,경상사고,0,0,1,0,차대사람 - 횡단중,안전운전불이행,포장 - 건조,맑음,교차로 - 교차로부근,승용,기타불명,미분류,기타불명,보행자,여,24세,경상
23951,2020061800100571,2020년 6월 18일 21시,목요일,경기도 용인시 기흥구 신갈동,중상사고,0,1,0,0,차대사람 - 횡단중,보행자보호의무위반,포장 - 건조,맑음,교차로 - 교차로횡단보도내,승용,여,23세,상해없음,보행자,남,62세,중상
23952,2020061800100599,2020년 6월 18일 21시,목요일,경기도 고양시 덕양구 화정동,중상사고,0,1,0,0,차대사람 - 기타,안전운전불이행,포장 - 건조,맑음,단일로 - 기타,승합,여,51세,상해없음,보행자,여,74세,중상
23953,2020061900100023,2020년 6월 19일 01시,금요일,경기도 동두천시 생연동,중상사고,0,1,0,0,차대사람 - 횡단중,보행자보호의무위반,포장 - 건조,맑음,교차로 - 교차로횡단보도내,승용,남,64세,상해없음,보행자,남,49세,중상
23954,2020061900100097,2020년 6월 19일 07시,금요일,경기도 고양시 일산서구 탄현동,경상사고,0,0,1,0,차대사람 - 횡단중,보행자보호의무위반,포장 - 건조,맑음,교차로 - 교차로횡단보도내,승용,여,74세,상해없음,보행자,여,33세,경상
23955,2020061900100108,2020년 6월 19일 08시,금요일,경기도 안양시 동안구 비산동,경상사고,0,0,1,0,차대사람 - 횡단중,안전운전불이행,포장 - 건조,맑음,단일로 - 기타,승용,남,28세,상해없음,보행자,남,25세,경상
23956,2020061900100111,2020년 6월 19일 08시,금요일,경기도 수원시 영통구 매탄동,중상사고,0,1,0,0,차대사람 - 횡단중,안전운전불이행,포장 - 건조,맑음,교차로 - 교차로부근,승용,여,45세,상해없음,보행자,여,79세,중상
23957,2020061900100150,2020년 6월 19일 09시,금요일,경기도 부천시 춘의동,중상사고,0,1,0,0,차대사람 - 기타,안전운전불이행,포장 - 건조,맑음,단일로 - 기타,자전거,남,59세,상해없음,보행자,여,34세,중상
23958,2020061900100212,2020년 6월 19일 11시,금요일,경기도 오산시 궐동,경상사고,0,0,1,0,차대사람 - 차도통행중,안전운전불이행,포장 - 건조,맑음,교차로 - 교차로안,승용,남,27세,상해없음,보행자,남,32세,경상
23959,2020061900100218,2020년 6월 19일 11시,금요일,경기도 성남시 중원구 상대원동,중상사고,0,1,0,0,차대사람 - 기타,신호위반,포장 - 건조,맑음,단일로 - 기타,이륜,남,27세,상해없음,보행자,여,72세,중상
23960,2020061900100262,2020년 6월 19일 12시,금요일,경기도 군포시 산본동,경상사고,0,0,1,0,차대사람 - 횡단중,신호위반,포장 - 건조,맑음,교차로 - 교차로안,승용,남,61세,상해없음,보행자,여,64세,경상
23961,2020061900100296,2020년 6월 19일 12시,금요일,경기도 고양시 일산서구 대화동,경상사고,0,0,1,0,차대사람 - 차도통행중,안전운전불이행,포장 - 건조,맑음,단일로 - 기타,승용,여,49세,상해없음,보행자,여,27세,경상
23962,2020061900100372,2020년 6월 19일 15시,금요일,경기도 평택시 통복동,경상사고,0,0,1,0,차대사람 - 기타,안전운전불이행,포장 - 건조,맑음,단일로 - 기타,화물,남,52세,상해없음,보행자,남,39세,경상
23963,2020061900100381,2020년 6월 19일 15시,금요일,경기도 수원시 권선구 세류동,경상사고,0,0,1,0,차대사람 - 기타,안전운전불이행,포장 - 건조,맑음,단일로 - 기타,화물,여,68세,상해없음,보행자,남,8세,경상
23964,2020061900100413,2020년 6월 19일 15시,금요일,경기도 고양시 일산동구 성석동,경상사고,0,0,1,0,차대사람 - 횡단중,보행자보호의무위반,포장 - 건조,맑음,교차로 - 교차로안,승용,남,28세,상해없음,보행자,여,69세,경상
23965,2020061900100428,2020년 6월 19일 16시,금요일,경기도 군포시 산본동,중상사고,0,1,0,0,차대사람 - 횡단중,보행자보호의무위반,포장 - 건조,맑음,교차로 - 교차로안,승용,여,32세,상해없음,보행자,남,79세,중상
23966,2020061900100458,2020년 6월 19일 16시,금요일,경기도 고양시 덕양구 주교동,경상사고,0,0,1,0,차대사람 - 횡단중,보행자보호의무위반,포장 - 건조,맑음,기타 - 기타,이륜,남,53세,상해없음,보행자,여,45세,경상
23967,2020061900100545,2020년 6월 19일 18시,금요일,경기도 수원시 장안구 영화동,중상사고,0,1,0,0,차대사람 - 기타,안전운전불이행,포장 - 건조,맑음,단일로 - 기타,개인형이동수단(PM),여,20세,상해없음,보행자,여,31세,중상
23968,2020061900100549,2020년 6월 19일 18시,금요일,경기도 광주시 경안동,경상사고,0,0,1,0,차대사람 - 기타,안전운전불이행,포장 - 건조,맑음,기타 - 기타,승용,여,46세,상해없음,보행자,여,20세,경상
23969,2020061900100552,2020년 6월 19일 18시,금요일,경기도 안산시 단원구 선부동,부상신고사고,0,0,0,1,차대사람 - 보도통행중,기타,포장 - 건조,맑음,단일로 - 기타,기타불명,기타불명,미분류,기타불명,보행자,남,69세,부상신고
23970,2020061900100600,2020년 6월 19일 19시,금요일,경기도 성남시 수정구 태평동,부상신고사고,0,0,0,1,차대사람 - 기타,안전운전불이행,포장 - 건조,맑음,단일로 - 기타,승용,여,25세,상해없음,보행자,남,56세,부상신고