,사고번호,사고일시,요일,시군구,사고내용,사망자수,중상자수,경상자수,부상신고자수,사고유형,법규위반,노면상태,기상상태,도로형태,가해운전자 차종,가해운전자 성별,가해운전자 연령,가해운전자 상해정도,피해운전자 차종,피해운전자 성별,피해운전자 연령,피해운전자 상해정도
23971,2020061900100637,2020년 6월 19일 20시,금요일,경기도 성남시 수정구 신흥동,경상사고,0,0,1,0,차대사람 - 기타,안전운전불이행,포장 - 건조,맑음,단일로 - 기타,승용,남,73세,상해없음,보행자,여,27세,경상
23972,2020061900100639,2020년 6월 19일 20시,금요일,경기도 평택시 진위면,중상사고,0,1,0,0,차대사람 - 기타,안전운전불이행,포장 - 건조,맑음,교차로 - 교차로안,승용,여,45세,상해없음,보행자,여,81세,중상
23973,2020061900100642,2020년 6월 19일 20시,금요일,경기도 안산시 상록구 사동,중상사고,0,1,0,0,차대사람 - 기타,안전운전불이행,포장 - 건조,맑음,단일로 - 기타,승용,남,57세,상해없음,보행자,남,37세,중상
23974,2020061900100679,2020년 6월 19일 21시,금요일,경기도 화성시 남양읍,경상사고,0,0,1,0,차대사람 - 기타,안전운전불이행,포장 - 건조,맑음,기타 - 기타,승용,여,61세,상해없음,보행자,여,41세,경상
23975,2020061900100750,2020년 6월 19일 23시,금요일,경기도 의정부시 녹양동,중상사고,0,1,0,0,차대사람 - 기타,안전운전불이행,포장 - 건조,맑음,단일로 - 기타,승용,남,61세,상해없음,보행자,남,58세,중상
23976,2020061900100751,2020년 6월 19일 23시,금요일,경기도 의정부시 의정부동,부상신고사고,0,0,0,1,차대사람 - 차도통행중,안전운전불이행,포장 - 건조,맑음,단일로 - 기타,승용,남,25세,상해없음,보행자,남,32세,부상신고
23977,2020062000100026,2020년 6월 20일 01시,토요일,경기도 부천시 심곡동,경상사고,0,0,1,0,차대사람 - 기타,안전운전불이행,포장 - 건조,맑음,단일로 - 기타,승용,남,26세,상해없음,보행자,남,37세,경상
23978,2020062000100038,2020년 6월 20일 02시,토요일,경기도 부천시 도당동,중상사고,0,1,0,0,차대사람 - 기타,안전운전불이행,포장 - 건조,맑음,단일로 - 기타,화물,남,62세,상해없음,보행자,남,28세,중상
23979,2020062000100057,2020년 6월 20일 04시,토요일,경기도 안산시 상록구 일동,경상사고,0,0,1,0,차대사람 - 기타,안전운전불이행,포장 - 건조,맑음,단일로 - 기타,승용,남,46세,상해없음,보행자,남,51세,경상
23980,2020062000100068,2020년 6월 20일 05시,토요일,경기도 부천시 심곡동,경상사고,0,0,1,0,차대사람 - 기타,안전운전불이행,포장 - 건조,맑음,단일로 - 기타,승용,여,34세,상해없음,보행자,남,18세,경상
23981,2020062000100083,2020년 6월 20일 07시,토요일,경기도 평택시 세교동,경상사고,0,0,1,0,차대사람 - 기타,기타,포장 - 건조,맑음,단일로 - 기타,승합,남,54세,상해없음,보행자,여,62세,경상
23982,2020062000100104,2020년 6월 20일 08시,토요일,경기도 수원시 권선구 서둔동,중상사고,0,1,1,0,차대사람 - 기타,안전운전불이행,포장 - 건조,맑음,단일로 - 기타,자전거,여,57세,중상,보행자,남,69세,경상
23983,2020062000100134,2020년 6월 20일 09시,토요일,경기도 안성시 원곡면,부상신고사고,0,0,0,1,차대사람 - 기타,안전운전불이행,포장 - 건조,맑음,기타 - 기타,승용,여,43세,상해없음,보행자,여,86세,부상신고
23984,2020062000100135,2020년 6월 20일 09시,토요일,경기도 하남시 망월동,중상사고,0,1,0,0,차대사람 - 기타,불법유턴,포장 - 건조,맑음,단일로 - 기타,승용,남,39세,기타불명,보행자,남,48세,중상
23985,2020062000100168,2020년 6월 20일 10시,토요일,경기도 안산시 단원구 원곡동,중상사고,0,1,0,0,차대사람 - 기타,안전운전불이행,포장 - 건조,맑음,교차로 - 교차로안,화물,남,29세,상해없음,보행자,남,50세,중상
23986,2020062000100169,2020년 6월 20일 10시,토요일,경기도 안산시 상록구 본오동,부상신고사고,0,0,0,1,차대사람 - 횡단중,안전운전불이행,포장 - 건조,맑음,교차로 - 교차로횡단보도내,기타불명,기타불명,미분류,기타불명,보행자,여,46세,부상신고
23987,2020062000100249,2020년 6월 20일 12시,토요일,경기도 평택시 통복동,부상신고사고,0,0,0,1,차대사람 - 기타,안전운전불이행,포장 - 건조,맑음,기타 - 기타,자전거,남,41세,부상신고,보행자,여,78세,상해없음
23988,2020062000100257,2020년 6월 20일 12시,토요일,경기도 성남시 분당구 분당동,경상사고,0,0,1,0,차대사람 - 기타,불법유턴,포장 - 건조,맑음,교차로 - 교차로부근,화물,남,62세,기타불명,보행자,남,52세,경상
23989,2020062000100303,2020년 6월 20일 13시,토요일,경기도 시흥시 장곡동,사망사고,1,0,0,0,차대사람 - 기타,안전운전불이행,포장 - 건조,맑음,단일로 - 기타,화물,남,32세,상해없음,보행자,여,75세,사망
23990,2020062000100341,2020년 6월 20일 14시,토요일,경기도 수원시 팔달구 매산로1가,경상사고,0,0,1,0,차대사람 - 기타,안전운전불이행,포장 - 건조,맑음,주차장 - 주차장,승용,여,50세,상해없음,보행자,여,46세,경상
23991,2020062000100385,2020년 6월 20일 15시,토요일,경기도 시흥시 정왕동,경상사고,0,0,1,0,차대사람 - 기타,안전운전불이행,포장 - 건조,맑음,단일로 - 기타,자전거,남,43세,상해없음,보행자,남,5세,경상
23992,2020062000100427,2020년 6월 20일 16시,토요일,경기도 하남시 덕풍동,경상사고,0,0,1,0,차대사람 - 기타,기타,포장 - 건조,맑음,단일로 - 기타,승합,남,57세,상해없음,보행자,여,68세,경상
23993,2020062000100446,2020년 6월 20일 16시,토요일,경기도 고양시 일산동구 장항동,부상신고사고,0,0,0,1,차대사람 - 기타,안전운전불이행,포장 - 건조,맑음,단일로 - 기타,자전거,여,38세,상해없음,보행자,여,9세,부상신고
23994,2020062000100545,2020년 6월 20일 19시,토요일,경기도 수원시 영통구 원천동,경상사고,0,0,1,0,차대사람 - 길가장자리구역통행중,안전운전불이행,포장 - 건조,맑음,기타 - 기타,승용,여,48세,상해없음,보행자,남,31세,경상
23995,2020062000100550,2020년 6월 20일 19시,토요일,경기도 수원시 권선구 금곡동,부상신고사고,0,0,0,1,차대사람 - 기타,안전운전불이행,포장 - 건조,맑음,단일로 - 기타,이륜,남,39세,상해없음,보행자,남,5세,부상신고
23996,2020062000100576,2020년 6월 20일 20시,토요일,경기도 수원시 장안구 정자동,경상사고,0,0,1,0,차대사람 - 기타,안전운전불이행,포장 - 건조,맑음,교차로 - 교차로안,승용,남,52세,상해없음,보행자,남,26세,경상
23997,2020062000100643,2020년 6월 20일 22시,토요일,경기도 평택시 서정동,부상신고사고,0,0,0,1,차대사람 - 차도통행중,안전운전불이행,포장 - 건조,맑음,기타 - 기타,승용,남,19세,상해없음,보행자,여,38세,부상신고
23998,2020062000100644,2020년 6월 20일 22시,토요일,경기도 수원시 권선구 권선동,부상신고사고,0,0,0,1,차대사람 - 횡단중,안전운전불이행,포장 - 건조,맑음,단일로 - 기타,승용,남,28세,상해없음,보행자,여,23세,부상신고
23999,2020062100100006,2020년 6월 21일 00시,일요일,경기도 평택시 평택동,경상사고,0,0,1,0,차대사람 - 기타,안전운전불이행,포장 - 건조,맑음,교차로 - 교차로안,승용,남,22세,상해없음,보행자,남,36세,경상
24000,2020062100100024,2020년 6월 21일 01시,일요일,경기도 시흥시 대야동,경상사고,0,0,1,0,차대사람 - 기타,안전운전불이행,포장 - 건조,맑음,단일로 - 기타,승용,남,19세,상해없음,보행자,여,24세,경상
24001,2020062100100051,2020년 6월 21일 03시,일요일,경기도 부천시 심곡동,경상사고,0,0,1,0,차대사람 - 기타,안전운전불이행,포장 - 건조,맑음,단일로 - 기타,승용,남,56세,상해없음,보행자,남,55세,경상
24002,2020062100100116,2020년 6월 21일 08시,일요일,경기도 양주시 광사동,중상사고,0,1,0,0,차대사람 - 횡단중,보행자보호의무위반,포장 - 건조,맑음,교차로 - 교차로안,승용,남,78세,상해없음,보행자,여,62세,중상
24003,2020062100100120,2020년 6월 21일 09시,일요일,경기도 광주시 역동,경상사고,0,0,1,0,차대사람 - 보도통행중,기타,포장 - 건조,맑음,단일로 - 기타,승합,남,70세,상해없음,보행자,여,51세,경상
24004,2020062100100133,2020년 6월 21일 09시,일요일,경기도 남양주시 조안면,경상사고,0,0,1,1,차대사람 - 기타,안전운전불이행,포장 - 건조,맑음,단일로 - 기타,자전거,남,30세,부상신고,보행자,남,59세,경상
24005,2020062100100211,2020년 6월 21일 12시,일요일,경기도 동두천시 송내동,부상신고사고,0,0,0,1,차대사람 - 기타,안전운전불이행,포장 - 건조,맑음,단일로 - 기타,승용,남,58세,상해없음,보행자,남,69세,부상신고
24006,2020062100100236,2020년 6월 21일 13시,일요일,경기도 남양주시 와부읍,경상사고,0,0,1,0,차대사람 - 기타,안전운전불이행,포장 - 건조,맑음,단일로 - 기타,승용,여,55세,상해없음,보행자,여,7세,경상
24007,2020062100100238,2020년 6월 21일 13시,일요일,경기도 양주시 장흥면,경상사고,0,0,1,0,차대사람 - 기타,안전운전불이행,포장 - 기타,맑음,주차장 - 주차장,승용,남,40세,기타불명,보행자,남,41세,경상
24008,2020062100100247,2020년 6월 21일 14시,일요일,경기도 안산시 단원구 고잔동,경상사고,0,0,1,0,차대사람 - 기타,안전운전불이행,포장 - 건조,맑음,교차로 - 교차로안,승용,여,57세,상해없음,보행자,여,58세,경상
24009,2020062100100267,2020년 6월 21일 14시,일요일,경기도 고양시 일산동구 장항동,경상사고,0,0,1,0,차대사람 - 횡단중,신호위반,포장 - 건조,맑음,교차로 - 교차로횡단보도내,자전거,남,21세,상해없음,보행자,여,57세,경상
24010,2020062100100285,2020년 6월 21일 15시,일요일,경기도 성남시 분당구 정자동,중상사고,0,1,0,0,차대사람 - 횡단중,보행자보호의무위반,포장 - 건조,맑음,단일로 - 기타,승용,남,47세,상해없음,보행자,여,32세,중상
24011,2020062100100337,2020년 6월 21일 16시,일요일,경기도 의정부시 민락동,경상사고,0,0,1,0,차대사람 - 보도통행중,보행자보호의무위반,포장 - 건조,맑음,교차로 - 교차로안,승용,여,40세,상해없음,보행자,남,59세,경상
24012,2020062100100339,2020년 6월 21일 16시,일요일,경기도 포천시 이동면,경상사고,0,0,1,0,차대사람 - 기타,안전운전불이행,포장 - 건조,맑음,단일로 - 기타,승용,남,79세,상해없음,보행자,여,11세,경상
24013,2020062100100407,2020년 6월 21일 18시,일요일,경기도 파주시 금촌동,경상사고,0,0,1,0,차대사람 - 차도통행중,안전운전불이행,포장 - 건조,맑음,단일로 - 기타,승용,남,18세,상해없음,보행자,남,68세,경상
24014,2020062100100409,2020년 6월 21일 18시,일요일,경기도 구리시 갈매동,중상사고,0,1,0,0,차대사람 - 차도통행중,기타,포장 - 건조,맑음,단일로 - 기타,이륜,남,46세,상해없음,보행자,남,11세,중상
24015,2020062100100443,2020년 6월 21일 20시,일요일,경기도 오산시 청학동,중상사고,0,1,0,0,차대사람 - 횡단중,신호위반,포장 - 건조,맑음,교차로 - 교차로횡단보도내,이륜,남,25세,상해없음,보행자,여,50세,중상
24016,2020062100100444,2020년 6월 21일 20시,일요일,경기도 부천시 역곡동,경상사고,0,0,1,0,차대사람 - 횡단중,안전운전불이행,포장 - 건조,흐림,기타 - 기타,승용,남,32세,상해없음,보행자,남,70세,경상
24017,2020062200100005,2020년 6월 22일 00시,월요일,경기도 용인시 기흥구 신갈동,중상사고,0,1,1,0,차대사람 - 보도통행중,안전운전불이행,포장 - 건조,맑음,단일로 - 기타,이륜,남,21세,경상,보행자,남,62세,중상
24018,2020062200100022,2020년 6월 22일 02시,월요일,경기도 안산시 단원구 고잔동,경상사고,0,0,1,1,차대사람 - 차도통행중,안전운전불이행,포장 - 건조,맑음,단일로 - 기타,승용,남,27세,상해없음,보행자,남,31세,부상신고
24019,2020062200100069,2020년 6월 22일 07시,월요일,경기도 광명시 일직동,부상신고사고,0,0,0,1,차대사람 - 횡단중,신호위반,포장 - 건조,맑음,단일로 - 기타,승용,남,74세,상해없음,보행자,여,33세,부상신고
24020,2020062200100102,2020년 6월 22일 08시,월요일,경기도 수원시 장안구 율전동,경상사고,0,0,1,0,차대사람 - 기타,안전운전불이행,포장 - 건조,맑음,교차로 - 교차로부근,승용,남,45세,상해없음,보행자,남,29세,경상
24021,2020062200100103,2020년 6월 22일 08시,월요일,경기도 성남시 수정구 태평동,경상사고,0,0,1,0,차대사람 - 기타,안전운전불이행,포장 - 건조,맑음,단일로 - 기타,승용,남,45세,상해없음,보행자,남,57세,경상
24022,2020062200100145,2020년 6월 22일 08시,월요일,경기도 포천시 선단동,경상사고,0,0,1,0,차대사람 - 횡단중,안전운전불이행,포장 - 건조,맑음,단일로 - 기타,이륜,남,31세,상해없음,보행자,여,73세,경상
24023,2020062200100187,2020년 6월 22일 09시,월요일,경기도 고양시 일산서구 일산동,경상사고,0,0,1,0,차대사람 - 기타,기타,포장 - 건조,맑음,단일로 - 기타,승용,여,49세,상해없음,보행자,남,19세,경상
24024,2020062200100203,2020년 6월 22일 10시,월요일,경기도 광명시 하안동,중상사고,0,1,0,0,차대사람 - 기타,안전운전불이행,포장 - 건조,맑음,교차로 - 교차로안,승용,남,69세,상해없음,보행자,여,65세,중상
24025,2020062200100208,2020년 6월 22일 10시,월요일,경기도 화성시 병점동,사망사고,1,0,0,0,차대사람 - 기타,안전운전불이행,포장 - 건조,맑음,단일로 - 기타,화물,남,50세,상해없음,보행자,남,54세,사망
24026,2020062200100253,2020년 6월 22일 11시,월요일,경기도 시흥시 방산동,경상사고,0,0,2,0,차대사람 - 횡단중,안전운전불이행,포장 - 건조,맑음,단일로 - 기타,승합,남,61세,경상,보행자,남,41세,경상
24027,2020062200100314,2020년 6월 22일 12시,월요일,경기도 고양시 일산서구 대화동,부상신고사고,0,0,0,1,차대사람 - 기타,안전운전불이행,포장 - 건조,맑음,단일로 - 기타,기타불명,기타불명,미분류,기타불명,보행자,여,63세,부상신고
24028,2020062200100324,2020년 6월 22일 13시,월요일,경기도 부천시 춘의동,경상사고,0,0,1,0,차대사람 - 보도통행중,안전운전불이행,포장 - 기타,맑음,단일로 - 기타,화물,남,42세,상해없음,보행자,남,29세,경상
24029,2020062200100360,2020년 6월 22일 14시,월요일,경기도 평택시 통복동,경상사고,0,0,1,0,차대사람 - 횡단중,안전운전불이행,포장 - 건조,맑음,교차로 - 교차로안,기타불명,기타불명,미분류,기타불명,보행자,여,22세,경상
24030,2020062200100408,2020년 6월 22일 15시,월요일,경기도 평택시 합정동,중상사고,0,1,0,0,차대사람 - 횡단중,기타,포장 - 건조,맑음,단일로 - 기타,승용,남,59세,상해없음,보행자,남,47세,중상
24031,2020062200100412,2020년 6월 22일 15시,월요일,경기도 성남시 분당구 이매동,경상사고,0,0,1,0,차대사람 - 기타,안전운전불이행,포장 - 건조,맑음,기타 - 기타,승용,여,66세,상해없음,보행자,남,53세,경상
24032,2020062200100415,2020년 6월 22일 15시,월요일,경기도 안양시 만안구 박달동,경상사고,0,0,1,0,차대사람 - 차도통행중,안전운전불이행,포장 - 건조,맑음,단일로 - 기타,자전거,여,23세,상해없음,보행자,남,6세,경상
24033,2020062200100443,2020년 6월 22일 15시,월요일,경기도 의정부시 의정부동,경상사고,0,0,1,0,차대사람 - 횡단중,안전운전불이행,포장 - 건조,맑음,교차로 - 교차로횡단보도내,승합,남,58세,상해없음,보행자,남,67세,경상
24034,2020062200100460,2020년 6월 22일 16시,월요일,경기도 성남시 중원구 상대원동,경상사고,0,0,1,0,차대사람 - 횡단중,보행자보호의무위반,포장 - 건조,맑음,교차로 - 교차로안,화물,남,56세,상해없음,보행자,남,42세,경상
24035,2020062200100505,2020년 6월 22일 16시,월요일,경기도 남양주시 진접읍,사망사고,1,0,0,0,차대사람 - 횡단중,안전운전불이행,포장 - 건조,맑음,교차로 - 교차로횡단보도내,화물,남,62세,상해없음,보행자,여,86세,사망
24036,2020062200100519,2020년 6월 22일 17시,월요일,경기도 성남시 수정구 수진동,경상사고,0,0,1,0,차대사람 - 기타,안전운전불이행,포장 - 건조,맑음,단일로 - 기타,승용,남,24세,기타불명,보행자,남,20세,경상
24037,2020062200100574,2020년 6월 22일 18시,월요일,경기도 평택시 지제동,경상사고,0,0,1,0,차대사람 - 기타,안전운전불이행,포장 - 건조,맑음,단일로 - 기타,승용,남,29세,상해없음,보행자,남,29세,경상
24038,2020062200100576,2020년 6월 22일 18시,월요일,경기도 성남시 분당구 구미동,중상사고,0,1,1,0,차대사람 - 기타,안전운전불이행,포장 - 건조,맑음,기타 - 기타,자전거,여,28세,상해없음,보행자,여,64세,중상
24039,2020062200100577,2020년 6월 22일 18시,월요일,경기도 수원시 권선구 서둔동,경상사고,0,0,1,0,차대사람 - 기타,안전운전불이행,포장 - 건조,맑음,기타 - 기타,화물,남,61세,상해없음,보행자,남,55세,경상
24040,2020062200100606,2020년 6월 22일 18시,월요일,경기도 남양주시 평내동,중상사고,0,1,0,0,차대사람 - 기타,기타,포장 - 건조,맑음,단일로 - 기타,승합,남,60세,상해없음,보행자,남,43세,중상
24041,2020062200100607,2020년 6월 22일 18시,월요일,경기도 동두천시 생연동,경상사고,0,0,1,0,차대사람 - 횡단중,보행자보호의무위반,포장 - 건조,맑음,교차로 - 교차로안,승용,남,66세,상해없음,보행자,여,10세,경상
24042,2020062200100608,2020년 6월 22일 18시,월요일,경기도 동두천시 상패동,경상사고,0,0,1,0,차대사람 - 기타,안전운전불이행,포장 - 건조,맑음,단일로 - 기타,화물,남,56세,상해없음,보행자,여,65세,경상
24043,2020062200100651,2020년 6월 22일 20시,월요일,경기도 용인시 수지구 상현동,경상사고,0,0,1,0,차대사람 - 횡단중,신호위반,포장 - 건조,맑음,교차로 - 교차로안,이륜,남,41세,상해없음,보행자,남,9세,경상
24044,2020062200100669,2020년 6월 22일 20시,월요일,경기도 남양주시 와부읍,경상사고,0,0,1,0,차대사람 - 차도통행중,안전운전불이행,포장 - 건조,맑음,단일로 - 기타,자전거,여,38세,기타불명,보행자,여,3세,경상
24045,2020062200100682,2020년 6월 22일 21시,월요일,경기도 부천시 춘의동,경상사고,0,0,1,0,차대사람 - 횡단중,보행자보호의무위반,포장 - 건조,맑음,교차로 - 교차로부근,승용,남,65세,상해없음,보행자,남,40세,경상
24046,2020062200100705,2020년 6월 22일 21시,월요일,경기도 고양시 덕양구 토당동,경상사고,0,0,1,0,차대사람 - 차도통행중,안전운전불이행,포장 - 건조,맑음,교차로 - 교차로안,승용,남,31세,상해없음,보행자,남,74세,경상
24047,2020062200100707,2020년 6월 22일 21시,월요일,경기도 파주시 문산읍,경상사고,0,0,1,0,차대사람 - 기타,안전운전불이행,포장 - 건조,맑음,주차장 - 주차장,기타불명,기타불명,미분류,기타불명,보행자,남,51세,경상
24048,2020062200100712,2020년 6월 22일 22시,월요일,경기도 김포시 구래동,중상사고,0,1,1,0,차대사람 - 기타,과속,포장 - 건조,맑음,교차로 - 교차로안,이륜,남,22세,상해없음,보행자,남,26세,경상
24049,2020062300100035,2020년 6월 23일 03시,화요일,경기도 용인시 수지구 동천동,중상사고,0,1,0,0,차대사람 - 기타,안전운전불이행,포장 - 건조,맑음,단일로 - 기타,화물,남,54세,상해없음,보행자,남,45세,중상
24050,2020062300100073,2020년 6월 23일 07시,화요일,경기도 이천시 창전동,경상사고,0,0,1,0,차대사람 - 보도통행중,기타,포장 - 건조,맑음,기타 - 기타,화물,남,58세,상해없음,보행자,여,16세,경상
24051,2020062300100074,2020년 6월 23일 07시,화요일,경기도 안산시 단원구 원곡동,중상사고,0,1,0,0,차대사람 - 횡단중,보행자보호의무위반,포장 - 건조,맑음,교차로 - 교차로안,기타불명,기타불명,미분류,기타불명,보행자,남,25세,중상
24052,2020062300100112,2020년 6월 23일 08시,화요일,경기도 평택시 비전동,중상사고,0,1,0,0,차대사람 - 기타,안전운전불이행,포장 - 건조,맑음,기타 - 기타,자전거,여,54세,상해없음,보행자,여,67세,중상
24053,2020062300100117,2020년 6월 23일 08시,화요일,경기도 화성시 남양읍,중상사고,0,1,0,0,차대사람 - 차도통행중,안전운전불이행,포장 - 건조,맑음,단일로 - 기타,승용,여,55세,상해없음,보행자,남,7세,중상
24054,2020062300100118,2020년 6월 23일 08시,화요일,경기도 하남시 항동,중상사고,0,1,0,0,차대사람 - 기타,안전운전불이행,포장 - 건조,맑음,단일로 - 기타,승용,여,27세,상해없음,보행자,남,31세,중상
24055,2020062300100149,2020년 6월 23일 08시,화요일,경기도 고양시 덕양구 신원동,경상사고,0,0,1,0,차대사람 - 횡단중,안전운전불이행,포장 - 건조,맑음,교차로 - 교차로안,기타불명,기타불명,미분류,기타불명,보행자,여,30세,경상
24056,2020062300100194,2020년 6월 23일 09시,화요일,경기도 남양주시 다산동,중상사고,0,1,0,0,차대사람 - 횡단중,안전운전불이행,포장 - 건조,맑음,교차로 - 교차로안,승용,남,70세,상해없음,보행자,여,63세,중상
24057,2020062300100202,2020년 6월 23일 10시,화요일,경기도 수원시 팔달구 화서동,부상신고사고,0,0,0,1,차대사람 - 기타,안전운전불이행,포장 - 건조,흐림,단일로 - 기타,승용,남,54세,상해없음,보행자,남,29세,부상신고
24058,2020062300100318,2020년 6월 23일 13시,화요일,경기도 광주시 목현동,경상사고,0,0,1,1,차대사람 - 기타,안전운전불이행,포장 - 건조,맑음,단일로 - 기타,승용,여,66세,부상신고,보행자,남,50세,경상
24059,2020062300100347,2020년 6월 23일 14시,화요일,경기도 안양시 만안구 안양동,경상사고,0,0,1,0,차대사람 - 횡단중,보행자보호의무위반,포장 - 건조,맑음,기타 - 기타,이륜,남,40세,상해없음,보행자,여,73세,경상
24060,2020062300100416,2020년 6월 23일 16시,화요일,경기도 부천시 삼정동,중상사고,0,1,0,0,차대사람 - 기타,안전운전불이행,포장 - 건조,맑음,기타 - 기타,기타불명,남,70세,기타불명,보행자,남,51세,중상
24061,2020062300100462,2020년 6월 23일 17시,화요일,경기도 오산시 오산동,부상신고사고,0,0,0,1,차대사람 - 기타,안전운전불이행,포장 - 건조,맑음,교차로 - 교차로횡단보도내,기타불명,기타불명,미분류,기타불명,보행자,여,29세,부상신고
24062,2020062300100463,2020년 6월 23일 17시,화요일,경기도 부천시 중동,경상사고,0,0,1,0,차대사람 - 횡단중,안전운전불이행,포장 - 건조,맑음,단일로 - 기타,이륜,남,24세,상해없음,보행자,여,16세,경상
24063,2020062300100511,2020년 6월 23일 18시,화요일,경기도 수원시 권선구 세류동,부상신고사고,0,0,0,1,차대사람 - 기타,안전운전불이행,포장 - 건조,맑음,교차로 - 교차로부근,승용,여,52세,상해없음,보행자,남,52세,부상신고
24064,2020062300100513,2020년 6월 23일 18시,화요일,경기도 하남시 덕풍동,중상사고,0,1,0,0,차대사람 - 기타,안전운전불이행,포장 - 건조,맑음,단일로 - 기타,승용,남,71세,상해없음,보행자,여,79세,중상
24065,2020062300100592,2020년 6월 23일 20시,화요일,경기도 평택시 지산동,경상사고,0,0,1,0,차대사람 - 기타,안전운전불이행,포장 - 건조,맑음,단일로 - 기타,기타불명,기타불명,미분류,기타불명,보행자,남,67세,경상
24066,2020062300100596,2020년 6월 23일 20시,화요일,경기도 부천시 상동,경상사고,0,0,1,0,차대사람 - 횡단중,안전운전불이행,포장 - 건조,맑음,교차로 - 교차로안,승용,남,45세,상해없음,보행자,여,25세,경상
24067,2020062300100622,2020년 6월 23일 20시,화요일,경기도 가평군 가평읍,중상사고,0,1,0,0,차대사람 - 횡단중,안전운전불이행,포장 - 건조,맑음,교차로 - 교차로부근,승용,여,30세,상해없음,보행자,여,61세,중상
24068,2020062300100633,2020년 6월 23일 21시,화요일,경기도 부천시 상동,부상신고사고,0,0,0,1,차대사람 - 기타,안전운전불이행,포장 - 건조,맑음,단일로 - 기타,화물,남,44세,상해없음,보행자,남,68세,부상신고
24069,2020062300100634,2020년 6월 23일 21시,화요일,경기도 부천시 상동,경상사고,0,0,1,0,차대사람 - 차도통행중,안전운전불이행,포장 - 건조,맑음,교차로 - 교차로안,승용,남,36세,상해없음,보행자,남,38세,경상
24070,2020062300100655,2020년 6월 23일 21시,화요일,경기도 남양주시 평내동,중상사고,0,1,0,0,차대사람 - 기타,기타,포장 - 건조,맑음,단일로 - 기타,승합,남,44세,상해없음,보행자,여,72세,중상
24071,2020062300100663,2020년 6월 23일 22시,화요일,경기도 오산시 원동,경상사고,0,0,1,0,차대사람 - 기타,안전운전불이행,포장 - 건조,맑음,단일로 - 기타,승용,남,31세,상해없음,보행자,남,55세,경상
24072,2020062300100679,2020년 6월 23일 22시,화요일,경기도 남양주시 화도읍,경상사고,0,0,1,0,차대사람 - 기타,안전운전불이행,포장 - 건조,맑음,단일로 - 기타,승합,남,49세,상해없음,보행자,여,63세,경상
24073,2020062400100025,2020년 6월 24일 01시,수요일,경기도 파주시 문산읍,사망사고,1,0,0,0,차대사람 - 길가장자리구역통행중,안전운전불이행,포장 - 건조,맑음,단일로 - 기타,승용,남,29세,상해없음,보행자,남,85세,사망
24074,2020062400100044,2020년 6월 24일 05시,수요일,경기도 성남시 수정구 단대동,경상사고,0,0,1,0,차대사람 - 기타,신호위반,포장 - 건조,맑음,교차로 - 교차로안,기타불명,기타불명,미분류,기타불명,보행자,남,62세,경상
24075,2020062400100069,2020년 6월 24일 07시,수요일,경기도 광주시 경안동,경상사고,0,0,1,0,차대사람 - 보도통행중,신호위반,포장 - 젖음/습기,비,교차로 - 교차로안,승용,여,52세,상해없음,보행자,여,17세,경상
24076,2020062400100096,2020년 6월 24일 08시,수요일,경기도 안성시 공도읍,경상사고,0,0,1,0,차대사람 - 차도통행중,안전운전불이행,포장 - 건조,맑음,단일로 - 기타,승합,남,49세,상해없음,보행자,남,59세,경상
24077,2020062400100099,2020년 6월 24일 08시,수요일,경기도 군포시 금정동,경상사고,0,0,1,0,차대사람 - 보도통행중,기타,포장 - 건조,맑음,기타 - 기타,승용,여,66세,상해없음,보행자,여,49세,경상
24078,2020062400100101,2020년 6월 24일 08시,수요일,경기도 안산시 상록구 사사동,중상사고,0,1,0,0,차대사람 - 기타,교차로운행방법위반,포장 - 건조,맑음,교차로 - 교차로안,승용,남,26세,상해없음,보행자,여,83세,중상
24079,2020062400100102,2020년 6월 24일 08시,수요일,경기도 화성시 병점동,중상사고,0,1,0,0,차대사람 - 기타,보행자보호의무위반,포장 - 건조,맑음,교차로 - 교차로안,승용,남,51세,상해없음,보행자,여,64세,중상
24080,2020062400100158,2020년 6월 24일 09시,수요일,경기도 동두천시 상패동,중상사고,0,1,0,0,차대사람 - 횡단중,신호위반,포장 - 젖음/습기,비,교차로 - 교차로횡단보도내,건설기계,남,51세,상해없음,보행자,여,72세,중상
24081,2020062400100192,2020년 6월 24일 11시,수요일,경기도 부천시 역곡동,경상사고,0,0,1,0,차대사람 - 횡단중,안전운전불이행,포장 - 젖음/습기,비,교차로 - 교차로부근,승용,남,66세,상해없음,보행자,여,74세,경상
24082,2020062400100224,2020년 6월 24일 12시,수요일,경기도 화성시 우정읍,중상사고,0,1,0,0,차대사람 - 기타,불법유턴,포장 - 젖음/습기,비,기타 - 기타,화물,남,52세,상해없음,보행자,남,52세,중상
24083,2020062400100277,2020년 6월 24일 13시,수요일,경기도 파주시 교하동,중상사고,0,1,0,0,차대사람 - 기타,안전운전불이행,포장 - 건조,맑음,주차장 - 주차장,승용,남,65세,기타불명,보행자,여,72세,중상