,사고번호,사고일시,요일,시군구,사고내용,사망자수,중상자수,경상자수,부상신고자수,사고유형,법규위반,노면상태,기상상태,도로형태,가해운전자 차종,가해운전자 성별,가해운전자 연령,가해운전자 상해정도,피해운전자 차종,피해운전자 성별,피해운전자 연령,피해운전자 상해정도
24197,2020062900100076,2020년 6월 29일 08시,월요일,경기도 김포시 양촌읍,중상사고,0,1,0,0,차대사람 - 횡단중,보행자보호의무위반,포장 - 건조,맑음,교차로 - 교차로안,승용,남,53세,상해없음,보행자,남,62세,중상
24198,2020062900100078,2020년 6월 29일 08시,월요일,경기도 광명시 철산동,경상사고,0,0,1,0,차대사람 - 횡단중,보행자보호의무위반,포장 - 건조,맑음,교차로 - 교차로부근,승용,남,36세,상해없음,보행자,여,64세,경상
24199,2020062900100081,2020년 6월 29일 08시,월요일,경기도 수원시 권선구 고색동,경상사고,0,0,1,0,차대사람 - 기타,안전운전불이행,포장 - 건조,맑음,단일로 - 기타,승용,남,46세,상해없음,보행자,남,76세,경상
24200,2020062900100096,2020년 6월 29일 08시,월요일,경기도 양주시 만송동,중상사고,0,1,0,0,차대사람 - 횡단중,안전운전불이행,포장 - 건조,맑음,교차로 - 교차로부근,승합,여,33세,상해없음,보행자,여,67세,중상
24201,2020062900100130,2020년 6월 29일 09시,월요일,경기도 의정부시 신곡동,중상사고,0,1,0,0,차대사람 - 횡단중,보행자보호의무위반,포장 - 건조,맑음,교차로 - 교차로횡단보도내,승용,여,30세,상해없음,보행자,남,53세,중상
24202,2020062900100140,2020년 6월 29일 10시,월요일,경기도 평택시 현덕면,중상사고,0,1,0,0,차대사람 - 기타,안전운전불이행,포장 - 건조,맑음,기타 - 기타,승용,여,58세,상해없음,보행자,여,59세,중상
24203,2020062900100179,2020년 6월 29일 11시,월요일,경기도 성남시 중원구 성남동,경상사고,0,0,1,0,차대사람 - 횡단중,안전운전불이행,포장 - 건조,맑음,단일로 - 기타,승용,남,78세,상해없음,보행자,남,24세,경상
24204,2020062900100306,2020년 6월 29일 15시,월요일,경기도 오산시 오산동,경상사고,0,0,1,0,차대사람 - 기타,안전운전불이행,포장 - 건조,맑음,단일로 - 기타,승용,남,57세,상해없음,보행자,여,56세,경상
24205,2020062900100340,2020년 6월 29일 15시,월요일,경기도 파주시 금촌동,경상사고,0,0,1,0,차대사람 - 횡단중,안전운전불이행,포장 - 건조,맑음,단일로 - 기타,승용,여,72세,상해없음,보행자,남,7세,경상
24206,2020062900100348,2020년 6월 29일 16시,월요일,경기도 평택시 비전동,경상사고,0,0,1,0,차대사람 - 기타,기타,포장 - 건조,맑음,단일로 - 기타,승합,남,60세,상해없음,보행자,남,73세,경상
24207,2020062900100447,2020년 6월 29일 18시,월요일,경기도 용인시 기흥구 보정동,경상사고,0,0,1,0,차대사람 - 기타,안전운전불이행,포장 - 건조,맑음,교차로 - 교차로안,승용,여,43세,상해없음,보행자,여,48세,경상
24208,2020062900100487,2020년 6월 29일 19시,월요일,경기도 오산시 오산동,경상사고,0,0,1,0,차대사람 - 기타,안전운전불이행,포장 - 젖음/습기,비,단일로 - 기타,기타불명,기타불명,미분류,기타불명,보행자,남,46세,경상
24209,2020062900100505,2020년 6월 29일 19시,월요일,경기도 고양시 덕양구 동산동,경상사고,0,0,1,0,차대사람 - 횡단중,신호위반,포장 - 건조,맑음,교차로 - 교차로횡단보도내,이륜,남,64세,상해없음,보행자,여,68세,경상
24210,2020062900100523,2020년 6월 29일 20시,월요일,경기도 군포시 금정동,경상사고,0,0,1,0,차대사람 - 횡단중,불법유턴,포장 - 젖음/습기,비,교차로 - 교차로안,승용,남,62세,상해없음,보행자,남,27세,경상
24211,2020062900100574,2020년 6월 29일 21시,월요일,경기도 성남시 중원구 상대원동,경상사고,0,0,1,0,차대사람 - 기타,신호위반,포장 - 젖음/습기,비,단일로 - 기타,승용,남,53세,상해없음,보행자,남,49세,경상
24212,2020062900100578,2020년 6월 29일 21시,월요일,경기도 화성시 산척동,경상사고,0,0,1,0,차대사람 - 보도통행중,보행자보호의무위반,포장 - 젖음/습기,비,교차로 - 교차로안,승용,여,54세,상해없음,보행자,여,17세,경상
24213,2020062900100579,2020년 6월 29일 21시,월요일,경기도 화성시 목동,경상사고,0,0,1,1,차대사람 - 기타,신호위반,포장 - 젖음/습기,비,교차로 - 교차로안,원동기,남,41세,부상신고,보행자,남,13세,경상
24214,2020062900100622,2020년 6월 29일 22시,월요일,경기도 이천시 부발읍,경상사고,0,0,1,0,차대사람 - 횡단중,안전운전불이행,포장 - 젖음/습기,비,단일로 - 기타,승용,남,28세,기타불명,보행자,남,27세,경상
24215,2020062900100630,2020년 6월 29일 22시,월요일,경기도 하남시 망월동,중상사고,0,1,0,0,차대사람 - 기타,안전운전불이행,포장 - 젖음/습기,비,교차로 - 교차로안,승용,남,51세,상해없음,보행자,여,60세,중상
24216,2020062900100657,2020년 6월 29일 23시,월요일,경기도 광주시 초월읍,경상사고,0,0,1,0,차대사람 - 기타,안전운전불이행,포장 - 젖음/습기,비,교차로 - 교차로부근,승합,남,54세,기타불명,보행자,남,29세,경상
24217,2020062900100661,2020년 6월 29일 23시,월요일,경기도 수원시 팔달구 인계동,경상사고,0,0,1,0,차대사람 - 길가장자리구역통행중,안전운전불이행,포장 - 젖음/습기,비,단일로 - 기타,승용,남,29세,상해없음,보행자,남,46세,경상
24218,2020062900100663,2020년 6월 29일 23시,월요일,경기도 시흥시 정왕동,중상사고,0,1,0,0,차대사람 - 횡단중,신호위반,포장 - 젖음/습기,비,교차로 - 교차로횡단보도내,승용,남,57세,상해없음,보행자,여,50세,중상
24219,2020063000100008,2020년 6월 30일 00시,화요일,경기도 부천시 중동,경상사고,0,0,1,0,차대사람 - 기타,안전운전불이행,포장 - 젖음/습기,비,교차로 - 교차로안,승용,남,45세,상해없음,보행자,남,34세,경상
24220,2020063000100083,2020년 6월 30일 07시,화요일,경기도 광명시 소하동,중상사고,0,1,0,0,차대사람 - 횡단중,안전운전불이행,포장 - 젖음/습기,비,단일로 - 기타,승용,남,51세,상해없음,보행자,여,79세,중상
24221,2020063000100167,2020년 6월 30일 10시,화요일,경기도 김포시 사우동,경상사고,0,0,1,0,차대사람 - 차도통행중,안전운전불이행,포장 - 건조,맑음,교차로 - 교차로안,승용,남,73세,상해없음,보행자,남,56세,경상
24222,2020063000100168,2020년 6월 30일 10시,화요일,경기도 성남시 중원구 도촌동,사망사고,1,0,0,0,차대사람 - 기타,보행자보호의무위반,포장 - 젖음/습기,비,교차로 - 교차로안,화물,남,73세,상해없음,보행자,여,69세,사망
24223,2020063000100209,2020년 6월 30일 12시,화요일,경기도 성남시 수정구 신흥동,중상사고,0,1,0,0,차대사람 - 횡단중,신호위반,포장 - 젖음/습기,비,단일로 - 기타,화물,남,62세,상해없음,보행자,남,41세,중상
24224,2020063000100210,2020년 6월 30일 12시,화요일,경기도 양평군 강상면,경상사고,0,0,1,0,차대사람 - 기타,안전운전불이행,포장 - 건조,흐림,단일로 - 기타,승용,남,71세,기타불명,보행자,남,64세,경상
24225,2020063000100213,2020년 6월 30일 12시,화요일,경기도 부천시 원미동,경상사고,0,0,1,0,차대사람 - 보도통행중,기타,포장 - 건조,맑음,기타 - 기타,승용,남,47세,상해없음,보행자,여,51세,경상
24226,2020063000100214,2020년 6월 30일 12시,화요일,경기도 성남시 분당구 정자동,중상사고,0,1,0,0,차대사람 - 기타,안전운전불이행,포장 - 젖음/습기,흐림,단일로 - 기타,화물,남,43세,상해없음,보행자,여,82세,중상
24227,2020063000100217,2020년 6월 30일 12시,화요일,경기도 부천시 고강동,중상사고,0,1,0,0,차대사람 - 횡단중,보행자보호의무위반,포장 - 건조,맑음,교차로 - 교차로횡단보도내,승용,남,57세,상해없음,보행자,여,77세,중상
24228,2020063000100249,2020년 6월 30일 13시,화요일,경기도 용인시 수지구 성복동,부상신고사고,0,0,0,1,차대사람 - 횡단중,신호위반,포장 - 건조,맑음,교차로 - 교차로횡단보도내,승용,남,63세,상해없음,보행자,남,19세,부상신고
24229,2020063000100279,2020년 6월 30일 14시,화요일,경기도 안양시 동안구 호계동,경상사고,0,0,1,0,차대사람 - 기타,안전운전불이행,포장 - 건조,맑음,단일로 - 기타,화물,남,42세,상해없음,보행자,남,50세,경상
24230,2020063000100306,2020년 6월 30일 14시,화요일,경기도 의정부시 의정부동,부상신고사고,0,0,0,1,차대사람 - 기타,안전운전불이행,포장 - 건조,맑음,단일로 - 기타,승용,여,39세,상해없음,보행자,여,31세,부상신고
24231,2020063000100344,2020년 6월 30일 16시,화요일,경기도 광주시 오포읍,경상사고,0,0,3,0,차대사람 - 횡단중,보행자보호의무위반,포장 - 젖음/습기,비,교차로 - 교차로안,화물,남,53세,상해없음,보행자,여,54세,경상
24232,2020063000100346,2020년 6월 30일 16시,화요일,경기도 화성시 봉담읍,경상사고,0,0,1,0,차대사람 - 기타,보행자보호의무위반,포장 - 건조,맑음,교차로 - 교차로횡단보도내,승용,남,70세,상해없음,보행자,남,35세,경상
24233,2020063000100365,2020년 6월 30일 16시,화요일,경기도 고양시 일산서구 탄현동,경상사고,0,0,1,0,차대사람 - 횡단중,안전운전불이행,포장 - 건조,맑음,단일로 - 기타,자전거,남,16세,상해없음,보행자,여,73세,경상
24234,2020063000100378,2020년 6월 30일 17시,화요일,경기도 광주시 경안동,경상사고,0,0,1,0,차대사람 - 기타,안전운전불이행,포장 - 건조,맑음,기타 - 기타,승합,남,60세,기타불명,보행자,여,17세,경상
24235,2020063000100380,2020년 6월 30일 17시,화요일,경기도 의왕시 삼동,중상사고,0,1,0,0,차대사람 - 횡단중,안전운전불이행,포장 - 건조,맑음,교차로 - 교차로안,승용,여,45세,상해없음,보행자,남,76세,중상
24236,2020063000100381,2020년 6월 30일 17시,화요일,경기도 의왕시 오전동,부상신고사고,0,0,0,1,차대사람 - 길가장자리구역통행중,안전운전불이행,포장 - 건조,맑음,기타 - 기타,승용,여,48세,상해없음,보행자,여,58세,부상신고
24237,2020063000100417,2020년 6월 30일 18시,화요일,경기도 부천시 중동,경상사고,0,0,1,0,차대사람 - 기타,기타,포장 - 건조,맑음,기타 - 기타,이륜,남,57세,상해없음,보행자,여,17세,경상
24238,2020063000100418,2020년 6월 30일 18시,화요일,경기도 군포시 산본동,부상신고사고,0,0,0,1,차대사람 - 기타,안전운전불이행,포장 - 건조,맑음,단일로 - 기타,승용,남,34세,상해없음,보행자,남,57세,부상신고
24239,2020063000100419,2020년 6월 30일 18시,화요일,경기도 성남시 중원구 은행동,경상사고,0,0,1,0,차대사람 - 기타,안전운전불이행,포장 - 건조,맑음,기타 - 기타,화물,남,39세,상해없음,보행자,남,66세,경상
24240,2020063000100460,2020년 6월 30일 18시,화요일,경기도 남양주시 별내동,중상사고,0,1,0,0,차대사람 - 기타,보행자보호의무위반,포장 - 건조,맑음,교차로 - 교차로안,화물,남,51세,상해없음,보행자,남,82세,중상
24241,2020063000100523,2020년 6월 30일 20시,화요일,경기도 남양주시 진접읍,경상사고,0,0,1,0,차대사람 - 기타,안전운전불이행,포장 - 건조,맑음,교차로 - 교차로부근,승용,여,49세,상해없음,보행자,여,11세,경상
24242,2020063000100524,2020년 6월 30일 20시,화요일,경기도 파주시 탄현면,경상사고,0,0,1,0,차대사람 - 횡단중,보행자보호의무위반,포장 - 젖음/습기,비,교차로 - 교차로부근,승용,남,42세,상해없음,보행자,남,76세,경상
24243,2020063000100540,2020년 6월 30일 21시,화요일,경기도 부천시 상동,경상사고,0,0,1,0,차대사람 - 기타,안전운전불이행,포장 - 건조,맑음,교차로 - 교차로안,승용,여,41세,상해없음,보행자,남,54세,경상
24244,2020063000100543,2020년 6월 30일 21시,화요일,경기도 안양시 만안구 안양동,경상사고,0,0,1,0,차대사람 - 기타,안전운전불이행,포장 - 젖음/습기,비,기타 - 기타,승용,남,48세,상해없음,보행자,여,48세,경상
24245,2020063000100546,2020년 6월 30일 21시,화요일,경기도 화성시 오산동,경상사고,0,0,1,0,차대사람 - 횡단중,안전운전불이행,포장 - 건조,흐림,교차로 - 교차로부근,승용,남,56세,상해없음,보행자,남,45세,경상
24246,2020063000100563,2020년 6월 30일 21시,화요일,경기도 의정부시 가능동,중상사고,0,1,0,0,차대사람 - 횡단중,보행자보호의무위반,포장 - 젖음/습기,비,교차로 - 교차로횡단보도내,이륜,남,19세,상해없음,보행자,남,37세,중상
24247,2020063000100603,2020년 6월 30일 23시,화요일,경기도 수원시 영통구 매탄동,경상사고,0,0,1,0,차대사람 - 기타,신호위반,포장 - 젖음/습기,비,교차로 - 교차로횡단보도내,이륜,남,58세,상해없음,보행자,남,49세,경상
24248,2020070100100018,2020년 7월 1일 01시,수요일,경기도 성남시 수정구 태평동,중상사고,0,1,0,0,차대사람 - 차도통행중,안전운전불이행,포장 - 젖음/습기,흐림,단일로 - 기타,화물,남,45세,상해없음,보행자,남,60세,중상
24249,2020070100100065,2020년 7월 1일 06시,수요일,경기도 성남시 분당구 삼평동,부상신고사고,0,0,0,1,차대사람 - 길가장자리구역통행중,안전운전불이행,포장 - 건조,기타,단일로 - 기타,기타불명,기타불명,미분류,기타불명,보행자,남,47세,부상신고
24250,2020070100100078,2020년 7월 1일 07시,수요일,경기도 용인시 기흥구 마북동,경상사고,0,0,1,0,차대사람 - 횡단중,신호위반,포장 - 건조,맑음,교차로 - 교차로안,기타불명,기타불명,미분류,기타불명,보행자,여,39세,경상
24251,2020070100100103,2020년 7월 1일 08시,수요일,경기도 안산시 단원구 원곡동,경상사고,0,0,1,0,차대사람 - 기타,신호위반,포장 - 건조,맑음,교차로 - 교차로안,이륜,남,29세,상해없음,보행자,남,61세,경상
24252,2020070100100237,2020년 7월 1일 12시,수요일,경기도 부천시 오정동,경상사고,0,0,1,0,차대사람 - 길가장자리구역통행중,안전운전불이행,포장 - 건조,맑음,단일로 - 기타,화물,남,61세,상해없음,보행자,여,43세,경상
24253,2020070100100314,2020년 7월 1일 15시,수요일,경기도 부천시 역곡동,경상사고,0,0,1,0,차대사람 - 기타,안전운전불이행,포장 - 건조,맑음,기타 - 기타,승용,남,54세,상해없음,보행자,여,67세,경상
24254,2020070100100315,2020년 7월 1일 15시,수요일,경기도 안산시 단원구 고잔동,경상사고,0,0,1,0,차대사람 - 기타,안전운전불이행,포장 - 건조,맑음,교차로 - 교차로횡단보도내,이륜,남,27세,상해없음,보행자,여,79세,경상
24255,2020070100100318,2020년 7월 1일 15시,수요일,경기도 수원시 권선구 금곡동,중상사고,0,1,0,0,차대사람 - 보도통행중,안전운전불이행,포장 - 건조,맑음,기타 - 기타,자전거,남,11세,상해없음,보행자,여,37세,중상
24256,2020070100100330,2020년 7월 1일 15시,수요일,경기도 고양시 덕양구 고양동,중상사고,0,1,0,0,차대사람 - 차도통행중,안전운전불이행,포장 - 건조,맑음,단일로 - 기타,승용,여,59세,상해없음,보행자,여,64세,중상
24257,2020070100100344,2020년 7월 1일 16시,수요일,경기도 용인시 처인구 이동읍,중상사고,0,1,0,0,차대사람 - 횡단중,안전운전불이행,포장 - 건조,맑음,기타 - 기타,승용,여,26세,상해없음,보행자,여,68세,중상
24258,2020070100100347,2020년 7월 1일 16시,수요일,경기도 의왕시 내손동,중상사고,0,1,0,0,차대사람 - 횡단중,신호위반,포장 - 건조,맑음,교차로 - 교차로안,이륜,남,28세,상해없음,보행자,남,미분류,중상
24259,2020070100100348,2020년 7월 1일 16시,수요일,경기도 하남시 덕풍동,경상사고,0,0,1,0,차대사람 - 기타,안전운전불이행,포장 - 건조,맑음,단일로 - 기타,승용,남,68세,상해없음,보행자,여,71세,경상
24260,2020070100100349,2020년 7월 1일 16시,수요일,경기도 하남시 신장동,경상사고,0,0,1,0,차대사람 - 기타,안전운전불이행,포장 - 건조,맑음,단일로 - 기타,승용,남,72세,상해없음,보행자,남,33세,경상
24261,2020070100100401,2020년 7월 1일 17시,수요일,경기도 파주시 야당동,경상사고,0,0,1,0,차대사람 - 기타,안전운전불이행,포장 - 건조,맑음,단일로 - 기타,이륜,남,58세,상해없음,보행자,여,24세,경상
24262,2020070100100424,2020년 7월 1일 18시,수요일,경기도 시흥시 매화동,경상사고,0,0,1,0,차대사람 - 기타,안전운전불이행,포장 - 건조,맑음,주차장 - 주차장,승용,남,25세,상해없음,보행자,남,10세,경상
24263,2020070100100499,2020년 7월 1일 20시,수요일,경기도 김포시 대곶면,사망사고,1,0,0,0,차대사람 - 횡단중,과속,포장 - 건조,맑음,단일로 - 기타,승용,남,58세,상해없음,보행자,여,85세,사망
24264,2020070100100500,2020년 7월 1일 20시,수요일,경기도 수원시 팔달구 인계동,경상사고,0,0,1,0,차대사람 - 길가장자리구역통행중,안전운전불이행,포장 - 건조,맑음,교차로 - 교차로부근,승용,남,67세,상해없음,보행자,여,19세,경상
24265,2020070100100503,2020년 7월 1일 20시,수요일,경기도 시흥시 정왕동,중상사고,0,1,0,0,차대사람 - 횡단중,중앙선침범,포장 - 건조,맑음,단일로 - 기타,화물,남,53세,상해없음,보행자,여,57세,중상
24266,2020070100100512,2020년 7월 1일 20시,수요일,경기도 고양시 일산동구 식사동,경상사고,0,0,1,0,차대사람 - 횡단중,안전운전불이행,포장 - 건조,맑음,교차로 - 교차로부근,화물,남,50세,상해없음,보행자,여,23세,경상
24267,2020070100100530,2020년 7월 1일 21시,수요일,경기도 김포시 통진읍,중상사고,0,1,1,0,차대사람 - 횡단중,보행자보호의무위반,포장 - 건조,맑음,교차로 - 교차로횡단보도내,승용,여,56세,상해없음,보행자,여,28세,중상
24268,2020070100100532,2020년 7월 1일 21시,수요일,경기도 안산시 단원구 고잔동,경상사고,0,0,1,0,차대사람 - 길가장자리구역통행중,안전운전불이행,포장 - 건조,맑음,단일로 - 기타,승용,여,41세,상해없음,보행자,여,58세,경상
24269,2020070100100586,2020년 7월 1일 23시,수요일,경기도 포천시 소흘읍,중상사고,0,1,0,0,차대사람 - 기타,안전운전불이행,포장 - 건조,맑음,단일로 - 기타,화물,남,40세,상해없음,보행자,남,37세,중상
24270,2020070200100005,2020년 7월 2일 00시,목요일,경기도 부천시 역곡동,중상사고,0,1,0,0,차대사람 - 기타,안전운전불이행,포장 - 건조,맑음,단일로 - 기타,승용,여,58세,기타불명,보행자,남,72세,중상
24271,2020070200100029,2020년 7월 2일 04시,목요일,경기도 성남시 분당구 서현동,중상사고,0,1,0,0,차대사람 - 횡단중,보행자보호의무위반,포장 - 건조,맑음,교차로 - 교차로안,승용,남,51세,상해없음,보행자,여,39세,중상
24272,2020070200100042,2020년 7월 2일 06시,목요일,경기도 이천시 사음동,중상사고,0,1,0,0,차대사람 - 길가장자리구역통행중,안전운전불이행,포장 - 건조,맑음,단일로 - 기타,승합,남,49세,상해없음,보행자,여,68세,중상
24273,2020070200100063,2020년 7월 2일 07시,목요일,경기도 여주시 현암동,중상사고,0,1,0,0,차대사람 - 기타,안전운전불이행,포장 - 건조,맑음,기타 - 기타,승용,남,76세,상해없음,보행자,남,69세,중상
24274,2020070200100065,2020년 7월 2일 07시,목요일,경기도 안산시 단원구 신길동,경상사고,0,0,1,0,차대사람 - 횡단중,신호위반,포장 - 건조,맑음,교차로 - 교차로횡단보도내,승용,남,61세,상해없음,보행자,여,25세,경상
24275,2020070200100067,2020년 7월 2일 07시,목요일,경기도 하남시 망월동,경상사고,0,0,1,0,차대사람 - 횡단중,안전운전불이행,포장 - 건조,맑음,교차로 - 교차로부근,승용,남,50세,상해없음,보행자,여,51세,경상
24276,2020070200100070,2020년 7월 2일 07시,목요일,경기도 화성시 반월동,경상사고,0,0,1,0,차대사람 - 횡단중,신호위반,포장 - 건조,맑음,단일로 - 기타,승용,여,44세,상해없음,보행자,여,30세,경상
24277,2020070200100101,2020년 7월 2일 08시,목요일,경기도 안산시 단원구 선부동,경상사고,0,0,1,0,차대사람 - 기타,안전운전불이행,포장 - 건조,맑음,기타 - 기타,이륜,남,28세,상해없음,보행자,여,50세,경상
24278,2020070200100134,2020년 7월 2일 09시,목요일,경기도 안양시 동안구 관양동,중상사고,0,1,0,0,차대사람 - 보도통행중,기타,포장 - 건조,맑음,단일로 - 기타,원동기,여,59세,상해없음,보행자,여,68세,중상
24279,2020070200100139,2020년 7월 2일 09시,목요일,경기도 용인시 기흥구 청덕동,경상사고,0,0,1,0,차대사람 - 기타,기타,포장 - 건조,맑음,기타 - 기타,승합,남,67세,상해없음,보행자,여,72세,경상
24280,2020070200100170,2020년 7월 2일 10시,목요일,경기도 수원시 장안구 연무동,중상사고,0,1,0,0,차대사람 - 기타,안전운전불이행,포장 - 건조,맑음,교차로 - 교차로안,승용,여,55세,상해없음,보행자,남,81세,중상
24281,2020070200100209,2020년 7월 2일 11시,목요일,경기도 용인시 수지구 죽전동,경상사고,0,0,1,0,차대사람 - 보도통행중,보행자보호의무위반,포장 - 건조,맑음,교차로 - 교차로횡단보도내,승용,여,78세,상해없음,보행자,남,33세,경상
24282,2020070200100210,2020년 7월 2일 11시,목요일,경기도 용인시 수지구 풍덕천동,중상사고,0,1,0,0,차대사람 - 기타,안전운전불이행,포장 - 건조,맑음,단일로 - 기타,승합,남,65세,상해없음,보행자,여,82세,중상
24283,2020070200100233,2020년 7월 2일 12시,목요일,경기도 수원시 장안구 정자동,경상사고,0,0,1,1,차대사람 - 횡단중,신호위반,포장 - 건조,맑음,교차로 - 교차로횡단보도내,승용,남,49세,상해없음,보행자,여,7세,경상
24284,2020070200100270,2020년 7월 2일 13시,목요일,경기도 평택시 평택동,경상사고,0,0,1,0,차대사람 - 기타,안전운전불이행,포장 - 건조,맑음,교차로 - 교차로안,승용,남,42세,상해없음,보행자,여,59세,경상
24285,2020070200100271,2020년 7월 2일 13시,목요일,경기도 안양시 동안구 호계동,경상사고,0,0,1,0,차대사람 - 횡단중,안전운전불이행,포장 - 건조,맑음,교차로 - 교차로안,승용,남,71세,상해없음,보행자,남,54세,경상
24286,2020070200100330,2020년 7월 2일 14시,목요일,경기도 고양시 일산서구 대화동,경상사고,0,0,1,0,차대사람 - 횡단중,신호위반,포장 - 건조,맑음,교차로 - 교차로횡단보도내,승용,남,84세,상해없음,보행자,남,14세,경상
24287,2020070200100336,2020년 7월 2일 15시,목요일,경기도 평택시 서정동,중상사고,0,1,0,0,차대사람 - 횡단중,보행자보호의무위반,포장 - 건조,맑음,교차로 - 교차로횡단보도내,승용,남,31세,상해없음,보행자,여,71세,중상
24288,2020070200100338,2020년 7월 2일 15시,목요일,경기도 광명시 광명동,경상사고,0,0,1,0,차대사람 - 기타,안전운전불이행,포장 - 건조,맑음,교차로 - 교차로안,승용,여,38세,상해없음,보행자,여,83세,경상
24289,2020070200100341,2020년 7월 2일 15시,목요일,경기도 화성시 봉담읍,중상사고,0,1,0,0,차대사람 - 횡단중,보행자보호의무위반,포장 - 건조,맑음,교차로 - 교차로안,화물,남,78세,상해없음,보행자,여,60세,중상
24290,2020070200100361,2020년 7월 2일 15시,목요일,경기도 고양시 덕양구 고양동,부상신고사고,0,0,0,1,차대사람 - 기타,기타,포장 - 건조,맑음,단일로 - 지하차도(도로)내,승용,남,54세,상해없음,보행자,여,23세,부상신고
24291,2020070200100383,2020년 7월 2일 16시,목요일,경기도 화성시 청계동,경상사고,0,0,1,0,차대사람 - 기타,안전운전불이행,포장 - 건조,맑음,기타 - 기타,자전거,남,9세,상해없음,보행자,여,44세,경상
24292,2020070200100405,2020년 7월 2일 16시,목요일,경기도 고양시 덕양구 행신동,중상사고,0,1,0,0,차대사람 - 기타,안전운전불이행,포장 - 건조,맑음,단일로 - 기타,화물,남,37세,상해없음,보행자,여,84세,중상
24293,2020070200100443,2020년 7월 2일 17시,목요일,경기도 의정부시 금오동,부상신고사고,0,0,0,1,차대사람 - 기타,안전운전불이행,포장 - 건조,맑음,단일로 - 기타,승용,여,47세,상해없음,보행자,남,17세,부상신고
24294,2020070200100444,2020년 7월 2일 17시,목요일,경기도 의정부시 호원동,사망사고,1,0,0,0,차대사람 - 차도통행중,안전운전불이행,포장 - 건조,맑음,교차로 - 교차로안,화물,남,62세,상해없음,보행자,여,79세,사망
24295,2020070200100462,2020년 7월 2일 18시,목요일,경기도 성남시 수정구 신흥동,경상사고,0,0,1,0,차대사람 - 횡단중,안전운전불이행,포장 - 건조,맑음,교차로 - 교차로안,화물,남,37세,상해없음,보행자,남,17세,경상
24296,2020070200100463,2020년 7월 2일 18시,목요일,경기도 성남시 수정구 신흥동,경상사고,0,0,1,0,차대사람 - 길가장자리구역통행중,신호위반,포장 - 건조,맑음,단일로 - 기타,기타불명,여,59세,상해없음,보행자,남,45세,경상
24297,2020070200100493,2020년 7월 2일 18시,목요일,경기도 고양시 일산동구 장항동,부상신고사고,0,0,0,1,차대사람 - 기타,안전운전불이행,포장 - 건조,맑음,기타 - 기타,자전거,남,48세,상해없음,보행자,남,66세,부상신고
24298,2020070200100501,2020년 7월 2일 19시,목요일,경기도 수원시 장안구 파장동,중상사고,0,1,0,0,차대사람 - 기타,안전운전불이행,포장 - 건조,맑음,단일로 - 기타,승용,여,62세,상해없음,보행자,남,13세,중상
24299,2020070200100505,2020년 7월 2일 19시,목요일,경기도 광명시 광명동,경상사고,0,0,1,0,차대사람 - 기타,안전운전불이행,포장 - 건조,맑음,교차로 - 교차로안,승용,여,45세,상해없음,보행자,여,27세,경상
24300,2020070200100547,2020년 7월 2일 20시,목요일,경기도 의정부시 금오동,중상사고,0,1,0,0,차대사람 - 기타,안전운전불이행,포장 - 건조,맑음,교차로 - 교차로부근,승용,여,42세,상해없음,보행자,남,39세,중상
24301,2020070200100548,2020년 7월 2일 20시,목요일,경기도 의정부시 낙양동,경상사고,0,0,1,0,차대사람 - 횡단중,신호위반,포장 - 건조,맑음,교차로 - 교차로횡단보도내,기타불명,기타불명,미분류,기타불명,보행자,여,28세,경상
24302,2020070200100560,2020년 7월 2일 21시,목요일,경기도 안산시 단원구 초지동,중상사고,0,1,0,0,차대사람 - 기타,안전운전불이행,포장 - 건조,맑음,단일로 - 기타,화물,남,61세,기타불명,보행자,남,19세,중상
24303,2020070200100575,2020년 7월 2일 21시,목요일,경기도 파주시 야동동,중상사고,0,1,0,0,차대사람 - 기타,안전운전불이행,포장 - 건조,맑음,기타 - 기타,승용,남,49세,상해없음,보행자,남,53세,중상
24304,2020070300100005,2020년 7월 3일 00시,금요일,경기도 부천시 중동,경상사고,0,0,1,0,차대사람 - 차도통행중,안전운전불이행,포장 - 건조,맑음,단일로 - 기타,승용,남,52세,상해없음,보행자,남,24세,경상
24305,2020070300100009,2020년 7월 3일 00시,금요일,경기도 화성시 반송동,경상사고,0,0,1,0,차대사람 - 기타,안전운전불이행,포장 - 건조,맑음,교차로 - 교차로부근,자전거,남,18세,기타불명,보행자,남,27세,경상
24306,2020070300100028,2020년 7월 3일 02시,금요일,경기도 수원시 팔달구 인계동,경상사고,0,0,1,0,차대사람 - 보도통행중,안전운전불이행,포장 - 건조,맑음,교차로 - 교차로안,승용,남,32세,상해없음,보행자,남,30세,경상
24307,2020070300100088,2020년 7월 3일 07시,금요일,경기도 광명시 철산동,중상사고,0,1,0,0,차대사람 - 횡단중,신호위반,포장 - 건조,맑음,교차로 - 교차로횡단보도내,화물,남,63세,상해없음,보행자,여,57세,중상
24308,2020070300100169,2020년 7월 3일 09시,금요일,경기도 의정부시 의정부동,부상신고사고,0,0,0,1,차대사람 - 기타,기타,포장 - 건조,맑음,기타 - 기타,승용,남,84세,기타불명,보행자,여,19세,부상신고
24309,2020070300100187,2020년 7월 3일 10시,금요일,경기도 부천시 심곡동,경상사고,0,0,1,0,차대사람 - 기타,안전운전불이행,포장 - 건조,맑음,단일로 - 기타,승용,남,62세,상해없음,보행자,남,35세,경상
24310,2020070300100208,2020년 7월 3일 11시,금요일,경기도 이천시 부발읍,경상사고,0,0,1,0,차대사람 - 횡단중,신호위반,포장 - 건조,맑음,교차로 - 교차로횡단보도내,승용,여,57세,상해없음,보행자,남,69세,경상