,사고번호,사고일시,요일,시군구,사고내용,사망자수,중상자수,경상자수,부상신고자수,사고유형,법규위반,노면상태,기상상태,도로형태,가해운전자 차종,가해운전자 성별,가해운전자 연령,가해운전자 상해정도,피해운전자 차종,피해운전자 성별,피해운전자 연령,피해운전자 상해정도
24311,2020070300100210,2020년 7월 3일 11시,금요일,경기도 수원시 영통구 매탄동,경상사고,0,0,1,0,차대사람 - 차도통행중,안전운전불이행,포장 - 건조,맑음,단일로 - 기타,승용,여,57세,상해없음,보행자,여,26세,경상
24312,2020070300100274,2020년 7월 3일 13시,금요일,경기도 하남시 신장동,경상사고,0,0,1,0,차대사람 - 기타,안전운전불이행,포장 - 건조,맑음,기타 - 기타,승용,남,60세,상해없음,보행자,여,12세,경상
24313,2020070300100307,2020년 7월 3일 14시,금요일,경기도 성남시 중원구 성남동,경상사고,0,0,1,0,차대사람 - 횡단중,신호위반,포장 - 건조,맑음,교차로 - 교차로횡단보도내,승용,남,70세,상해없음,보행자,남,63세,경상
24314,2020070300100343,2020년 7월 3일 15시,금요일,경기도 안산시 상록구 사동,사망사고,1,0,0,0,차대사람 - 횡단중,보행자보호의무위반,포장 - 건조,맑음,교차로 - 교차로횡단보도내,건설기계,남,59세,상해없음,보행자,여,26세,사망
24315,2020070300100374,2020년 7월 3일 16시,금요일,경기도 수원시 팔달구 지동,경상사고,0,0,1,0,차대사람 - 기타,안전운전불이행,포장 - 건조,맑음,단일로 - 기타,승합,남,76세,기타불명,보행자,남,24세,경상
24316,2020070300100404,2020년 7월 3일 16시,금요일,경기도 고양시 덕양구 행신동,경상사고,0,0,1,0,차대사람 - 기타,안전운전불이행,포장 - 건조,맑음,교차로 - 교차로부근,승용,여,50세,상해없음,보행자,여,60세,경상
24317,2020070300100427,2020년 7월 3일 17시,금요일,경기도 양평군 양평읍,중상사고,0,1,0,0,차대사람 - 기타,안전운전불이행,포장 - 건조,맑음,단일로 - 기타,승용,남,41세,상해없음,보행자,남,51세,중상
24318,2020070300100428,2020년 7월 3일 17시,금요일,경기도 부천시 중동,경상사고,0,0,1,0,차대사람 - 횡단중,신호위반,포장 - 건조,맑음,교차로 - 교차로안,승합,남,60세,상해없음,보행자,여,65세,경상
24319,2020070300100429,2020년 7월 3일 17시,금요일,경기도 안산시 단원구 원곡동,중상사고,0,1,0,0,차대사람 - 기타,안전운전불이행,포장 - 건조,맑음,단일로 - 기타,승용,남,73세,상해없음,보행자,남,61세,중상
24320,2020070300100431,2020년 7월 3일 17시,금요일,경기도 수원시 권선구 권선동,경상사고,0,0,1,0,차대사람 - 횡단중,보행자보호의무위반,포장 - 건조,맑음,교차로 - 교차로횡단보도내,승용,여,56세,상해없음,보행자,남,49세,경상
24321,2020070300100478,2020년 7월 3일 18시,금요일,경기도 성남시 중원구 성남동,경상사고,0,0,1,0,차대사람 - 길가장자리구역통행중,안전운전불이행,포장 - 건조,맑음,단일로 - 기타,승용,여,60세,기타불명,보행자,여,25세,경상
24322,2020070300100514,2020년 7월 3일 19시,금요일,경기도 광명시 광명동,경상사고,0,0,1,0,차대사람 - 길가장자리구역통행중,안전운전불이행,포장 - 건조,맑음,단일로 - 기타,승용,남,66세,상해없음,보행자,여,60세,경상
24323,2020070300100517,2020년 7월 3일 19시,금요일,경기도 시흥시 거모동,중상사고,0,1,0,0,차대사람 - 기타,안전운전불이행,포장 - 건조,맑음,단일로 - 기타,승용,여,61세,상해없음,보행자,여,10세,중상
24324,2020070300100591,2020년 7월 3일 21시,금요일,경기도 양평군 양평읍,중상사고,0,1,0,0,차대사람 - 기타,안전운전불이행,포장 - 건조,맑음,교차로 - 교차로안,승용,남,26세,상해없음,보행자,남,63세,중상
24325,2020070300100593,2020년 7월 3일 21시,금요일,경기도 화성시 서신면,경상사고,0,0,1,0,차대사람 - 차도통행중,교차로운행방법위반,포장 - 젖음/습기,비,교차로 - 교차로안,승용,남,71세,상해없음,보행자,남,61세,경상
24326,2020070300100694,2020년 7월 3일 23시,금요일,경기도 고양시 덕양구 화정동,중상사고,0,1,0,0,차대사람 - 차도통행중,안전운전불이행,포장 - 젖음/습기,흐림,단일로 - 기타,기타불명,기타불명,미분류,기타불명,보행자,여,24세,중상
24327,2020070400100012,2020년 7월 4일 00시,토요일,경기도 부천시 심곡본동,경상사고,0,0,1,0,차대사람 - 기타,기타,포장 - 기타,비,단일로 - 기타,승용,여,30세,상해없음,보행자,남,27세,경상
24328,2020070400100020,2020년 7월 4일 00시,토요일,경기도 수원시 팔달구 매산로2가,중상사고,0,1,0,0,차대사람 - 횡단중,안전운전불이행,포장 - 젖음/습기,흐림,단일로 - 기타,승용,남,46세,상해없음,보행자,남,25세,중상
24329,2020070400100051,2020년 7월 4일 01시,토요일,경기도 용인시 기흥구 보정동,중상사고,0,1,0,0,차대사람 - 기타,안전운전불이행,포장 - 젖음/습기,맑음,교차로 - 교차로부근,승용,남,61세,상해없음,보행자,남,25세,중상
24330,2020070400100072,2020년 7월 4일 02시,토요일,경기도 남양주시 와부읍,경상사고,0,0,1,0,차대사람 - 횡단중,안전운전불이행,포장 - 젖음/습기,비,단일로 - 기타,승용,남,49세,상해없음,보행자,남,27세,경상
24331,2020070400100089,2020년 7월 4일 04시,토요일,경기도 오산시 수청동,경상사고,0,0,1,0,차대사람 - 길가장자리구역통행중,안전운전불이행,포장 - 건조,맑음,단일로 - 기타,승용,여,44세,상해없음,보행자,여,28세,경상
24332,2020070400100090,2020년 7월 4일 04시,토요일,경기도 성남시 중원구 성남동,부상신고사고,0,0,0,1,차대사람 - 차도통행중,안전운전불이행,포장 - 건조,흐림,단일로 - 기타,승용,남,26세,상해없음,보행자,남,27세,부상신고
24333,2020070400100229,2020년 7월 4일 11시,토요일,경기도 부천시 고강동,경상사고,0,0,1,0,차대사람 - 기타,안전운전불이행,포장 - 건조,맑음,교차로 - 교차로안,승용,남,25세,상해없음,보행자,남,24세,경상
24334,2020070400100266,2020년 7월 4일 12시,토요일,경기도 수원시 팔달구 인계동,중상사고,0,1,0,0,차대사람 - 길가장자리구역통행중,기타,포장 - 건조,맑음,단일로 - 기타,승용,남,78세,상해없음,보행자,여,64세,중상
24335,2020070400100281,2020년 7월 4일 12시,토요일,경기도 남양주시 퇴계원면,경상사고,0,0,1,0,차대사람 - 보도통행중,기타,포장 - 건조,맑음,단일로 - 교량,자전거,여,62세,상해없음,보행자,여,39세,경상
24336,2020070400100283,2020년 7월 4일 12시,토요일,경기도 남양주시 퇴계원읍,중상사고,0,1,0,0,차대사람 - 횡단중,보행자보호의무위반,포장 - 건조,맑음,교차로 - 교차로횡단보도내,승용,여,58세,상해없음,보행자,여,20세,중상
24337,2020070400100285,2020년 7월 4일 12시,토요일,경기도 파주시 하지석동,중상사고,0,1,0,0,차대사람 - 차도통행중,안전운전불이행,포장 - 건조,맑음,주차장 - 주차장,승용,여,26세,상해없음,보행자,여,71세,중상
24338,2020070400100325,2020년 7월 4일 13시,토요일,경기도 고양시 일산동구 마두동,중상사고,0,1,0,0,차대사람 - 횡단중,안전운전불이행,포장 - 건조,맑음,교차로 - 교차로안,화물,남,61세,상해없음,보행자,남,25세,중상
24339,2020070400100376,2020년 7월 4일 15시,토요일,경기도 평택시 평택동,경상사고,0,0,1,0,차대사람 - 횡단중,중앙선침범,포장 - 건조,맑음,단일로 - 기타,이륜,남,17세,기타불명,보행자,남,14세,경상
24340,2020070400100448,2020년 7월 4일 17시,토요일,경기도 부천시 역곡동,중상사고,0,1,0,0,차대사람 - 기타,안전운전불이행,포장 - 건조,맑음,기타 - 기타,승용,남,69세,상해없음,보행자,여,62세,중상
24341,2020070400100480,2020년 7월 4일 17시,토요일,경기도 남양주시 진접읍,경상사고,0,0,1,0,차대사람 - 기타,안전운전불이행,포장 - 건조,맑음,교차로 - 교차로횡단보도내,승용,남,75세,상해없음,보행자,남,65세,경상
24342,2020070400100496,2020년 7월 4일 18시,토요일,경기도 수원시 장안구 정자동,부상신고사고,0,0,0,1,차대사람 - 기타,교차로운행방법위반,포장 - 건조,맑음,교차로 - 교차로안,승용,남,39세,상해없음,보행자,여,11세,부상신고
24343,2020070400100521,2020년 7월 4일 19시,토요일,경기도 수원시 장안구 조원동,경상사고,0,0,1,0,차대사람 - 횡단중,안전운전불이행,포장 - 건조,맑음,교차로 - 교차로안,승용,남,52세,상해없음,보행자,남,22세,경상
24344,2020070400100523,2020년 7월 4일 19시,토요일,경기도 부천시 역곡동,경상사고,0,0,1,0,차대사람 - 기타,안전운전불이행,포장 - 건조,맑음,교차로 - 교차로안,화물,남,62세,상해없음,보행자,여,75세,경상
24345,2020070400100524,2020년 7월 4일 19시,토요일,경기도 부천시 심곡동,경상사고,0,0,1,0,차대사람 - 기타,안전운전불이행,포장 - 건조,맑음,교차로 - 교차로안,이륜,남,27세,상해없음,보행자,여,30세,경상
24346,2020070400100525,2020년 7월 4일 19시,토요일,경기도 광명시 하안동,경상사고,0,0,1,0,차대사람 - 기타,안전운전불이행,포장 - 건조,맑음,기타 - 기타,승용,남,59세,상해없음,보행자,남,63세,경상
24347,2020070400100527,2020년 7월 4일 19시,토요일,경기도 시흥시 신천동,경상사고,0,0,1,0,차대사람 - 기타,보행자보호의무위반,포장 - 건조,맑음,교차로 - 교차로안,승용,남,61세,상해없음,보행자,남,7세,경상
24348,2020070400100638,2020년 7월 4일 23시,토요일,경기도 광주시 오포읍,경상사고,0,0,2,0,차대사람 - 차도통행중,안전운전불이행,포장 - 건조,맑음,교차로 - 교차로안,이륜,남,41세,경상,보행자,남,17세,경상
24349,2020070500100006,2020년 7월 5일 00시,일요일,경기도 수원시 팔달구 인계동,경상사고,0,0,1,0,차대사람 - 기타,안전운전불이행,포장 - 건조,맑음,단일로 - 기타,승용,남,60세,상해없음,보행자,여,25세,경상
24350,2020070500100023,2020년 7월 5일 00시,일요일,경기도 남양주시 호평동,부상신고사고,0,0,0,1,차대사람 - 차도통행중,기타,포장 - 젖음/습기,비,교차로 - 교차로안,승용,남,31세,상해없음,보행자,여,18세,부상신고
24351,2020070500100047,2020년 7월 5일 03시,일요일,경기도 평택시 장당동,경상사고,0,0,1,0,차대사람 - 기타,안전운전불이행,포장 - 건조,맑음,교차로 - 교차로부근,승용,남,30세,상해없음,보행자,남,26세,경상
24352,2020070500100081,2020년 7월 5일 06시,일요일,경기도 고양시 일산동구 장항동,중상사고,0,1,0,1,차대사람 - 횡단중,안전운전불이행,포장 - 건조,맑음,단일로 - 기타,자전거,남,42세,부상신고,보행자,여,82세,중상
24353,2020070500100108,2020년 7월 5일 09시,일요일,경기도 안산시 단원구 고잔동,경상사고,0,0,1,0,차대사람 - 기타,안전운전불이행,포장 - 건조,맑음,교차로 - 교차로안,승합,남,52세,상해없음,보행자,여,80세,경상
24354,2020070500100153,2020년 7월 5일 11시,일요일,경기도 고양시 일산동구 장항동,경상사고,0,0,1,0,차대사람 - 횡단중,신호위반,포장 - 건조,맑음,교차로 - 교차로횡단보도내,승용,여,44세,상해없음,보행자,여,7세,경상
24355,2020070500100192,2020년 7월 5일 13시,일요일,경기도 용인시 수지구 상현동,경상사고,0,0,1,0,차대사람 - 보도통행중,안전운전불이행,포장 - 건조,맑음,교차로 - 교차로횡단보도내,승용,남,78세,상해없음,보행자,여,78세,경상
24356,2020070500100210,2020년 7월 5일 13시,일요일,경기도 구리시 토평동,경상사고,0,0,1,0,차대사람 - 기타,안전운전불이행,포장 - 건조,맑음,교차로 - 교차로안,자전거,남,53세,상해없음,보행자,남,53세,경상
24357,2020070500100246,2020년 7월 5일 15시,일요일,경기도 화성시 서신면,경상사고,0,0,1,0,차대사람 - 기타,안전운전불이행,포장 - 건조,맑음,단일로 - 기타,승용,남,39세,상해없음,보행자,남,65세,경상
24358,2020070500100269,2020년 7월 5일 15시,일요일,경기도 고양시 일산동구 장항동,경상사고,0,0,1,0,차대사람 - 보도통행중,기타,포장 - 건조,맑음,단일로 - 기타,기타불명,기타불명,미분류,기타불명,보행자,여,27세,경상
24359,2020070500100333,2020년 7월 5일 17시,일요일,경기도 고양시 일산서구 대화동,경상사고,0,0,1,0,차대사람 - 기타,안전운전불이행,포장 - 건조,맑음,주차장 - 주차장,승용,남,55세,상해없음,보행자,여,36세,경상
24360,2020070500100337,2020년 7월 5일 18시,일요일,경기도 용인시 기흥구 보라동,부상신고사고,0,0,0,1,차대사람 - 기타,안전운전불이행,포장 - 건조,맑음,단일로 - 기타,기타불명,기타불명,미분류,기타불명,보행자,남,66세,부상신고
24361,2020070500100381,2020년 7월 5일 19시,일요일,경기도 의정부시 호원동,중상사고,0,1,0,0,차대사람 - 기타,안전운전불이행,포장 - 건조,맑음,단일로 - 기타,자전거,남,23세,상해없음,보행자,남,11세,중상
24362,2020070500100401,2020년 7월 5일 20시,일요일,경기도 가평군 북면,중상사고,0,1,0,0,차대사람 - 기타,기타,포장 - 건조,맑음,단일로 - 기타,승용,남,23세,상해없음,보행자,남,78세,중상
24363,2020070600100004,2020년 7월 6일 00시,월요일,경기도 여주시 홍문동,중상사고,0,1,0,0,차대사람 - 차도통행중,안전운전불이행,포장 - 건조,맑음,단일로 - 기타,승용,남,59세,상해없음,보행자,여,20세,중상
24364,2020070600100006,2020년 7월 6일 00시,월요일,경기도 군포시 금정동,경상사고,0,0,1,0,차대사람 - 횡단중,안전운전불이행,포장 - 건조,맑음,교차로 - 교차로안,승용,남,49세,상해없음,보행자,남,52세,경상
24365,2020070600100016,2020년 7월 6일 02시,월요일,경기도 군포시 금정동,부상신고사고,0,0,0,1,차대사람 - 길가장자리구역통행중,안전운전불이행,포장 - 건조,맑음,단일로 - 기타,기타불명,기타불명,미분류,기타불명,보행자,남,45세,부상신고
24366,2020070600100091,2020년 7월 6일 08시,월요일,경기도 안산시 상록구 부곡동,경상사고,0,0,1,0,차대사람 - 기타,안전운전불이행,포장 - 건조,맑음,단일로 - 기타,승합,남,42세,상해없음,보행자,여,42세,경상
24367,2020070600100162,2020년 7월 6일 10시,월요일,경기도 오산시 오산동,중상사고,0,1,0,0,차대사람 - 횡단중,교차로운행방법위반,포장 - 건조,맑음,교차로 - 교차로부근,화물,남,57세,상해없음,보행자,남,84세,중상
24368,2020070600100192,2020년 7월 6일 11시,월요일,경기도 시흥시 정왕동,경상사고,0,0,1,0,차대사람 - 기타,안전운전불이행,포장 - 건조,맑음,기타 - 기타,화물,남,67세,상해없음,보행자,남,34세,경상
24369,2020070600100266,2020년 7월 6일 13시,월요일,경기도 용인시 기흥구 영덕동,경상사고,0,0,1,0,차대사람 - 기타,안전운전불이행,포장 - 건조,맑음,단일로 - 기타,승용,남,61세,상해없음,보행자,여,27세,경상
24370,2020070600100327,2020년 7월 6일 14시,월요일,경기도 고양시 덕양구 화정동,중상사고,0,1,0,0,차대사람 - 횡단중,신호위반,포장 - 건조,맑음,교차로 - 교차로횡단보도내,화물,남,65세,상해없음,보행자,여,78세,중상
24371,2020070600100359,2020년 7월 6일 15시,월요일,경기도 남양주시 화도읍,경상사고,0,0,1,0,차대사람 - 기타,안전운전불이행,포장 - 건조,맑음,단일로 - 기타,화물,남,61세,상해없음,보행자,남,18세,경상
24372,2020070600100402,2020년 7월 6일 17시,월요일,경기도 성남시 중원구 상대원동,경상사고,0,0,1,0,차대사람 - 기타,안전운전불이행,포장 - 건조,맑음,단일로 - 기타,승용,남,58세,상해없음,보행자,여,82세,경상
24373,2020070600100406,2020년 7월 6일 17시,월요일,경기도 화성시 병점동,경상사고,0,0,1,0,차대사람 - 횡단중,신호위반,포장 - 건조,맑음,교차로 - 교차로안,승용,남,49세,상해없음,보행자,여,17세,경상
24374,2020070600100444,2020년 7월 6일 18시,월요일,경기도 안양시 동안구 호계동,중상사고,0,1,0,0,차대사람 - 보도통행중,기타,포장 - 건조,맑음,단일로 - 기타,이륜,남,34세,상해없음,보행자,남,29세,중상
24375,2020070600100505,2020년 7월 6일 20시,월요일,경기도 수원시 장안구 천천동,경상사고,0,0,1,0,차대사람 - 기타,보행자보호의무위반,포장 - 건조,맑음,교차로 - 교차로횡단보도내,화물,남,32세,상해없음,보행자,남,22세,경상
24376,2020070600100536,2020년 7월 6일 21시,월요일,경기도 부천시 중동,경상사고,0,0,2,0,차대사람 - 횡단중,안전운전불이행,포장 - 건조,맑음,단일로 - 기타,승용,남,61세,상해없음,보행자,남,59세,경상
24377,2020070600100538,2020년 7월 6일 21시,월요일,경기도 수원시 영통구 망포동,부상신고사고,0,0,0,1,차대사람 - 기타,안전운전불이행,포장 - 건조,맑음,단일로 - 기타,자전거,기타불명,미분류,기타불명,보행자,남,24세,부상신고
24378,2020070600100583,2020년 7월 6일 23시,월요일,경기도 양주시 마전동,사망사고,1,0,0,0,차대사람 - 차도통행중,과속,포장 - 건조,맑음,단일로 - 기타,승용,남,45세,상해없음,보행자,남,54세,사망
24379,2020070700100017,2020년 7월 7일 01시,화요일,경기도 수원시 팔달구 인계동,경상사고,0,0,1,0,차대사람 - 길가장자리구역통행중,안전운전불이행,포장 - 건조,맑음,단일로 - 기타,승용,남,36세,상해없음,보행자,남,44세,경상
24380,2020070700100027,2020년 7월 7일 03시,화요일,경기도 안산시 단원구 고잔동,중상사고,0,1,0,0,차대사람 - 횡단중,과속,포장 - 건조,맑음,교차로 - 교차로부근,승용,남,43세,상해없음,보행자,여,22세,중상
24381,2020070700100036,2020년 7월 7일 05시,화요일,경기도 평택시 서정동,중상사고,0,1,0,0,차대사람 - 기타,안전운전불이행,포장 - 건조,맑음,단일로 - 기타,승합,남,51세,상해없음,보행자,남,50세,중상
24382,2020070700100085,2020년 7월 7일 07시,화요일,경기도 고양시 일산서구 대화동,중상사고,0,1,0,0,차대사람 - 기타,기타,포장 - 건조,맑음,단일로 - 기타,승합,남,57세,기타불명,보행자,여,58세,중상
24383,2020070700100099,2020년 7월 7일 08시,화요일,경기도 부천시 도당동,경상사고,0,0,1,0,차대사람 - 기타,안전운전불이행,포장 - 건조,맑음,단일로 - 기타,승용,남,74세,상해없음,보행자,여,82세,경상
24384,2020070700100100,2020년 7월 7일 08시,화요일,경기도 부천시 원미동,경상사고,0,0,1,0,차대사람 - 기타,안전운전불이행,포장 - 건조,맑음,단일로 - 기타,개인형이동수단(PM),남,25세,상해없음,보행자,여,22세,경상
24385,2020070700100101,2020년 7월 7일 08시,화요일,경기도 광명시 하안동,경상사고,0,0,1,0,차대사람 - 기타,안전운전불이행,포장 - 건조,맑음,교차로 - 교차로부근,개인형이동수단(PM),남,38세,상해없음,보행자,남,15세,경상
24386,2020070700100175,2020년 7월 7일 10시,화요일,경기도 의정부시 호원동,사망사고,1,0,0,0,차대사람 - 횡단중,안전운전불이행,포장 - 건조,맑음,교차로 - 교차로부근,승용,여,38세,상해없음,보행자,여,89세,사망
24387,2020070700100182,2020년 7월 7일 11시,화요일,경기도 평택시 서정동,경상사고,0,0,1,0,차대사람 - 기타,안전운전불이행,포장 - 건조,맑음,단일로 - 기타,승용,여,51세,상해없음,보행자,남,10세,경상
24388,2020070700100183,2020년 7월 7일 11시,화요일,경기도 광주시 쌍령동,경상사고,0,0,1,0,차대사람 - 기타,안전운전불이행,포장 - 건조,맑음,기타 - 기타,승용,남,64세,상해없음,보행자,남,51세,경상
24389,2020070700100185,2020년 7월 7일 11시,화요일,경기도 안산시 단원구 원곡동,중상사고,0,1,0,0,차대사람 - 기타,안전운전불이행,포장 - 건조,맑음,주차장 - 주차장,승합,남,56세,상해없음,보행자,여,76세,중상
24390,2020070700100217,2020년 7월 7일 12시,화요일,경기도 부천시 심곡동,경상사고,0,0,1,0,차대사람 - 기타,안전운전불이행,포장 - 건조,맑음,단일로 - 기타,승용,남,45세,상해없음,보행자,여,85세,경상
24391,2020070700100244,2020년 7월 7일 13시,화요일,경기도 수원시 팔달구 우만동,중상사고,0,1,0,0,차대사람 - 차도통행중,안전운전불이행,포장 - 건조,맑음,교차로 - 교차로안,승용,남,79세,상해없음,보행자,여,67세,중상
24392,2020070700100352,2020년 7월 7일 16시,화요일,경기도 부천시 괴안동,중상사고,0,1,0,0,차대사람 - 차도통행중,안전운전불이행,포장 - 건조,맑음,교차로 - 교차로부근,화물,남,50세,상해없음,보행자,여,54세,중상
24393,2020070700100353,2020년 7월 7일 16시,화요일,경기도 성남시 분당구 이매동,경상사고,0,0,1,0,차대사람 - 기타,안전운전불이행,포장 - 건조,맑음,기타 - 기타,자전거,남,63세,상해없음,보행자,여,52세,경상
24394,2020070700100389,2020년 7월 7일 17시,화요일,경기도 수원시 권선구 고색동,경상사고,0,0,1,0,차대사람 - 기타,기타,포장 - 건조,맑음,교차로 - 교차로안,이륜,남,17세,상해없음,보행자,남,8세,경상
24395,2020070700100419,2020년 7월 7일 17시,화요일,경기도 남양주시 평내동,경상사고,0,0,1,0,차대사람 - 기타,안전운전불이행,포장 - 건조,맑음,교차로 - 교차로안,승용,여,53세,상해없음,보행자,여,5세,경상
24396,2020070700100422,2020년 7월 7일 17시,화요일,경기도 가평군 가평읍,경상사고,0,0,1,0,차대사람 - 기타,안전운전불이행,포장 - 건조,맑음,주차장 - 주차장,승용,남,23세,상해없음,보행자,여,19세,경상
24397,2020070700100423,2020년 7월 7일 17시,화요일,경기도 고양시 일산서구 일산동,경상사고,0,0,1,0,차대사람 - 횡단중,기타,포장 - 건조,맑음,단일로 - 기타,이륜,남,26세,상해없음,보행자,남,9세,경상
24398,2020070700100437,2020년 7월 7일 18시,화요일,경기도 안성시 옥산동,중상사고,0,2,0,0,차대사람 - 기타,기타,포장 - 건조,맑음,기타 - 기타,승용,남,40세,상해없음,보행자,남,41세,중상
24399,2020070700100438,2020년 7월 7일 18시,화요일,경기도 안양시 동안구 호계동,중상사고,0,1,0,0,차대사람 - 기타,안전운전불이행,포장 - 건조,맑음,교차로 - 교차로안,화물,남,42세,상해없음,보행자,남,65세,중상
24400,2020070700100443,2020년 7월 7일 18시,화요일,경기도 부천시 중동,중상사고,0,1,0,0,차대사람 - 길가장자리구역통행중,안전운전불이행,포장 - 건조,맑음,단일로 - 기타,승용,남,56세,상해없음,보행자,남,82세,중상
24401,2020070700100489,2020년 7월 7일 19시,화요일,경기도 오산시 원동,경상사고,0,0,2,0,차대사람 - 기타,안전운전불이행,포장 - 건조,맑음,교차로 - 교차로횡단보도내,이륜,남,34세,경상,보행자,여,52세,경상
24402,2020070700100519,2020년 7월 7일 20시,화요일,경기도 김포시 사우동,중상사고,0,1,0,0,차대사람 - 횡단중,보행자보호의무위반,포장 - 건조,맑음,교차로 - 교차로부근,이륜,남,53세,상해없음,보행자,남,72세,중상
24403,2020070700100520,2020년 7월 7일 20시,화요일,경기도 부천시 원미동,중상사고,0,1,0,0,차대사람 - 길가장자리구역통행중,안전운전불이행,포장 - 건조,맑음,단일로 - 기타,화물,남,52세,상해없음,보행자,남,50세,중상
24404,2020070700100521,2020년 7월 7일 20시,화요일,경기도 수원시 영통구 이의동,중상사고,0,1,0,0,차대사람 - 차도통행중,안전운전불이행,포장 - 건조,맑음,교차로 - 교차로안,이륜,남,24세,상해없음,보행자,남,13세,중상
24405,2020070700100546,2020년 7월 7일 21시,화요일,경기도 용인시 처인구 마평동,경상사고,0,0,1,0,차대사람 - 횡단중,신호위반,포장 - 건조,맑음,교차로 - 교차로횡단보도내,승합,남,37세,상해없음,보행자,남,50세,경상
24406,2020070700100562,2020년 7월 7일 22시,화요일,경기도 안양시 동안구 관양동,중상사고,0,1,0,0,차대사람 - 횡단중,안전운전불이행,포장 - 건조,흐림,단일로 - 기타,승용,남,45세,상해없음,보행자,남,59세,중상
24407,2020070700100563,2020년 7월 7일 22시,화요일,경기도 부천시 송내동,중상사고,0,1,0,0,차대사람 - 횡단중,안전운전불이행,포장 - 건조,맑음,교차로 - 교차로부근,승용,남,31세,상해없음,보행자,여,69세,중상
24408,2020070800100097,2020년 7월 8일 08시,수요일,경기도 광명시 철산동,경상사고,0,0,1,0,차대사람 - 기타,안전운전불이행,포장 - 건조,맑음,교차로 - 교차로부근,승용,남,55세,상해없음,보행자,여,30세,경상
24409,2020070800100132,2020년 7월 8일 09시,수요일,경기도 용인시 처인구 포곡읍,경상사고,0,0,1,0,차대사람 - 기타,안전운전불이행,포장 - 건조,맑음,교차로 - 교차로부근,승합,남,25세,상해없음,보행자,남,54세,경상
24410,2020070800100162,2020년 7월 8일 10시,수요일,경기도 여주시 홍문동,경상사고,0,0,1,0,차대사람 - 횡단중,안전운전불이행,포장 - 건조,맑음,교차로 - 교차로부근,승용,남,63세,상해없음,보행자,남,82세,경상
24411,2020070800100231,2020년 7월 8일 12시,수요일,경기도 광주시 오포읍,경상사고,0,0,1,0,차대사람 - 기타,안전운전불이행,포장 - 건조,맑음,기타 - 기타,승용,남,47세,상해없음,보행자,남,66세,경상
24412,2020070800100232,2020년 7월 8일 12시,수요일,경기도 광주시 역동,경상사고,0,0,1,0,차대사람 - 기타,안전운전불이행,포장 - 건조,맑음,단일로 - 기타,승용,남,58세,기타불명,보행자,여,62세,경상
24413,2020070800100237,2020년 7월 8일 12시,수요일,경기도 부천시 내동,중상사고,0,1,0,0,차대사람 - 기타,기타,포장 - 건조,맑음,기타 - 기타,원동기,남,45세,상해없음,보행자,여,48세,중상
24414,2020070800100262,2020년 7월 8일 13시,수요일,경기도 김포시 감정동,중상사고,0,1,0,0,차대사람 - 횡단중,보행자보호의무위반,포장 - 건조,맑음,교차로 - 교차로횡단보도내,화물,남,62세,상해없음,보행자,여,65세,중상
24415,2020070800100297,2020년 7월 8일 14시,수요일,경기도 평택시 용이동,중상사고,0,1,0,0,차대사람 - 횡단중,신호위반,포장 - 건조,맑음,교차로 - 교차로부근,이륜,남,33세,상해없음,보행자,남,6세,중상
24416,2020070800100300,2020년 7월 8일 14시,수요일,경기도 성남시 중원구 중앙동,중상사고,0,1,1,0,차대사람 - 횡단중,안전운전불이행,포장 - 건조,맑음,교차로 - 교차로횡단보도내,승합,남,68세,상해없음,보행자,여,15세,중상
24417,2020070800100322,2020년 7월 8일 14시,수요일,경기도 의정부시 용현동,중상사고,0,1,0,0,차대사람 - 횡단중,보행자보호의무위반,포장 - 건조,맑음,교차로 - 교차로안,화물,남,43세,상해없음,보행자,남,74세,중상
24418,2020070800100330,2020년 7월 8일 15시,수요일,경기도 수원시 장안구 율전동,중상사고,0,1,0,0,차대사람 - 기타,안전운전불이행,포장 - 건조,맑음,단일로 - 기타,승용,여,60세,상해없음,보행자,여,50세,중상
24419,2020070800100382,2020년 7월 8일 16시,수요일,경기도 시흥시 은행동,경상사고,0,0,1,0,차대사람 - 횡단중,보행자보호의무위반,포장 - 건조,맑음,교차로 - 교차로횡단보도내,승용,여,38세,상해없음,보행자,남,7세,경상
24420,2020070800100417,2020년 7월 8일 17시,수요일,경기도 성남시 수정구 양지동,경상사고,0,0,1,0,차대사람 - 횡단중,안전운전불이행,포장 - 건조,맑음,교차로 - 교차로부근,승용,남,60세,상해없음,보행자,남,9세,경상
24421,2020070800100420,2020년 7월 8일 17시,수요일,경기도 용인시 기흥구 영덕동,중상사고,0,1,0,0,차대사람 - 기타,기타,포장 - 건조,맑음,단일로 - 기타,승합,남,60세,상해없음,보행자,여,51세,중상
24422,2020070800100465,2020년 7월 8일 18시,수요일,경기도 안양시 동안구 평촌동,중상사고,0,1,1,0,차대사람 - 횡단중,안전운전불이행,포장 - 건조,맑음,단일로 - 기타,자전거,남,17세,중상,보행자,남,8세,경상
24423,2020070800100509,2020년 7월 8일 18시,수요일,경기도 고양시 일산서구 가좌동,경상사고,0,0,1,0,차대사람 - 횡단중,신호위반,포장 - 건조,맑음,교차로 - 교차로안,승용,남,50세,상해없음,보행자,여,7세,경상