,사고번호,사고일시,요일,시군구,사고내용,사망자수,중상자수,경상자수,부상신고자수,사고유형,법규위반,노면상태,기상상태,도로형태,가해운전자 차종,가해운전자 성별,가해운전자 연령,가해운전자 상해정도,피해운전자 차종,피해운전자 성별,피해운전자 연령,피해운전자 상해정도
24651,2020071800100422,2020년 7월 18일 17시,토요일,경기도 성남시 수정구 태평동,경상사고,0,0,1,0,차대사람 - 기타,안전운전불이행,포장 - 건조,맑음,단일로 - 기타,승용,남,44세,상해없음,보행자,여,55세,경상
24652,2020071800100425,2020년 7월 18일 17시,토요일,경기도 평택시 용이동,부상신고사고,0,0,0,1,차대사람 - 기타,안전운전불이행,포장 - 건조,맑음,기타 - 기타,기타불명,기타불명,미분류,기타불명,보행자,여,7세,부상신고
24653,2020071800100430,2020년 7월 18일 17시,토요일,경기도 군포시 산본동,중상사고,0,1,0,0,차대사람 - 기타,안전운전불이행,포장 - 건조,맑음,교차로 - 교차로부근,승용,남,55세,상해없음,보행자,남,54세,중상
24654,2020071800100486,2020년 7월 18일 18시,토요일,경기도 남양주시 화도읍,경상사고,0,0,1,0,차대사람 - 차도통행중,안전운전불이행,포장 - 건조,맑음,기타 - 기타,승용,여,30세,상해없음,보행자,여,65세,경상
24655,2020071800100592,2020년 7월 18일 22시,토요일,경기도 부천시 역곡동,경상사고,0,0,1,1,차대사람 - 보도통행중,보행자보호의무위반,포장 - 건조,맑음,단일로 - 기타,승용,남,37세,상해없음,보행자,여,46세,경상
24656,2020071900100024,2020년 7월 19일 01시,일요일,경기도 부천시 중동,경상사고,0,0,1,0,차대사람 - 기타,안전운전불이행,포장 - 건조,맑음,기타 - 기타,이륜,남,18세,상해없음,보행자,남,24세,경상
24657,2020071900100025,2020년 7월 19일 01시,일요일,경기도 시흥시 정왕동,중상사고,0,1,0,0,차대사람 - 차도통행중,안전운전불이행,포장 - 건조,맑음,단일로 - 기타,승용,남,63세,상해없음,보행자,여,26세,중상
24658,2020071900100065,2020년 7월 19일 04시,일요일,경기도 의정부시 의정부동,경상사고,0,0,1,0,차대사람 - 기타,안전운전불이행,포장 - 건조,맑음,단일로 - 기타,승용,여,37세,상해없음,보행자,여,50세,경상
24659,2020071900100078,2020년 7월 19일 06시,일요일,경기도 안산시 단원구 고잔동,중상사고,0,1,0,0,차대사람 - 기타,안전운전불이행,포장 - 건조,맑음,단일로 - 기타,기타불명,기타불명,미분류,기타불명,보행자,남,70세,중상
24660,2020071900100093,2020년 7월 19일 08시,일요일,경기도 안양시 동안구 관양동,중상사고,0,1,0,0,차대사람 - 기타,안전운전불이행,포장 - 젖음/습기,비,단일로 - 기타,승합,남,63세,상해없음,보행자,여,62세,중상
24661,2020071900100109,2020년 7월 19일 09시,일요일,경기도 고양시 일산동구 정발산동,중상사고,0,1,0,0,차대사람 - 횡단중,기타,포장 - 젖음/습기,비,교차로 - 교차로안,승용,여,60세,상해없음,보행자,남,53세,중상
24662,2020071900100130,2020년 7월 19일 11시,일요일,경기도 수원시 팔달구 화서동,경상사고,0,0,1,0,차대사람 - 기타,안전운전불이행,포장 - 건조,맑음,단일로 - 기타,승용,남,56세,상해없음,보행자,남,31세,경상
24663,2020071900100133,2020년 7월 19일 11시,일요일,경기도 안산시 상록구 본오동,경상사고,0,0,1,0,차대사람 - 횡단중,안전운전불이행,포장 - 건조,맑음,교차로 - 교차로안,승용,남,65세,상해없음,보행자,남,64세,경상
24664,2020071900100152,2020년 7월 19일 12시,일요일,경기도 평택시 동삭동,경상사고,0,0,1,0,차대사람 - 기타,안전운전불이행,포장 - 건조,맑음,단일로 - 기타,승용,남,26세,상해없음,보행자,남,73세,경상
24665,2020071900100155,2020년 7월 19일 12시,일요일,경기도 안산시 단원구 선부동,경상사고,0,0,1,0,차대사람 - 횡단중,보행자보호의무위반,포장 - 건조,맑음,교차로 - 교차로부근,화물,남,64세,상해없음,보행자,남,44세,경상
24666,2020071900100179,2020년 7월 19일 13시,일요일,경기도 용인시 기흥구 중동,경상사고,0,0,2,0,차대사람 - 횡단중,보행자보호의무위반,포장 - 건조,흐림,교차로 - 교차로안,이륜,남,54세,경상,보행자,여,26세,경상
24667,2020071900100202,2020년 7월 19일 14시,일요일,경기도 평택시 지산동,중상사고,0,1,0,0,차대사람 - 횡단중,안전운전불이행,포장 - 건조,맑음,단일로 - 기타,승용,남,39세,상해없음,보행자,여,49세,중상
24668,2020071900100279,2020년 7월 19일 17시,일요일,경기도 안산시 단원구 원곡동,부상신고사고,0,0,0,1,차대사람 - 기타,안전운전불이행,포장 - 건조,맑음,단일로 - 기타,승용,남,49세,상해없음,보행자,남,48세,부상신고
24669,2020071900100339,2020년 7월 19일 19시,일요일,경기도 용인시 기흥구 서천동,중상사고,0,1,0,0,차대사람 - 횡단중,신호위반,포장 - 건조,흐림,교차로 - 교차로횡단보도내,이륜,남,28세,상해없음,보행자,남,42세,중상
24670,2020071900100343,2020년 7월 19일 19시,일요일,경기도 안산시 상록구 일동,경상사고,0,0,1,0,차대사람 - 기타,안전운전불이행,포장 - 건조,맑음,단일로 - 기타,승용,남,69세,상해없음,보행자,남,4세,경상
24671,2020071900100369,2020년 7월 19일 20시,일요일,경기도 안산시 상록구 사동,중상사고,0,1,0,0,차대사람 - 횡단중,신호위반,포장 - 건조,흐림,교차로 - 교차로횡단보도내,이륜,남,42세,상해없음,보행자,여,26세,중상
24672,2020071900100408,2020년 7월 19일 22시,일요일,경기도 부천시 심곡본동,부상신고사고,0,0,0,1,차대사람 - 기타,기타,포장 - 건조,맑음,단일로 - 기타,승합,남,54세,상해없음,보행자,여,62세,부상신고
24673,2020071900100418,2020년 7월 19일 22시,일요일,경기도 파주시 아동동,경상사고,0,0,1,0,차대사람 - 기타,안전운전불이행,포장 - 건조,맑음,단일로 - 기타,이륜,남,18세,상해없음,보행자,남,60세,경상
24674,2020072000100009,2020년 7월 20일 00시,월요일,경기도 안양시 만안구 안양동,중상사고,0,1,0,0,차대사람 - 횡단중,안전운전불이행,포장 - 젖음/습기,흐림,단일로 - 기타,이륜,남,17세,상해없음,보행자,여,27세,중상
24675,2020072000100014,2020년 7월 20일 01시,월요일,경기도 성남시 중원구 성남동,중상사고,0,1,0,0,차대사람 - 기타,안전운전불이행,포장 - 건조,맑음,교차로 - 교차로부근,승용,여,23세,상해없음,보행자,남,51세,중상
24676,2020072000100021,2020년 7월 20일 02시,월요일,경기도 부천시 원미동,경상사고,0,0,1,1,차대사람 - 횡단중,안전운전불이행,포장 - 젖음/습기,비,단일로 - 기타,이륜,남,18세,상해없음,보행자,여,18세,경상
24677,2020072000100027,2020년 7월 20일 03시,월요일,경기도 안산시 단원구 선부동,경상사고,0,0,1,0,차대사람 - 기타,안전운전불이행,포장 - 건조,맑음,단일로 - 기타,승용,여,26세,상해없음,보행자,남,20세,경상
24678,2020072000100028,2020년 7월 20일 03시,월요일,경기도 수원시 영통구 원천동,부상신고사고,0,0,0,1,차대사람 - 횡단중,안전운전불이행,포장 - 젖음/습기,비,교차로 - 교차로부근,승용,남,60세,상해없음,보행자,남,46세,부상신고
24679,2020072000100035,2020년 7월 20일 05시,월요일,경기도 수원시 장안구 파장동,중상사고,0,2,1,0,차대사람 - 횡단중,신호위반,포장 - 건조,맑음,교차로 - 교차로횡단보도내,승용,남,64세,상해없음,보행자,여,71세,중상
24680,2020072000100056,2020년 7월 20일 07시,월요일,경기도 평택시 지산동,경상사고,0,0,1,0,차대사람 - 길가장자리구역통행중,안전운전불이행,포장 - 건조,맑음,기타 - 기타,이륜,남,81세,상해없음,보행자,여,58세,경상
24681,2020072000100072,2020년 7월 20일 07시,월요일,경기도 고양시 덕양구 행신동,중상사고,0,1,0,0,차대사람 - 횡단중,보행자보호의무위반,포장 - 건조,맑음,교차로 - 교차로안,화물,남,53세,상해없음,보행자,남,57세,중상
24682,2020072000100082,2020년 7월 20일 08시,월요일,경기도 안양시 동안구 비산동,경상사고,0,0,1,0,차대사람 - 기타,보행자보호의무위반,포장 - 젖음/습기,비,교차로 - 교차로횡단보도내,승용,여,50세,상해없음,보행자,여,52세,경상
24683,2020072000100086,2020년 7월 20일 08시,월요일,경기도 용인시 기흥구 중동,중상사고,0,1,0,0,차대사람 - 보도통행중,기타,포장 - 건조,맑음,단일로 - 기타,승용,여,40세,상해없음,보행자,여,28세,중상
24684,2020072000100087,2020년 7월 20일 08시,월요일,경기도 오산시 궐동,중상사고,0,1,0,0,차대사람 - 기타,안전운전불이행,포장 - 건조,맑음,교차로 - 교차로안,화물,남,37세,상해없음,보행자,여,17세,중상
24685,2020072000100121,2020년 7월 20일 08시,월요일,경기도 구리시 수택동,경상사고,0,0,1,0,차대사람 - 차도통행중,안전운전불이행,포장 - 젖음/습기,비,교차로 - 교차로부근,승용,여,45세,상해없음,보행자,여,29세,경상
24686,2020072000100149,2020년 7월 20일 09시,월요일,경기도 의정부시 의정부동,사망사고,1,0,0,0,차대사람 - 기타,안전운전불이행,포장 - 젖음/습기,비,교차로 - 교차로부근,승합,여,46세,상해없음,보행자,여,78세,사망
24687,2020072000100150,2020년 7월 20일 09시,월요일,경기도 고양시 덕양구 화정동,중상사고,0,1,0,0,차대사람 - 기타,안전운전불이행,포장 - 젖음/습기,비,단일로 - 기타,기타불명,기타불명,미분류,기타불명,보행자,여,60세,중상
24688,2020072000100163,2020년 7월 20일 10시,월요일,경기도 성남시 중원구 성남동,중상사고,0,1,0,0,차대사람 - 기타,안전운전불이행,포장 - 젖음/습기,비,교차로 - 교차로횡단보도내,화물,남,40세,상해없음,보행자,여,72세,중상
24689,2020072000100185,2020년 7월 20일 11시,월요일,경기도 오산시 오산동,부상신고사고,0,0,0,1,차대사람 - 횡단중,안전운전불이행,포장 - 건조,맑음,기타 - 기타,승용,남,65세,상해없음,보행자,여,60세,부상신고
24690,2020072000100219,2020년 7월 20일 12시,월요일,경기도 안산시 상록구 부곡동,부상신고사고,0,0,0,1,차대사람 - 횡단중,안전운전불이행,포장 - 건조,맑음,교차로 - 교차로횡단보도내,기타불명,기타불명,미분류,기타불명,보행자,여,67세,부상신고
24691,2020072000100340,2020년 7월 20일 16시,월요일,경기도 수원시 팔달구 남수동,경상사고,0,0,1,0,차대사람 - 기타,보행자보호의무위반,포장 - 건조,맑음,단일로 - 기타,승용,남,63세,상해없음,보행자,남,32세,경상
24692,2020072000100342,2020년 7월 20일 16시,월요일,경기도 시흥시 정왕동,경상사고,0,0,1,0,차대사람 - 횡단중,안전운전불이행,포장 - 건조,맑음,교차로 - 교차로부근,승용,남,22세,상해없음,보행자,여,32세,경상
24693,2020072000100356,2020년 7월 20일 16시,월요일,경기도 의정부시 호원동,중상사고,0,1,0,0,차대사람 - 차도통행중,안전운전불이행,포장 - 건조,맑음,교차로 - 교차로안,화물,남,65세,상해없음,보행자,여,61세,중상
24694,2020072000100399,2020년 7월 20일 17시,월요일,경기도 동두천시 보산동,부상신고사고,0,0,0,1,차대사람 - 횡단중,안전운전불이행,포장 - 건조,맑음,단일로 - 기타,이륜,남,64세,상해없음,보행자,남,4세,부상신고
24695,2020072000100409,2020년 7월 20일 18시,월요일,경기도 광주시 오포읍,부상신고사고,0,0,0,1,차대사람 - 횡단중,안전운전불이행,포장 - 건조,맑음,교차로 - 교차로안,승용,여,41세,상해없음,보행자,여,85세,부상신고
24696,2020072000100412,2020년 7월 20일 18시,월요일,경기도 안산시 상록구 사동,경상사고,0,0,1,0,차대사람 - 기타,과속,포장 - 건조,맑음,교차로 - 교차로안,이륜,남,17세,상해없음,보행자,남,56세,경상
24697,2020072000100440,2020년 7월 20일 18시,월요일,경기도 포천시 소흘읍,경상사고,0,0,1,0,차대사람 - 횡단중,보행자보호의무위반,포장 - 건조,맑음,교차로 - 교차로횡단보도내,화물,남,57세,상해없음,보행자,남,51세,경상
24698,2020072000100441,2020년 7월 20일 18시,월요일,경기도 포천시 일동면,경상사고,0,0,1,0,차대사람 - 보도통행중,안전운전불이행,포장 - 건조,맑음,단일로 - 기타,승용,여,35세,상해없음,보행자,남,22세,경상
24699,2020072000100495,2020년 7월 20일 21시,월요일,경기도 광명시 광명동,부상신고사고,0,0,0,1,차대사람 - 길가장자리구역통행중,안전운전불이행,포장 - 건조,맑음,단일로 - 기타,기타불명,기타불명,미분류,기타불명,보행자,남,52세,부상신고
24700,2020072000100497,2020년 7월 20일 21시,월요일,경기도 군포시 당동,부상신고사고,0,0,0,1,차대사람 - 기타,안전운전불이행,포장 - 건조,맑음,단일로 - 기타,이륜,남,20세,상해없음,보행자,남,61세,부상신고
24701,2020072000100525,2020년 7월 20일 22시,월요일,경기도 광주시 오포읍,경상사고,0,0,1,0,차대사람 - 기타,안전운전불이행,포장 - 건조,맑음,교차로 - 교차로부근,승용,여,60세,상해없음,보행자,여,42세,경상
24702,2020072100100009,2020년 7월 21일 00시,화요일,경기도 광주시 오포읍,경상사고,0,0,1,0,차대사람 - 기타,안전운전불이행,포장 - 기타,기타,단일로 - 기타,자전거,남,28세,상해없음,보행자,남,57세,경상
24703,2020072100100026,2020년 7월 21일 01시,화요일,경기도 부천시 소사본동,경상사고,0,0,1,0,차대사람 - 기타,안전운전불이행,포장 - 건조,맑음,단일로 - 기타,승용,남,22세,상해없음,보행자,남,59세,경상
24704,2020072100100044,2020년 7월 21일 03시,화요일,경기도 평택시 포승읍,중상사고,0,1,0,0,차대사람 - 기타,안전운전불이행,포장 - 건조,맑음,단일로 - 기타,승합,남,50세,상해없음,보행자,남,22세,중상
24705,2020072100100102,2020년 7월 21일 08시,화요일,경기도 여주시 하동,경상사고,0,0,1,0,차대사람 - 횡단중,보행자보호의무위반,포장 - 건조,맑음,교차로 - 교차로횡단보도내,승합,남,74세,상해없음,보행자,남,42세,경상
24706,2020072100100104,2020년 7월 21일 08시,화요일,경기도 용인시 기흥구 동백동,경상사고,0,0,1,0,차대사람 - 기타,안전운전불이행,포장 - 건조,맑음,주차장 - 주차장,승용,남,26세,상해없음,보행자,남,47세,경상
24707,2020072100100159,2020년 7월 21일 10시,화요일,경기도 오산시 오산동,중상사고,0,1,0,0,차대사람 - 보도통행중,보행자보호의무위반,포장 - 건조,맑음,교차로 - 교차로횡단보도내,승용,여,39세,상해없음,보행자,여,72세,중상
24708,2020072100100160,2020년 7월 21일 10시,화요일,경기도 광명시 하안동,부상신고사고,0,0,0,1,차대사람 - 기타,기타,포장 - 건조,맑음,단일로 - 기타,승합,남,48세,상해없음,보행자,남,38세,부상신고
24709,2020072100100164,2020년 7월 21일 10시,화요일,경기도 하남시 창우동,중상사고,0,1,0,0,차대사람 - 기타,안전운전불이행,포장 - 건조,맑음,기타 - 기타,화물,남,55세,상해없음,보행자,여,63세,중상
24710,2020072100100185,2020년 7월 21일 10시,화요일,경기도 의정부시 의정부동,중상사고,0,1,0,0,차대사람 - 기타,안전운전불이행,포장 - 건조,맑음,교차로 - 교차로안,승용,남,35세,상해없음,보행자,여,75세,중상
24711,2020072100100233,2020년 7월 21일 11시,화요일,경기도 의정부시 의정부동,경상사고,0,0,1,0,차대사람 - 길가장자리구역통행중,안전운전불이행,포장 - 건조,맑음,단일로 - 기타,승용,남,56세,상해없음,보행자,남,46세,경상
24712,2020072100100317,2020년 7월 21일 14시,화요일,경기도 화성시 장안면,중상사고,0,1,0,0,차대사람 - 기타,안전운전불이행,포장 - 건조,맑음,기타 - 기타,건설기계,남,58세,상해없음,보행자,남,59세,중상
24713,2020072100100337,2020년 7월 21일 14시,화요일,경기도 남양주시 별내동,중상사고,0,1,0,0,차대사람 - 횡단중,보행자보호의무위반,포장 - 건조,맑음,교차로 - 교차로횡단보도내,승용,남,29세,상해없음,보행자,여,60세,중상
24714,2020072100100338,2020년 7월 21일 14시,화요일,경기도 고양시 일산서구 법곳동,경상사고,0,0,1,0,차대사람 - 기타,안전운전불이행,포장 - 건조,맑음,단일로 - 기타,승용,여,51세,상해없음,보행자,여,73세,경상
24715,2020072100100385,2020년 7월 21일 16시,화요일,경기도 광주시 오포읍,경상사고,0,0,1,0,차대사람 - 횡단중,안전운전불이행,포장 - 건조,맑음,교차로 - 교차로횡단보도내,승용,여,70세,상해없음,보행자,여,6세,경상
24716,2020072100100510,2020년 7월 21일 19시,화요일,경기도 수원시 영통구 영통동,경상사고,0,0,1,0,차대사람 - 보도통행중,안전운전불이행,포장 - 건조,맑음,단일로 - 기타,개인형이동수단(PM),남,26세,상해없음,보행자,여,27세,경상
24717,2020072100100531,2020년 7월 21일 19시,화요일,경기도 양주시 백석읍,중상사고,0,1,0,0,차대사람 - 기타,안전운전불이행,포장 - 건조,맑음,교차로 - 교차로부근,화물,남,53세,상해없음,보행자,여,2세,중상
24718,2020072100100541,2020년 7월 21일 20시,화요일,경기도 평택시 독곡동,부상신고사고,0,0,0,1,차대사람 - 기타,안전운전불이행,포장 - 건조,맑음,기타 - 기타,승용,남,31세,상해없음,보행자,남,46세,부상신고
24719,2020072100100592,2020년 7월 21일 22시,화요일,경기도 시흥시 정왕동,부상신고사고,0,0,0,1,차대사람 - 기타,안전운전불이행,포장 - 건조,맑음,기타 - 기타,승용,남,37세,상해없음,보행자,남,45세,부상신고
24720,2020072100100593,2020년 7월 21일 22시,화요일,경기도 의왕시 고천동,중상사고,0,1,0,0,차대사람 - 횡단중,보행자보호의무위반,포장 - 젖음/습기,맑음,교차로 - 교차로횡단보도내,승용,남,30세,상해없음,보행자,남,32세,중상
24721,2020072100100628,2020년 7월 21일 23시,화요일,경기도 구리시 수택동,경상사고,0,0,1,0,차대사람 - 차도통행중,안전운전불이행,포장 - 건조,맑음,단일로 - 기타,승용,남,35세,상해없음,보행자,남,30세,경상
24722,2020072200100027,2020년 7월 22일 02시,수요일,경기도 성남시 분당구 구미동,경상사고,0,0,1,0,차대사람 - 기타,안전운전불이행,포장 - 젖음/습기,흐림,단일로 - 기타,화물,남,52세,상해없음,보행자,남,62세,경상
24723,2020072200100050,2020년 7월 22일 04시,수요일,경기도 광주시 오포읍,경상사고,0,0,1,0,차대사람 - 기타,안전운전불이행,포장 - 건조,맑음,기타 - 기타,승용,남,46세,상해없음,보행자,남,20세,경상
24724,2020072200100172,2020년 7월 22일 09시,수요일,경기도 용인시 수지구 동천동,경상사고,0,0,1,0,차대사람 - 기타,안전운전불이행,포장 - 젖음/습기,비,단일로 - 기타,승합,남,49세,기타불명,보행자,여,60세,경상
24725,2020072200100224,2020년 7월 22일 10시,수요일,경기도 남양주시 오남읍,경상사고,0,0,1,0,차대사람 - 기타,안전운전불이행,포장 - 건조,흐림,교차로 - 교차로부근,승합,남,56세,상해없음,보행자,여,55세,경상
24726,2020072200100239,2020년 7월 22일 11시,수요일,경기도 수원시 권선구 탑동,경상사고,0,0,1,0,차대사람 - 횡단중,신호위반,포장 - 젖음/습기,비,교차로 - 교차로안,이륜,남,43세,기타불명,보행자,여,49세,경상
24727,2020072200100299,2020년 7월 22일 13시,수요일,경기도 안산시 상록구 이동,경상사고,0,0,1,0,차대사람 - 보도통행중,안전운전불이행,포장 - 젖음/습기,맑음,기타 - 기타,자전거,여,63세,상해없음,보행자,남,70세,경상
24728,2020072200100387,2020년 7월 22일 15시,수요일,경기도 의정부시 가능동,경상사고,0,0,1,0,차대사람 - 횡단중,신호위반,포장 - 젖음/습기,흐림,교차로 - 교차로횡단보도내,이륜,남,25세,상해없음,보행자,남,57세,경상
24729,2020072200100434,2020년 7월 22일 17시,수요일,경기도 안산시 단원구 와동,경상사고,0,0,1,0,차대사람 - 기타,안전운전불이행,포장 - 젖음/습기,비,단일로 - 기타,승용,남,44세,상해없음,보행자,여,50세,경상
24730,2020072200100466,2020년 7월 22일 17시,수요일,경기도 남양주시 진접읍,경상사고,0,0,1,0,차대사람 - 횡단중,보행자보호의무위반,포장 - 건조,맑음,교차로 - 교차로부근,이륜,남,24세,상해없음,보행자,남,9세,경상
24731,2020072200100531,2020년 7월 22일 19시,수요일,경기도 부천시 약대동,경상사고,0,0,1,0,차대사람 - 보도통행중,보행자보호의무위반,포장 - 건조,맑음,교차로 - 교차로횡단보도내,승용,남,57세,상해없음,보행자,남,74세,경상
24732,2020072200100532,2020년 7월 22일 19시,수요일,경기도 화성시 봉담읍,경상사고,0,0,1,0,차대사람 - 기타,보행자보호의무위반,포장 - 건조,맑음,단일로 - 기타,승용,남,74세,상해없음,보행자,여,59세,경상
24733,2020072200100533,2020년 7월 22일 19시,수요일,경기도 의왕시 내손동,부상신고사고,0,0,0,1,차대사람 - 횡단중,안전운전불이행,포장 - 건조,맑음,단일로 - 기타,이륜,남,40세,상해없음,보행자,남,5세,부상신고
24734,2020072200100556,2020년 7월 22일 19시,수요일,경기도 파주시 금촌동,중상사고,0,1,0,0,차대사람 - 횡단중,보행자보호의무위반,포장 - 젖음/습기,흐림,교차로 - 교차로횡단보도내,승용,남,65세,상해없음,보행자,여,45세,중상
24735,2020072200100569,2020년 7월 22일 20시,수요일,경기도 군포시 산본동,중상사고,0,1,0,0,차대사람 - 횡단중,신호위반,포장 - 건조,맑음,단일로 - 기타,이륜,남,31세,상해없음,보행자,여,47세,중상
24736,2020072200100598,2020년 7월 22일 21시,수요일,경기도 광명시 철산동,경상사고,0,0,2,0,차대사람 - 기타,안전운전불이행,포장 - 건조,흐림,교차로 - 교차로안,승용,남,30세,상해없음,보행자,여,18세,경상
24737,2020072200100660,2020년 7월 22일 23시,수요일,경기도 성남시 중원구 상대원동,부상신고사고,0,0,0,1,차대사람 - 기타,기타,포장 - 젖음/습기,비,단일로 - 기타,기타불명,기타불명,미분류,기타불명,보행자,남,21세,부상신고
24738,2020072300100006,2020년 7월 23일 00시,목요일,경기도 의왕시 삼동,부상신고사고,0,0,0,1,차대사람 - 기타,안전운전불이행,포장 - 건조,맑음,단일로 - 기타,승합,남,44세,상해없음,보행자,남,52세,부상신고
24739,2020072300100017,2020년 7월 23일 00시,목요일,경기도 의정부시 의정부동,부상신고사고,0,0,0,1,차대사람 - 기타,안전운전불이행,포장 - 젖음/습기,흐림,교차로 - 교차로안,승용,남,22세,상해없음,보행자,남,20세,부상신고
24740,2020072300100032,2020년 7월 23일 02시,목요일,경기도 화성시 송산면,중상사고,0,1,0,0,차대사람 - 횡단중,안전운전불이행,포장 - 젖음/습기,흐림,단일로 - 기타,승용,남,39세,상해없음,보행자,남,27세,중상
24741,2020072300100055,2020년 7월 23일 05시,목요일,경기도 시흥시 신천동,중상사고,0,1,0,0,차대사람 - 기타,신호위반,포장 - 건조,맑음,단일로 - 기타,화물,남,64세,상해없음,보행자,남,35세,중상
24742,2020072300100061,2020년 7월 23일 05시,목요일,경기도 고양시 덕양구 행신동,경상사고,0,0,1,0,차대사람 - 횡단중,신호위반,포장 - 건조,맑음,교차로 - 교차로횡단보도내,이륜,남,20세,기타불명,보행자,여,57세,경상
24743,2020072300100163,2020년 7월 23일 10시,목요일,경기도 부천시 고강동,경상사고,0,0,1,0,차대사람 - 기타,안전운전불이행,포장 - 젖음/습기,흐림,단일로 - 기타,승용,남,41세,상해없음,보행자,여,67세,경상
24744,2020072300100212,2020년 7월 23일 12시,목요일,경기도 오산시 금암동,경상사고,0,0,1,0,차대사람 - 횡단중,보행자보호의무위반,포장 - 젖음/습기,비,교차로 - 교차로횡단보도내,승용,여,46세,상해없음,보행자,여,22세,경상
24745,2020072300100213,2020년 7월 23일 12시,목요일,경기도 수원시 권선구 고색동,경상사고,0,0,1,0,차대사람 - 기타,안전운전불이행,포장 - 젖음/습기,비,단일로 - 기타,승용,남,41세,상해없음,보행자,남,48세,경상
24746,2020072300100328,2020년 7월 23일 15시,목요일,경기도 의정부시 가능동,경상사고,0,0,1,0,차대사람 - 기타,중앙선침범,포장 - 건조,맑음,단일로 - 기타,승용,남,69세,기타불명,보행자,여,70세,경상
24747,2020072300100333,2020년 7월 23일 15시,목요일,경기도 구리시 수택동,경상사고,0,0,1,0,차대사람 - 차도통행중,안전운전불이행,포장 - 젖음/습기,비,교차로 - 교차로안,승용,여,70세,상해없음,보행자,남,71세,경상
24748,2020072300100413,2020년 7월 23일 17시,목요일,경기도 의정부시 의정부동,경상사고,0,0,1,0,차대사람 - 횡단중,신호위반,포장 - 젖음/습기,비,단일로 - 기타,화물,남,38세,상해없음,보행자,남,53세,경상
24749,2020072300100430,2020년 7월 23일 18시,목요일,경기도 김포시 양촌읍,중상사고,0,1,0,0,차대사람 - 횡단중,안전운전불이행,포장 - 젖음/습기,비,교차로 - 교차로안,승용,남,33세,상해없음,보행자,여,43세,중상
24750,2020072300100481,2020년 7월 23일 19시,목요일,경기도 이천시 관고동,중상사고,0,1,0,0,차대사람 - 횡단중,신호위반,포장 - 젖음/습기,비,교차로 - 교차로횡단보도내,이륜,남,20세,상해없음,보행자,여,46세,중상
24751,2020072300100529,2020년 7월 23일 20시,목요일,경기도 광주시 오포읍,경상사고,0,0,1,0,차대사람 - 기타,안전운전불이행,포장 - 젖음/습기,비,교차로 - 교차로안,승용,남,59세,상해없음,보행자,남,45세,경상
24752,2020072300100530,2020년 7월 23일 20시,목요일,경기도 김포시 구래동,중상사고,0,1,0,0,차대사람 - 횡단중,보행자보호의무위반,포장 - 젖음/습기,비,교차로 - 교차로횡단보도내,승용,남,60세,상해없음,보행자,여,32세,중상
24753,2020072300100619,2020년 7월 23일 21시,목요일,경기도 고양시 일산서구 일산동,경상사고,0,0,1,0,차대사람 - 기타,안전운전불이행,포장 - 건조,맑음,단일로 - 기타,승합,남,63세,상해없음,보행자,여,45세,경상
24754,2020072300100637,2020년 7월 23일 22시,목요일,경기도 부천시 심곡본동,중상사고,0,1,0,0,차대사람 - 횡단중,안전운전불이행,포장 - 젖음/습기,비,교차로 - 교차로횡단보도내,승용,남,33세,상해없음,보행자,남,14세,중상
24755,2020072300100638,2020년 7월 23일 22시,목요일,경기도 오산시 오산동,중상사고,0,1,0,0,차대사람 - 횡단중,신호위반,포장 - 젖음/습기,비,단일로 - 기타,승용,남,21세,상해없음,보행자,남,30세,중상
24756,2020072300100642,2020년 7월 23일 22시,목요일,경기도 화성시 병점동,경상사고,0,0,1,0,차대사람 - 횡단중,안전운전불이행,포장 - 젖음/습기,비,단일로 - 기타,화물,남,41세,상해없음,보행자,남,55세,경상
24757,2020072300100701,2020년 7월 23일 23시,목요일,경기도 고양시 일산동구 백석동,중상사고,0,1,0,0,차대사람 - 횡단중,안전운전불이행,포장 - 젖음/습기,비,단일로 - 기타,승합,남,54세,상해없음,보행자,남,58세,중상
24758,2020072400100056,2020년 7월 24일 04시,금요일,경기도 의정부시 의정부동,중상사고,0,1,0,0,차대사람 - 횡단중,신호위반,포장 - 젖음/습기,비,교차로 - 교차로횡단보도내,승용,남,26세,상해없음,보행자,남,21세,중상
24759,2020072400100084,2020년 7월 24일 07시,금요일,경기도 고양시 일산서구 일산동,경상사고,0,0,1,0,차대사람 - 기타,안전운전불이행,포장 - 건조,맑음,단일로 - 기타,승용,남,51세,상해없음,보행자,여,25세,경상
24760,2020072400100089,2020년 7월 24일 08시,금요일,경기도 부천시 심곡동,경상사고,0,0,1,0,차대사람 - 기타,안전운전불이행,포장 - 건조,맑음,단일로 - 기타,승용,남,37세,상해없음,보행자,남,63세,경상
24761,2020072400100120,2020년 7월 24일 09시,금요일,경기도 오산시 오산동,경상사고,0,0,1,0,차대사람 - 보도통행중,기타,포장 - 건조,맑음,기타 - 기타,자전거,남,71세,상해없음,보행자,남,56세,경상
24762,2020072400100121,2020년 7월 24일 09시,금요일,경기도 광명시 소하동,경상사고,0,0,1,0,차대사람 - 기타,기타,포장 - 건조,맑음,단일로 - 기타,승합,남,51세,상해없음,보행자,여,30세,경상