,사고번호,사고일시,요일,시군구,사고내용,사망자수,중상자수,경상자수,부상신고자수,사고유형,법규위반,노면상태,기상상태,도로형태,가해운전자 차종,가해운전자 성별,가해운전자 연령,가해운전자 상해정도,피해운전자 차종,피해운전자 성별,피해운전자 연령,피해운전자 상해정도
24877,2020072800100468,2020년 7월 28일 19시,화요일,경기도 고양시 덕양구 화정동,중상사고,0,1,0,0,차대사람 - 기타,안전운전불이행,포장 - 건조,맑음,단일로 - 기타,승용,여,64세,상해없음,보행자,여,72세,중상
24878,2020072800100481,2020년 7월 28일 20시,화요일,경기도 안산시 단원구 고잔동,경상사고,0,0,1,0,차대사람 - 기타,안전운전불이행,포장 - 건조,맑음,교차로 - 교차로부근,승용,여,33세,상해없음,보행자,남,18세,경상
24879,2020072800100524,2020년 7월 28일 21시,화요일,경기도 부천시 상동,경상사고,0,0,1,0,차대사람 - 기타,안전운전불이행,포장 - 건조,맑음,단일로 - 기타,승용,남,59세,상해없음,보행자,여,30세,경상
24880,2020072800100527,2020년 7월 28일 21시,화요일,경기도 안양시 만안구 박달동,부상신고사고,0,0,0,1,차대사람 - 횡단중,안전운전불이행,포장 - 건조,맑음,기타 - 기타,자전거,남,64세,상해없음,보행자,여,58세,부상신고
24881,2020072800100589,2020년 7월 28일 23시,화요일,경기도 고양시 일산서구 대화동,부상신고사고,0,0,0,1,차대사람 - 기타,안전운전불이행,포장 - 건조,맑음,단일로 - 기타,승용,남,38세,상해없음,보행자,남,40세,부상신고
24882,2020072900100010,2020년 7월 29일 00시,수요일,경기도 평택시 장당동,경상사고,0,0,2,0,차대사람 - 횡단중,신호위반,포장 - 건조,맑음,교차로 - 교차로횡단보도내,승용,여,48세,기타불명,보행자,남,28세,경상
24883,2020072900100051,2020년 7월 29일 04시,수요일,경기도 김포시 장기동,중상사고,0,1,0,0,차대사람 - 횡단중,신호위반,포장 - 젖음/습기,비,교차로 - 교차로안,화물,남,57세,상해없음,보행자,남,48세,중상
24884,2020072900100124,2020년 7월 29일 08시,수요일,경기도 고양시 일산동구 중산동,경상사고,0,0,1,0,차대사람 - 횡단중,보행자보호의무위반,포장 - 젖음/습기,흐림,교차로 - 교차로횡단보도내,화물,남,43세,상해없음,보행자,남,35세,경상
24885,2020072900100134,2020년 7월 29일 09시,수요일,경기도 수원시 팔달구 지동,중상사고,0,1,0,0,차대사람 - 기타,보행자보호의무위반,포장 - 건조,맑음,단일로 - 기타,승용,남,42세,상해없음,보행자,여,59세,중상
24886,2020072900100138,2020년 7월 29일 09시,수요일,경기도 이천시 창전동,경상사고,0,0,1,0,차대사람 - 횡단중,보행자보호의무위반,포장 - 젖음/습기,비,단일로 - 기타,승합,남,69세,상해없음,보행자,여,26세,경상
24887,2020072900100164,2020년 7월 29일 10시,수요일,경기도 평택시 지산동,경상사고,0,0,1,0,차대사람 - 횡단중,안전운전불이행,포장 - 젖음/습기,비,단일로 - 기타,승용,남,40세,상해없음,보행자,여,73세,경상
24888,2020072900100178,2020년 7월 29일 10시,수요일,경기도 고양시 덕양구 화정동,경상사고,0,0,1,0,차대사람 - 횡단중,안전운전불이행,포장 - 건조,맑음,단일로 - 기타,승용,여,56세,상해없음,보행자,여,18세,경상
24889,2020072900100199,2020년 7월 29일 11시,수요일,경기도 부천시 원종동,중상사고,0,1,0,0,차대사람 - 차도통행중,안전운전불이행,포장 - 건조,맑음,교차로 - 교차로부근,승용,남,78세,상해없음,보행자,남,77세,중상
24890,2020072900100227,2020년 7월 29일 12시,수요일,경기도 김포시 장기동,중상사고,0,1,0,0,차대사람 - 횡단중,안전운전불이행,포장 - 젖음/습기,비,교차로 - 교차로안,승용,남,72세,상해없음,보행자,여,15세,중상
24891,2020072900100338,2020년 7월 29일 15시,수요일,경기도 화성시 봉담읍,중상사고,0,1,0,0,차대사람 - 횡단중,안전운전불이행,포장 - 건조,흐림,교차로 - 교차로횡단보도내,승용,여,60세,상해없음,보행자,남,13세,중상
24892,2020072900100367,2020년 7월 29일 16시,수요일,경기도 이천시 창전동,중상사고,0,1,0,0,차대사람 - 기타,보행자보호의무위반,포장 - 건조,맑음,교차로 - 교차로안,화물,남,62세,상해없음,보행자,여,32세,중상
24893,2020072900100404,2020년 7월 29일 17시,수요일,경기도 광명시 철산동,경상사고,0,0,1,0,차대사람 - 길가장자리구역통행중,안전운전불이행,포장 - 젖음/습기,비,단일로 - 기타,승용,여,47세,상해없음,보행자,여,40세,경상
24894,2020072900100405,2020년 7월 29일 17시,수요일,경기도 수원시 영통구 매탄동,경상사고,0,0,1,0,차대사람 - 기타,안전운전불이행,포장 - 젖음/습기,비,단일로 - 기타,화물,남,49세,상해없음,보행자,남,17세,경상
24895,2020072900100440,2020년 7월 29일 18시,수요일,경기도 안성시 구포동,부상신고사고,0,0,0,1,차대사람 - 기타,안전운전불이행,포장 - 건조,맑음,단일로 - 기타,승용,남,50세,상해없음,보행자,남,50세,부상신고
24896,2020072900100441,2020년 7월 29일 18시,수요일,경기도 안양시 동안구 관양동,중상사고,0,1,0,0,차대사람 - 횡단중,보행자보호의무위반,포장 - 젖음/습기,맑음,교차로 - 교차로부근,승용,남,21세,상해없음,보행자,남,32세,중상
24897,2020072900100486,2020년 7월 29일 19시,수요일,경기도 양주시 광사동,경상사고,0,0,1,0,차대사람 - 기타,안전운전불이행,포장 - 건조,흐림,단일로 - 기타,승합,남,60세,상해없음,보행자,여,20세,경상
24898,2020072900100532,2020년 7월 29일 21시,수요일,경기도 수원시 장안구 영화동,경상사고,0,0,1,0,차대사람 - 기타,안전운전불이행,포장 - 젖음/습기,흐림,주차장 - 주차장,승용,남,64세,상해없음,보행자,여,62세,경상
24899,2020072900100533,2020년 7월 29일 21시,수요일,경기도 용인시 처인구 모현읍,중상사고,0,1,1,0,차대사람 - 횡단중,신호위반,포장 - 젖음/습기,비,교차로 - 교차로횡단보도내,이륜,남,21세,상해없음,보행자,남,32세,경상
24900,2020072900100547,2020년 7월 29일 21시,수요일,경기도 남양주시 오남읍,경상사고,0,0,1,0,차대사람 - 횡단중,신호위반,포장 - 건조,흐림,단일로 - 기타,이륜,남,48세,상해없음,보행자,여,36세,경상
24901,2020072900100555,2020년 7월 29일 22시,수요일,경기도 용인시 처인구 포곡읍,부상신고사고,0,0,0,1,차대사람 - 기타,안전운전불이행,포장 - 젖음/습기,비,단일로 - 기타,승용,남,37세,상해없음,보행자,남,25세,부상신고
24902,2020072900100556,2020년 7월 29일 22시,수요일,경기도 용인시 기흥구 상하동,경상사고,0,0,1,0,차대사람 - 기타,중앙선침범,포장 - 젖음/습기,비,교차로 - 교차로안,승용,남,31세,상해없음,보행자,여,25세,경상
24903,2020072900100557,2020년 7월 29일 22시,수요일,경기도 군포시 부곡동,중상사고,0,1,0,0,차대사람 - 횡단중,안전운전불이행,포장 - 젖음/습기,비,교차로 - 교차로안,승용,여,54세,상해없음,보행자,남,45세,중상
24904,2020072900100587,2020년 7월 29일 23시,수요일,경기도 화성시 반송동,중상사고,0,1,0,0,차대사람 - 기타,안전운전불이행,포장 - 젖음/습기,비,교차로 - 교차로안,승용,남,50세,상해없음,보행자,남,38세,중상
24905,2020073000100006,2020년 7월 30일 00시,목요일,경기도 부천시 역곡동,중상사고,0,1,0,0,차대사람 - 횡단중,안전운전불이행,비포장 - 젖음/습기,비,단일로 - 기타,이륜,남,19세,상해없음,보행자,남,38세,중상
24906,2020073000100027,2020년 7월 30일 01시,목요일,경기도 광주시 경안동,경상사고,0,0,1,0,차대사람 - 기타,안전운전불이행,포장 - 건조,맑음,교차로 - 교차로부근,승용,남,32세,기타불명,보행자,남,39세,경상
24907,2020073000100046,2020년 7월 30일 03시,목요일,경기도 평택시 서정동,중상사고,0,1,0,0,차대사람 - 횡단중,안전운전불이행,포장 - 젖음/습기,비,단일로 - 기타,승합,남,40세,상해없음,보행자,남,46세,중상
24908,2020073000100052,2020년 7월 30일 04시,목요일,경기도 안산시 상록구 사동,사망사고,1,0,0,0,차대사람 - 횡단중,안전운전불이행,포장 - 젖음/습기,흐림,교차로 - 교차로안,승용,여,30세,상해없음,보행자,남,61세,사망
24909,2020073000100099,2020년 7월 30일 08시,목요일,경기도 김포시 북변동,경상사고,0,0,1,0,차대사람 - 횡단중,안전운전불이행,포장 - 건조,맑음,교차로 - 교차로부근,승용,여,62세,상해없음,보행자,여,51세,경상
24910,2020073000100100,2020년 7월 30일 08시,목요일,경기도 부천시 송내동,경상사고,0,0,1,0,차대사람 - 기타,보행자보호의무위반,포장 - 기타,맑음,단일로 - 기타,기타불명,기타불명,미분류,기타불명,보행자,남,18세,경상
24911,2020073000100128,2020년 7월 30일 09시,목요일,경기도 성남시 중원구 금광동,경상사고,0,0,1,0,차대사람 - 기타,신호위반,포장 - 건조,맑음,교차로 - 교차로횡단보도내,승용,남,54세,상해없음,보행자,남,3세,경상
24912,2020073000100141,2020년 7월 30일 09시,목요일,경기도 의정부시 의정부동,경상사고,0,0,1,0,차대사람 - 보도통행중,기타,포장 - 건조,맑음,단일로 - 기타,화물,남,30세,상해없음,보행자,남,64세,경상
24913,2020073000100164,2020년 7월 30일 10시,목요일,경기도 남양주시 다산동,경상사고,0,0,1,0,차대사람 - 기타,기타,포장 - 건조,맑음,교차로 - 교차로안,승용,남,80세,상해없음,보행자,남,66세,경상
24914,2020073000100242,2020년 7월 30일 13시,목요일,경기도 김포시 통진읍,중상사고,0,1,0,0,차대사람 - 횡단중,안전운전불이행,포장 - 건조,맑음,단일로 - 기타,화물,남,51세,상해없음,보행자,남,34세,중상
24915,2020073000100247,2020년 7월 30일 13시,목요일,경기도 성남시 분당구 구미동,경상사고,0,0,1,0,차대사람 - 횡단중,보행자보호의무위반,포장 - 건조,맑음,교차로 - 교차로안,승합,남,52세,상해없음,보행자,여,77세,경상
24916,2020073000100273,2020년 7월 30일 13시,목요일,경기도 고양시 일산서구 대화동,중상사고,0,1,0,0,차대사람 - 기타,안전운전불이행,포장 - 건조,맑음,교차로 - 교차로부근,승용,남,32세,상해없음,보행자,여,73세,중상
24917,2020073000100312,2020년 7월 30일 14시,목요일,경기도 파주시 금촌동,경상사고,0,0,1,0,차대사람 - 기타,안전운전불이행,포장 - 건조,맑음,단일로 - 기타,기타불명,기타불명,미분류,기타불명,보행자,남,74세,경상
24918,2020073000100351,2020년 7월 30일 16시,목요일,경기도 평택시 비전동,경상사고,0,0,1,0,차대사람 - 기타,안전운전불이행,포장 - 건조,맑음,단일로 - 기타,승합,남,45세,상해없음,보행자,여,54세,경상
24919,2020073000100356,2020년 7월 30일 16시,목요일,경기도 시흥시 정왕동,경상사고,0,0,1,0,차대사람 - 기타,안전운전불이행,포장 - 건조,맑음,단일로 - 기타,승용,남,33세,상해없음,보행자,남,10세,경상
24920,2020073000100393,2020년 7월 30일 17시,목요일,경기도 시흥시 정왕동,경상사고,0,0,1,0,차대사람 - 횡단중,신호위반,포장 - 건조,맑음,교차로 - 교차로횡단보도내,이륜,남,38세,상해없음,보행자,여,6세,경상
24921,2020073000100410,2020년 7월 30일 17시,목요일,경기도 의정부시 신곡동,경상사고,0,0,1,0,차대사람 - 기타,기타,포장 - 건조,맑음,단일로 - 기타,승합,남,28세,기타불명,보행자,남,53세,경상
24922,2020073000100434,2020년 7월 30일 18시,목요일,경기도 화성시 향남읍,중상사고,0,1,0,0,차대사람 - 기타,안전운전불이행,포장 - 건조,맑음,기타 - 기타,화물,남,62세,상해없음,보행자,여,59세,중상
24923,2020073000100512,2020년 7월 30일 20시,목요일,경기도 안산시 단원구 와동,중상사고,0,1,0,0,차대사람 - 횡단중,신호위반,포장 - 건조,맑음,단일로 - 기타,승용,남,39세,상해없음,보행자,여,46세,중상
24924,2020073000100548,2020년 7월 30일 21시,목요일,경기도 군포시 산본동,중상사고,0,1,0,0,차대사람 - 횡단중,안전운전불이행,포장 - 건조,맑음,교차로 - 교차로안,승용,남,75세,상해없음,보행자,여,45세,중상
24925,2020073000100550,2020년 7월 30일 21시,목요일,경기도 부천시 원종동,경상사고,0,0,1,0,차대사람 - 기타,안전운전불이행,포장 - 젖음/습기,흐림,단일로 - 기타,자전거,남,57세,상해없음,보행자,여,52세,경상
24926,2020073000100567,2020년 7월 30일 21시,목요일,경기도 고양시 일산동구 식사동,경상사고,0,0,1,0,차대사람 - 기타,안전운전불이행,포장 - 건조,맑음,기타 - 기타,승용,남,77세,상해없음,보행자,여,24세,경상
24927,2020073000100568,2020년 7월 30일 21시,목요일,경기도 남양주시 진건읍,중상사고,0,1,0,0,차대사람 - 횡단중,신호위반,포장 - 건조,맑음,교차로 - 교차로횡단보도내,승용,남,46세,상해없음,보행자,여,30세,중상
24928,2020073000100591,2020년 7월 30일 22시,목요일,경기도 의정부시 의정부동,중상사고,0,1,0,0,차대사람 - 기타,안전운전불이행,포장 - 젖음/습기,흐림,교차로 - 교차로안,승용,남,31세,상해없음,보행자,남,57세,중상
24929,2020073100100098,2020년 7월 31일 08시,금요일,경기도 용인시 수지구 동천동,중상사고,0,1,0,0,차대사람 - 횡단중,신호위반,포장 - 건조,맑음,교차로 - 교차로안,승용,남,49세,기타불명,보행자,여,21세,중상
24930,2020073100100170,2020년 7월 31일 11시,금요일,경기도 수원시 권선구 평동,중상사고,0,1,0,0,차대사람 - 횡단중,안전운전불이행,포장 - 건조,맑음,교차로 - 교차로안,원동기,여,63세,상해없음,보행자,여,51세,중상
24931,2020073100100190,2020년 7월 31일 11시,금요일,경기도 의정부시 호원동,중상사고,0,1,0,0,차대사람 - 횡단중,신호위반,포장 - 젖음/습기,비,단일로 - 기타,이륜,남,34세,상해없음,보행자,여,49세,중상
24932,2020073100100234,2020년 7월 31일 13시,금요일,경기도 부천시 심곡동,부상신고사고,0,0,0,1,차대사람 - 기타,신호위반,포장 - 건조,맑음,기타 - 기타,이륜,남,50세,상해없음,보행자,남,44세,부상신고
24933,2020073100100235,2020년 7월 31일 13시,금요일,경기도 부천시 원미동,경상사고,0,0,1,0,차대사람 - 길가장자리구역통행중,안전운전불이행,포장 - 건조,맑음,단일로 - 기타,승용,여,22세,상해없음,보행자,여,60세,경상
24934,2020073100100269,2020년 7월 31일 13시,금요일,경기도 파주시 야동동,중상사고,0,1,0,0,차대사람 - 횡단중,안전운전불이행,포장 - 건조,맑음,교차로 - 교차로부근,승용,남,54세,상해없음,보행자,남,16세,중상
24935,2020073100100271,2020년 7월 31일 13시,금요일,경기도 동두천시 생연동,경상사고,0,0,1,0,차대사람 - 횡단중,보행자보호의무위반,포장 - 건조,맑음,교차로 - 교차로횡단보도내,승용,남,78세,상해없음,보행자,남,88세,경상
24936,2020073100100283,2020년 7월 31일 14시,금요일,경기도 광주시 송정동,경상사고,0,0,1,0,차대사람 - 차도통행중,안전운전불이행,포장 - 건조,맑음,교차로 - 교차로안,승용,여,39세,상해없음,보행자,여,38세,경상
24937,2020073100100287,2020년 7월 31일 14시,금요일,경기도 군포시 당동,중상사고,0,1,0,0,차대사람 - 기타,불법유턴,포장 - 건조,맑음,단일로 - 기타,화물,남,45세,상해없음,보행자,여,68세,중상
24938,2020073100100332,2020년 7월 31일 15시,금요일,경기도 군포시 당정동,경상사고,0,0,1,0,차대사람 - 기타,기타,포장 - 건조,맑음,단일로 - 기타,승용,남,82세,상해없음,보행자,남,67세,경상
24939,2020073100100359,2020년 7월 31일 16시,금요일,경기도 용인시 기흥구 신갈동,중상사고,0,1,0,0,차대사람 - 횡단중,보행자보호의무위반,포장 - 건조,맑음,단일로 - 기타,승용,남,25세,상해없음,보행자,남,60세,중상
24940,2020073100100363,2020년 7월 31일 16시,금요일,경기도 성남시 중원구 상대원동,중상사고,0,1,0,0,차대사람 - 기타,안전운전불이행,포장 - 건조,맑음,기타 - 기타,승용,남,44세,상해없음,보행자,남,56세,중상
24941,2020073100100408,2020년 7월 31일 17시,금요일,경기도 여주시 대신면,중상사고,0,1,0,0,차대사람 - 기타,안전운전불이행,포장 - 건조,맑음,단일로 - 기타,승용,여,24세,상해없음,보행자,여,76세,중상
24942,2020073100100409,2020년 7월 31일 17시,금요일,경기도 용인시 처인구 원삼면,중상사고,0,1,0,0,차대사람 - 기타,신호위반,포장 - 건조,흐림,교차로 - 교차로횡단보도내,승용,남,29세,상해없음,보행자,남,70세,중상
24943,2020073100100411,2020년 7월 31일 17시,금요일,경기도 부천시 괴안동,경상사고,0,0,1,0,차대사람 - 길가장자리구역통행중,안전운전불이행,포장 - 건조,맑음,단일로 - 기타,이륜,남,35세,상해없음,보행자,여,72세,경상
24944,2020073100100458,2020년 7월 31일 18시,금요일,경기도 부천시 송내동,경상사고,0,0,1,0,차대사람 - 횡단중,보행자보호의무위반,포장 - 건조,맑음,단일로 - 기타,이륜,남,25세,상해없음,보행자,남,39세,경상
24945,2020073100100460,2020년 7월 31일 18시,금요일,경기도 성남시 분당구 삼평동,경상사고,0,0,1,0,차대사람 - 횡단중,보행자보호의무위반,포장 - 건조,맑음,단일로 - 기타,승용,남,47세,상해없음,보행자,남,39세,경상
24946,2020073100100500,2020년 7월 31일 18시,금요일,경기도 의정부시 의정부동,중상사고,0,1,0,0,차대사람 - 횡단중,보행자보호의무위반,포장 - 건조,맑음,교차로 - 교차로횡단보도내,화물,남,53세,상해없음,보행자,여,62세,중상
24947,2020073100100552,2020년 7월 31일 20시,금요일,경기도 용인시 기흥구 보라동,중상사고,0,1,0,0,차대사람 - 기타,보행자보호의무위반,포장 - 젖음/습기,비,교차로 - 교차로횡단보도내,승용,여,62세,상해없음,보행자,여,45세,중상
24948,2020073100100584,2020년 7월 31일 21시,금요일,경기도 안산시 상록구 이동,경상사고,0,0,1,0,차대사람 - 횡단중,안전운전불이행,포장 - 건조,맑음,단일로 - 기타,승용,여,68세,상해없음,보행자,남,38세,경상
24949,2020073100100620,2020년 7월 31일 22시,금요일,경기도 화성시 봉담읍,경상사고,0,0,1,0,차대사람 - 횡단중,보행자보호의무위반,포장 - 건조,맑음,교차로 - 교차로안,이륜,남,17세,상해없음,보행자,여,23세,경상
24950,2020073100100644,2020년 7월 31일 23시,금요일,경기도 성남시 중원구 상대원동,중상사고,0,1,0,0,차대사람 - 기타,안전운전불이행,포장 - 건조,맑음,단일로 - 기타,기타불명,기타불명,미분류,기타불명,보행자,남,48세,중상
24951,2020080100100140,2020년 8월 1일 10시,토요일,경기도 안산시 단원구 선부동,경상사고,0,0,1,0,차대사람 - 기타,안전운전불이행,포장 - 건조,맑음,교차로 - 교차로안,승용,남,35세,상해없음,보행자,남,60세,경상
24952,2020080100100203,2020년 8월 1일 11시,토요일,경기도 남양주시 진접읍,중상사고,0,1,0,0,차대사람 - 횡단중,신호위반,포장 - 젖음/습기,비,교차로 - 교차로횡단보도내,승용,남,50세,상해없음,보행자,남,79세,중상
24953,2020080100100210,2020년 8월 1일 12시,토요일,경기도 이천시 부발읍,경상사고,0,0,2,0,차대사람 - 기타,안전운전불이행,포장 - 건조,맑음,단일로 - 기타,승합,여,38세,상해없음,보행자,남,67세,경상
24954,2020080100100253,2020년 8월 1일 13시,토요일,경기도 화성시 봉담읍,경상사고,0,0,1,0,차대사람 - 기타,안전운전불이행,포장 - 젖음/습기,비,기타 - 기타,이륜,남,46세,상해없음,보행자,남,13세,경상
24955,2020080100100254,2020년 8월 1일 13시,토요일,경기도 화성시 남양읍,경상사고,0,0,1,0,차대사람 - 기타,안전운전불이행,포장 - 젖음/습기,비,단일로 - 기타,화물,남,33세,상해없음,보행자,여,55세,경상
24956,2020080100100318,2020년 8월 1일 14시,토요일,경기도 구리시 인창동,경상사고,0,0,1,0,차대사람 - 횡단중,보행자보호의무위반,포장 - 젖음/습기,비,교차로 - 교차로안,이륜,남,31세,상해없음,보행자,남,67세,경상
24957,2020080100100391,2020년 8월 1일 16시,토요일,경기도 구리시 갈매동,중상사고,0,1,0,0,차대사람 - 기타,안전운전불이행,포장 - 건조,맑음,단일로 - 기타,승용,여,35세,상해없음,보행자,여,68세,중상
24958,2020080100100404,2020년 8월 1일 17시,토요일,경기도 용인시 처인구 역북동,경상사고,0,0,1,0,차대사람 - 횡단중,안전운전불이행,포장 - 건조,맑음,단일로 - 기타,승용,여,51세,상해없음,보행자,여,21세,경상
24959,2020080100100463,2020년 8월 1일 18시,토요일,경기도 고양시 일산서구 덕이동,경상사고,0,0,1,0,차대사람 - 차도통행중,안전운전불이행,포장 - 젖음/습기,비,단일로 - 기타,승용,남,59세,상해없음,보행자,남,50세,경상
24960,2020080100100501,2020년 8월 1일 20시,토요일,경기도 평택시 용이동,경상사고,0,0,1,0,차대사람 - 기타,기타,포장 - 건조,맑음,단일로 - 기타,기타불명,기타불명,미분류,기타불명,보행자,남,15세,경상
24961,2020080100100502,2020년 8월 1일 20시,토요일,경기도 김포시 양촌읍,사망사고,1,0,0,0,차대사람 - 횡단중,안전운전불이행,포장 - 젖음/습기,비,교차로 - 교차로횡단보도내,승용,남,33세,상해없음,보행자,남,45세,사망
24962,2020080100100530,2020년 8월 1일 21시,토요일,경기도 오산시 원동,경상사고,0,0,1,0,차대사람 - 횡단중,보행자보호의무위반,포장 - 젖음/습기,비,교차로 - 교차로안,승용,여,42세,상해없음,보행자,남,32세,경상
24963,2020080100100563,2020년 8월 1일 22시,토요일,경기도 광주시 역동,중상사고,0,1,0,0,차대사람 - 기타,안전운전불이행,포장 - 젖음/습기,비,단일로 - 기타,승용,남,43세,상해없음,보행자,남,65세,중상
24964,2020080100100564,2020년 8월 1일 22시,토요일,경기도 안산시 단원구 원곡동,경상사고,0,0,1,0,차대사람 - 기타,안전운전불이행,포장 - 건조,맑음,단일로 - 기타,원동기,남,16세,상해없음,보행자,남,61세,경상
24965,2020080100100567,2020년 8월 1일 22시,토요일,경기도 시흥시 신천동,부상신고사고,0,0,0,1,차대사람 - 기타,안전운전불이행,포장 - 젖음/습기,비,교차로 - 교차로부근,기타불명,기타불명,미분류,기타불명,보행자,여,46세,부상신고
24966,2020080100100568,2020년 8월 1일 22시,토요일,경기도 안양시 만안구 안양동,경상사고,0,0,1,0,차대사람 - 기타,안전운전불이행,포장 - 젖음/습기,비,단일로 - 기타,승용,남,43세,상해없음,보행자,남,48세,경상
24967,2020080100100569,2020년 8월 1일 22시,토요일,경기도 부천시 고강동,부상신고사고,0,0,0,1,차대사람 - 기타,안전운전불이행,포장 - 젖음/습기,흐림,단일로 - 기타,승용,남,49세,상해없음,보행자,남,62세,부상신고
24968,2020080100100597,2020년 8월 1일 23시,토요일,경기도 시흥시 정왕동,중상사고,0,1,0,0,차대사람 - 횡단중,안전운전불이행,포장 - 젖음/습기,비,교차로 - 교차로부근,승용,남,40세,상해없음,보행자,남,41세,중상
24969,2020080100100611,2020년 8월 1일 23시,토요일,경기도 고양시 덕양구 주교동,경상사고,0,0,1,0,차대사람 - 횡단중,보행자보호의무위반,포장 - 젖음/습기,비,교차로 - 교차로횡단보도내,승합,남,47세,상해없음,보행자,남,26세,경상
24970,2020080200100007,2020년 8월 2일 00시,일요일,경기도 안산시 단원구 고잔동,경상사고,0,0,1,0,차대사람 - 기타,안전운전불이행,포장 - 젖음/습기,비,단일로 - 기타,이륜,기타불명,미분류,기타불명,보행자,여,28세,경상
24971,2020080200100008,2020년 8월 2일 00시,일요일,경기도 시흥시 정왕동,경상사고,0,0,1,0,차대사람 - 기타,안전운전불이행,포장 - 건조,맑음,교차로 - 교차로안,승용,남,30세,상해없음,보행자,남,38세,경상
24972,2020080200100030,2020년 8월 2일 02시,일요일,경기도 고양시 일산동구 마두동,경상사고,0,0,1,0,차대사람 - 횡단중,안전운전불이행,포장 - 젖음/습기,비,단일로 - 기타,승용,남,57세,상해없음,보행자,남,22세,경상
24973,2020080200100055,2020년 8월 2일 06시,일요일,경기도 수원시 팔달구 북수동,경상사고,0,0,1,0,차대사람 - 횡단중,안전운전불이행,포장 - 젖음/습기,비,단일로 - 기타,자전거,남,76세,상해없음,보행자,여,70세,경상
24974,2020080200100126,2020년 8월 2일 12시,일요일,경기도 광주시 쌍령동,경상사고,0,0,2,0,차대사람 - 기타,안전운전불이행,포장 - 젖음/습기,비,단일로 - 기타,승용,남,49세,상해없음,보행자,남,36세,경상
24975,2020080200100169,2020년 8월 2일 13시,일요일,경기도 포천시 소흘읍,경상사고,0,0,1,0,차대사람 - 횡단중,보행자보호의무위반,포장 - 건조,맑음,단일로 - 기타,승용,남,50세,상해없음,보행자,남,63세,경상
24976,2020080200100197,2020년 8월 2일 14시,일요일,경기도 파주시 서패동,부상신고사고,0,0,0,1,차대사람 - 기타,안전운전불이행,포장 - 젖음/습기,비,단일로 - 기타,승용,남,39세,상해없음,보행자,남,58세,부상신고
24977,2020080200100364,2020년 8월 2일 21시,일요일,경기도 평택시 평택동,중상사고,0,1,0,0,차대사람 - 기타,안전운전불이행,포장 - 건조,흐림,단일로 - 기타,승용,남,27세,상해없음,보행자,남,48세,중상
24978,2020080300100049,2020년 8월 3일 06시,월요일,경기도 안산시 상록구 본오동,부상신고사고,0,0,0,1,차대사람 - 기타,안전운전불이행,포장 - 건조,맑음,단일로 - 기타,기타불명,기타불명,미분류,기타불명,보행자,남,55세,부상신고
24979,2020080300100095,2020년 8월 3일 08시,월요일,경기도 화성시 영천동,중상사고,0,1,0,0,차대사람 - 기타,안전운전불이행,포장 - 건조,맑음,단일로 - 기타,승합,남,55세,상해없음,보행자,여,79세,중상
24980,2020080300100112,2020년 8월 3일 08시,월요일,경기도 고양시 일산서구 대화동,경상사고,0,0,1,0,차대사람 - 횡단중,신호위반,포장 - 젖음/습기,비,단일로 - 기타,승용,남,60세,상해없음,보행자,남,30세,경상
24981,2020080300100169,2020년 8월 3일 10시,월요일,경기도 의정부시 의정부동,경상사고,0,0,1,0,차대사람 - 차도통행중,교차로운행방법위반,포장 - 젖음/습기,비,단일로 - 기타,승용,남,56세,상해없음,보행자,남,25세,경상
24982,2020080300100177,2020년 8월 3일 11시,월요일,경기도 부천시 춘의동,경상사고,0,0,1,0,차대사람 - 기타,안전운전불이행,포장 - 젖음/습기,비,단일로 - 기타,승용,남,47세,상해없음,보행자,여,54세,경상
24983,2020080300100207,2020년 8월 3일 11시,월요일,경기도 파주시 문산읍,중상사고,0,1,0,0,차대사람 - 기타,교차로운행방법위반,포장 - 건조,맑음,교차로 - 교차로안,승용,남,69세,상해없음,보행자,여,57세,중상
24984,2020080300100209,2020년 8월 3일 11시,월요일,경기도 구리시 수택동,경상사고,0,0,1,0,차대사람 - 보도통행중,보행자보호의무위반,포장 - 젖음/습기,비,교차로 - 교차로횡단보도내,승합,남,56세,상해없음,보행자,남,26세,경상
24985,2020080300100219,2020년 8월 3일 12시,월요일,경기도 성남시 분당구 야탑동,중상사고,0,1,0,0,차대사람 - 횡단중,신호위반,포장 - 젖음/습기,비,교차로 - 교차로횡단보도내,이륜,남,40세,상해없음,보행자,여,60세,중상
24986,2020080300100220,2020년 8월 3일 12시,월요일,경기도 안산시 상록구 사동,부상신고사고,0,0,0,1,차대사람 - 기타,교차로운행방법위반,포장 - 젖음/습기,맑음,교차로 - 교차로안,화물,남,65세,상해없음,보행자,여,72세,부상신고
24987,2020080300100244,2020년 8월 3일 12시,월요일,경기도 의정부시 신곡동,중상사고,0,1,0,0,차대사람 - 기타,안전운전불이행,포장 - 건조,맑음,교차로 - 교차로횡단보도내,승용,남,21세,상해없음,보행자,여,79세,중상
24988,2020080300100245,2020년 8월 3일 12시,월요일,경기도 남양주시 화도읍,경상사고,0,0,1,0,차대사람 - 횡단중,신호위반,포장 - 젖음/습기,비,교차로 - 교차로횡단보도내,이륜,남,64세,상해없음,보행자,여,17세,경상