,사고번호,사고일시,요일,시군구,사고내용,사망자수,중상자수,경상자수,부상신고자수,사고유형,법규위반,노면상태,기상상태,도로형태,가해운전자 차종,가해운전자 성별,가해운전자 연령,가해운전자 상해정도,피해운전자 차종,피해운전자 성별,피해운전자 연령,피해운전자 상해정도
25103,2020080800100177,2020년 8월 8일 11시,토요일,경기도 안산시 상록구 본오동,중상사고,0,1,0,0,차대사람 - 횡단중,안전운전불이행,포장 - 젖음/습기,비,단일로 - 기타,이륜,남,35세,상해없음,보행자,여,36세,중상
25104,2020080800100209,2020년 8월 8일 11시,토요일,경기도 의정부시 용현동,부상신고사고,0,0,0,1,차대사람 - 횡단중,안전운전불이행,포장 - 건조,맑음,단일로 - 기타,기타불명,기타불명,미분류,기타불명,보행자,남,62세,부상신고
25105,2020080800100319,2020년 8월 8일 15시,토요일,경기도 부천시 심곡본동,중상사고,0,1,0,0,차대사람 - 기타,안전운전불이행,포장 - 기타,맑음,단일로 - 기타,승용,남,34세,상해없음,보행자,남,65세,중상
25106,2020080800100320,2020년 8월 8일 15시,토요일,경기도 부천시 심곡동,경상사고,0,0,1,0,차대사람 - 횡단중,안전운전불이행,포장 - 건조,맑음,단일로 - 기타,승용,남,30세,상해없음,보행자,남,20세,경상
25107,2020080800100321,2020년 8월 8일 15시,토요일,경기도 안산시 상록구 이동,경상사고,0,0,1,0,차대사람 - 길가장자리구역통행중,안전운전불이행,포장 - 젖음/습기,흐림,단일로 - 기타,기타불명,기타불명,미분류,기타불명,보행자,여,84세,경상
25108,2020080800100372,2020년 8월 8일 16시,토요일,경기도 고양시 덕양구 신원동,경상사고,0,0,1,0,차대사람 - 기타,안전운전불이행,포장 - 건조,맑음,단일로 - 기타,자전거,남,21세,상해없음,보행자,여,60세,경상
25109,2020080800100410,2020년 8월 8일 18시,토요일,경기도 하남시 풍산동,중상사고,0,1,0,0,차대사람 - 기타,안전운전불이행,포장 - 건조,맑음,교차로 - 교차로횡단보도내,이륜,남,22세,상해없음,보행자,여,71세,중상
25110,2020080800100434,2020년 8월 8일 19시,토요일,경기도 수원시 장안구 율전동,경상사고,0,0,1,0,차대사람 - 기타,보행자보호의무위반,포장 - 젖음/습기,비,교차로 - 교차로안,승용,남,58세,상해없음,보행자,여,15세,경상
25111,2020080800100437,2020년 8월 8일 19시,토요일,경기도 광주시 초월읍,중상사고,0,1,0,0,차대사람 - 횡단중,보행자보호의무위반,포장 - 젖음/습기,비,교차로 - 교차로안,승용,남,75세,상해없음,보행자,여,80세,중상
25112,2020080800100438,2020년 8월 8일 19시,토요일,경기도 오산시 오산동,중상사고,0,1,0,0,차대사람 - 차도통행중,안전운전불이행,포장 - 젖음/습기,비,단일로 - 기타,승용,남,35세,상해없음,보행자,여,72세,중상
25113,2020080800100440,2020년 8월 8일 19시,토요일,경기도 안산시 단원구 와동,경상사고,0,0,1,0,차대사람 - 기타,안전운전불이행,포장 - 건조,맑음,교차로 - 교차로횡단보도내,이륜,남,17세,상해없음,보행자,남,59세,경상
25114,2020080800100486,2020년 8월 8일 20시,토요일,경기도 오산시 원동,경상사고,0,0,1,0,차대사람 - 횡단중,신호위반,포장 - 젖음/습기,비,단일로 - 기타,승용,남,31세,상해없음,보행자,남,28세,경상
25115,2020080800100487,2020년 8월 8일 20시,토요일,경기도 안산시 단원구 선부동,중상사고,0,2,0,0,차대사람 - 횡단중,보행자보호의무위반,포장 - 젖음/습기,비,교차로 - 교차로안,이륜,남,39세,상해없음,보행자,여,41세,중상
25116,2020080800100502,2020년 8월 8일 20시,토요일,경기도 의정부시 민락동,경상사고,0,0,1,0,차대사람 - 기타,안전운전불이행,포장 - 젖음/습기,비,교차로 - 교차로부근,승용,여,48세,상해없음,보행자,남,40세,경상
25117,2020080800100519,2020년 8월 8일 21시,토요일,경기도 수원시 권선구 구운동,경상사고,0,0,1,0,차대사람 - 횡단중,보행자보호의무위반,포장 - 젖음/습기,흐림,교차로 - 교차로안,승용,남,41세,상해없음,보행자,남,65세,경상
25118,2020080800100548,2020년 8월 8일 22시,토요일,경기도 광주시 목현동,경상사고,0,0,1,0,차대사람 - 기타,안전운전불이행,포장 - 젖음/습기,비,기타 - 기타,승용,남,46세,상해없음,보행자,남,28세,경상
25119,2020080800100551,2020년 8월 8일 22시,토요일,경기도 광명시 소하동,경상사고,0,0,2,0,차대사람 - 횡단중,보행자보호의무위반,포장 - 젖음/습기,비,교차로 - 교차로횡단보도내,이륜,남,42세,경상,보행자,남,27세,경상
25120,2020080800100563,2020년 8월 8일 22시,토요일,경기도 고양시 일산동구 백석동,경상사고,0,0,1,0,차대사람 - 횡단중,신호위반,포장 - 젖음/습기,비,단일로 - 기타,기타불명,기타불명,미분류,기타불명,보행자,남,25세,경상
25121,2020080900100009,2020년 8월 9일 00시,일요일,경기도 수원시 영통구 이의동,중상사고,0,1,0,0,차대사람 - 횡단중,신호위반,포장 - 젖음/습기,비,교차로 - 교차로안,이륜,남,16세,상해없음,보행자,여,23세,중상
25122,2020080900100034,2020년 8월 9일 02시,일요일,경기도 평택시 통복동,경상사고,0,0,1,0,차대사람 - 횡단중,신호위반,포장 - 젖음/습기,비,교차로 - 교차로안,승용,남,47세,상해없음,보행자,남,31세,경상
25123,2020080900100058,2020년 8월 9일 04시,일요일,경기도 부천시 심곡동,경상사고,0,0,1,0,차대사람 - 기타,안전운전불이행,포장 - 건조,맑음,단일로 - 기타,승용,남,30세,상해없음,보행자,남,25세,경상
25124,2020080900100066,2020년 8월 9일 05시,일요일,경기도 수원시 팔달구 인계동,경상사고,0,0,1,0,차대사람 - 횡단중,안전운전불이행,포장 - 젖음/습기,비,단일로 - 기타,화물,남,52세,상해없음,보행자,남,27세,경상
25125,2020080900100105,2020년 8월 9일 09시,일요일,경기도 평택시 독곡동,중상사고,0,1,0,0,차대사람 - 횡단중,기타,포장 - 젖음/습기,비,단일로 - 기타,승용,남,73세,상해없음,보행자,여,67세,중상
25126,2020080900100108,2020년 8월 9일 09시,일요일,경기도 성남시 중원구 상대원동,경상사고,0,0,1,0,차대사람 - 기타,안전운전불이행,포장 - 건조,맑음,단일로 - 기타,승합,남,66세,상해없음,보행자,남,63세,경상
25127,2020080900100166,2020년 8월 9일 13시,일요일,경기도 부천시 중동,경상사고,0,0,1,0,차대사람 - 횡단중,안전운전불이행,포장 - 젖음/습기,맑음,단일로 - 기타,승용,남,31세,상해없음,보행자,남,28세,경상
25128,2020080900100254,2020년 8월 9일 16시,일요일,경기도 평택시 신장동,부상신고사고,0,0,0,1,차대사람 - 기타,안전운전불이행,포장 - 건조,맑음,단일로 - 기타,기타불명,기타불명,미분류,기타불명,보행자,남,8세,부상신고
25129,2020080900100288,2020년 8월 9일 17시,일요일,경기도 김포시 북변동,중상사고,0,1,0,0,차대사람 - 기타,과속,포장 - 젖음/습기,비,교차로 - 교차로부근,이륜,남,22세,상해없음,보행자,여,64세,중상
25130,2020080900100371,2020년 8월 9일 19시,일요일,경기도 의정부시 민락동,경상사고,0,0,1,0,차대사람 - 기타,안전운전불이행,포장 - 젖음/습기,비,교차로 - 교차로부근,승용,여,45세,상해없음,보행자,남,28세,경상
25131,2020080900100376,2020년 8월 9일 20시,일요일,경기도 평택시 이충동,경상사고,0,0,1,0,차대사람 - 기타,안전운전불이행,포장 - 건조,맑음,단일로 - 기타,승합,남,28세,기타불명,보행자,남,34세,경상
25132,2020080900100421,2020년 8월 9일 21시,일요일,경기도 포천시 소흘읍,중상사고,0,1,0,0,차대사람 - 횡단중,보행자보호의무위반,포장 - 젖음/습기,비,교차로 - 교차로횡단보도내,승용,남,59세,상해없음,보행자,여,53세,중상
25133,2020080900100429,2020년 8월 9일 22시,일요일,경기도 안성시 공도읍,경상사고,0,0,1,0,차대사람 - 기타,안전운전불이행,포장 - 건조,흐림,단일로 - 기타,승용,남,31세,상해없음,보행자,남,34세,경상
25134,2020081000100006,2020년 8월 10일 00시,월요일,경기도 부천시 심곡동,경상사고,0,0,1,0,차대사람 - 기타,안전운전불이행,포장 - 건조,맑음,기타 - 기타,이륜,남,29세,상해없음,보행자,남,23세,경상
25135,2020081000100024,2020년 8월 10일 04시,월요일,경기도 부천시 심곡동,중상사고,0,1,0,0,차대사람 - 횡단중,안전운전불이행,포장 - 젖음/습기,비,단일로 - 기타,승용,남,57세,상해없음,보행자,남,81세,중상
25136,2020081000100028,2020년 8월 10일 05시,월요일,경기도 고양시 덕양구 성사동,부상신고사고,0,0,0,1,차대사람 - 기타,안전운전불이행,포장 - 건조,흐림,단일로 - 기타,기타불명,기타불명,미분류,기타불명,보행자,여,53세,부상신고
25137,2020081000100032,2020년 8월 10일 06시,월요일,경기도 군포시 당동,경상사고,0,0,1,0,차대사람 - 횡단중,보행자보호의무위반,포장 - 젖음/습기,흐림,교차로 - 교차로부근,승용,남,36세,상해없음,보행자,남,57세,경상
25138,2020081000100066,2020년 8월 10일 08시,월요일,경기도 양평군 청운면,부상신고사고,0,0,0,1,차대사람 - 기타,안전운전불이행,포장 - 건조,흐림,단일로 - 기타,화물,남,51세,상해없음,보행자,여,95세,부상신고
25139,2020081000100094,2020년 8월 10일 08시,월요일,경기도 양주시 고암동,경상사고,0,0,1,0,차대사람 - 횡단중,보행자보호의무위반,포장 - 건조,맑음,교차로 - 교차로안,승용,남,51세,상해없음,보행자,여,26세,경상
25140,2020081000100130,2020년 8월 10일 09시,월요일,경기도 의정부시 녹양동,중상사고,0,2,0,0,차대사람 - 기타,안전운전불이행,포장 - 젖음/습기,비,교차로 - 교차로안,승용,남,25세,상해없음,보행자,남,62세,중상
25141,2020081000100165,2020년 8월 10일 11시,월요일,경기도 수원시 장안구 율전동,중상사고,0,1,0,0,차대사람 - 횡단중,신호위반,포장 - 건조,흐림,교차로 - 교차로횡단보도내,승용,여,57세,상해없음,보행자,여,40세,중상
25142,2020081000100260,2020년 8월 10일 13시,월요일,경기도 의정부시 의정부동,경상사고,0,0,1,0,차대사람 - 횡단중,안전운전불이행,포장 - 건조,흐림,교차로 - 교차로부근,승용,남,59세,상해없음,보행자,여,75세,경상
25143,2020081000100267,2020년 8월 10일 14시,월요일,경기도 평택시 평택동,경상사고,0,0,1,0,차대사람 - 기타,안전운전불이행,포장 - 젖음/습기,비,단일로 - 기타,승용,남,61세,기타불명,보행자,여,16세,경상
25144,2020081000100272,2020년 8월 10일 14시,월요일,경기도 시흥시 정왕동,경상사고,0,0,1,0,차대사람 - 차도통행중,안전운전불이행,포장 - 건조,맑음,단일로 - 기타,승용,남,29세,상해없음,보행자,여,51세,경상
25145,2020081000100335,2020년 8월 10일 16시,월요일,경기도 용인시 기흥구 신갈동,경상사고,0,0,1,0,차대사람 - 차도통행중,안전운전불이행,포장 - 젖음/습기,비,교차로 - 교차로안,승용,남,56세,상해없음,보행자,여,39세,경상
25146,2020081000100336,2020년 8월 10일 16시,월요일,경기도 김포시 북변동,경상사고,0,0,1,0,차대사람 - 기타,안전운전불이행,포장 - 건조,맑음,교차로 - 교차로안,승합,여,62세,상해없음,보행자,남,49세,경상
25147,2020081000100357,2020년 8월 10일 16시,월요일,경기도 의정부시 의정부동,경상사고,0,0,1,0,차대사람 - 기타,안전운전불이행,포장 - 젖음/습기,비,기타 - 기타,이륜,남,42세,경상,보행자,남,23세,상해없음
25148,2020081000100359,2020년 8월 10일 16시,월요일,경기도 동두천시 생연동,사망사고,1,0,0,0,차대사람 - 횡단중,안전운전불이행,포장 - 건조,흐림,단일로 - 기타,승용,남,50세,상해없음,보행자,여,71세,사망
25149,2020081000100367,2020년 8월 10일 17시,월요일,경기도 평택시 팽성읍,경상사고,0,0,1,0,차대사람 - 횡단중,안전거리미확보,포장 - 건조,맑음,교차로 - 교차로안,승용,여,39세,상해없음,보행자,남,76세,경상
25150,2020081000100369,2020년 8월 10일 17시,월요일,경기도 용인시 처인구 포곡읍,중상사고,0,2,0,0,차대사람 - 횡단중,안전운전불이행,포장 - 건조,맑음,단일로 - 기타,이륜,남,21세,중상,보행자,남,50세,중상
25151,2020081000100438,2020년 8월 10일 19시,월요일,경기도 광명시 철산동,경상사고,0,0,1,0,차대사람 - 기타,안전운전불이행,포장 - 젖음/습기,흐림,단일로 - 기타,승용,남,23세,상해없음,보행자,남,21세,경상
25152,2020081000100440,2020년 8월 10일 19시,월요일,경기도 하남시 덕풍동,경상사고,0,0,2,0,차대사람 - 횡단중,보행자보호의무위반,포장 - 건조,맑음,교차로 - 교차로안,화물,남,62세,상해없음,보행자,여,63세,경상
25153,2020081000100494,2020년 8월 10일 20시,월요일,경기도 의정부시 민락동,경상사고,0,0,1,0,차대사람 - 기타,안전운전불이행,포장 - 젖음/습기,비,단일로 - 기타,이륜,남,26세,경상,보행자,남,25세,상해없음
25154,2020081000100503,2020년 8월 10일 21시,월요일,경기도 수원시 장안구 영화동,경상사고,0,0,1,0,차대사람 - 기타,안전운전불이행,포장 - 젖음/습기,비,단일로 - 기타,승용,남,59세,상해없음,보행자,남,43세,경상
25155,2020081000100506,2020년 8월 10일 21시,월요일,경기도 평택시 서정동,경상사고,0,0,1,0,차대사람 - 기타,안전운전불이행,포장 - 건조,맑음,교차로 - 교차로안,승합,남,53세,상해없음,보행자,남,46세,경상
25156,2020081000100541,2020년 8월 10일 22시,월요일,경기도 안성시 대덕면,중상사고,0,1,0,0,차대사람 - 횡단중,신호위반,포장 - 젖음/습기,비,교차로 - 교차로횡단보도내,승용,남,22세,상해없음,보행자,남,36세,중상
25157,2020081000100542,2020년 8월 10일 22시,월요일,경기도 광주시 송정동,사망사고,1,0,0,0,차대사람 - 횡단중,보행자보호의무위반,포장 - 젖음/습기,비,교차로 - 교차로횡단보도내,화물,남,58세,상해없음,보행자,여,25세,사망
25158,2020081000100543,2020년 8월 10일 22시,월요일,경기도 수원시 영통구 영통동,경상사고,0,0,1,0,차대사람 - 기타,중앙선침범,포장 - 젖음/습기,비,단일로 - 기타,승용,남,49세,상해없음,보행자,남,47세,경상
25159,2020081000100565,2020년 8월 10일 22시,월요일,경기도 남양주시 금곡동,중상사고,0,1,0,0,차대사람 - 횡단중,신호위반,포장 - 젖음/습기,비,교차로 - 교차로횡단보도내,승용,남,60세,상해없음,보행자,여,63세,중상
25160,2020081000100575,2020년 8월 10일 23시,월요일,경기도 안양시 동안구 관양동,경상사고,0,0,1,0,차대사람 - 횡단중,신호위반,포장 - 젖음/습기,비,교차로 - 교차로부근,이륜,남,62세,상해없음,보행자,남,26세,경상
25161,2020081000100578,2020년 8월 10일 23시,월요일,경기도 화성시 봉담읍,경상사고,0,0,1,0,차대사람 - 횡단중,안전운전불이행,포장 - 젖음/습기,비,교차로 - 교차로횡단보도내,기타불명,기타불명,미분류,기타불명,보행자,여,19세,경상
25162,2020081100100018,2020년 8월 11일 00시,화요일,경기도 파주시 금릉동,사망사고,1,0,0,0,차대사람 - 기타,안전운전불이행,포장 - 젖음/습기,비,단일로 - 기타,승용,남,55세,상해없음,보행자,여,62세,사망
25163,2020081100100026,2020년 8월 11일 01시,화요일,경기도 수원시 팔달구 우만동,사망사고,1,0,0,0,차대사람 - 횡단중,과속,포장 - 젖음/습기,비,단일로 - 기타,승용,남,61세,상해없음,보행자,남,49세,사망
25164,2020081100100044,2020년 8월 11일 02시,화요일,경기도 파주시 금촌동,경상사고,0,0,1,0,차대사람 - 횡단중,신호위반,포장 - 젖음/습기,비,교차로 - 교차로안,화물,남,53세,상해없음,보행자,남,60세,경상
25165,2020081100100074,2020년 8월 11일 06시,화요일,경기도 수원시 영통구 영통동,경상사고,0,0,1,0,차대사람 - 횡단중,신호위반,포장 - 건조,맑음,교차로 - 교차로횡단보도내,승용,남,44세,상해없음,보행자,남,66세,경상
25166,2020081100100075,2020년 8월 11일 06시,화요일,경기도 성남시 중원구 은행동,경상사고,0,0,1,0,차대사람 - 횡단중,안전운전불이행,포장 - 젖음/습기,비,단일로 - 기타,승용,남,64세,상해없음,보행자,여,53세,경상
25167,2020081100100115,2020년 8월 11일 08시,화요일,경기도 용인시 처인구 모현읍,중상사고,0,1,0,0,차대사람 - 횡단중,보행자보호의무위반,포장 - 젖음/습기,비,단일로 - 기타,화물,남,23세,상해없음,보행자,여,58세,중상
25168,2020081100100118,2020년 8월 11일 08시,화요일,경기도 시흥시 무지내동,중상사고,0,1,0,0,차대사람 - 기타,안전운전불이행,포장 - 젖음/습기,비,단일로 - 기타,승합,남,53세,상해없음,보행자,여,73세,중상
25169,2020081100100119,2020년 8월 11일 08시,화요일,경기도 화성시 서신면,경상사고,0,0,1,0,차대사람 - 차도통행중,안전운전불이행,포장 - 젖음/습기,비,단일로 - 기타,승용,여,65세,상해없음,보행자,여,39세,경상
25170,2020081100100156,2020년 8월 11일 09시,화요일,경기도 성남시 중원구 하대원동,경상사고,0,0,1,0,차대사람 - 횡단중,안전운전불이행,포장 - 건조,맑음,단일로 - 기타,화물,남,39세,상해없음,보행자,여,43세,경상
25171,2020081100100157,2020년 8월 11일 09시,화요일,경기도 하남시 신장동,중상사고,0,1,0,0,차대사람 - 기타,안전운전불이행,포장 - 건조,맑음,교차로 - 교차로부근,승용,남,77세,상해없음,보행자,여,77세,중상
25172,2020081100100183,2020년 8월 11일 10시,화요일,경기도 하남시 망월동,경상사고,0,0,1,0,차대사람 - 기타,안전운전불이행,포장 - 건조,맑음,단일로 - 기타,이륜,남,47세,경상,보행자,남,67세,상해없음
25173,2020081100100280,2020년 8월 11일 13시,화요일,경기도 평택시 지산동,중상사고,0,1,0,0,차대사람 - 횡단중,안전운전불이행,포장 - 건조,맑음,단일로 - 기타,승용,여,47세,상해없음,보행자,여,78세,중상
25174,2020081100100320,2020년 8월 11일 14시,화요일,경기도 평택시 서정동,경상사고,0,0,1,0,차대사람 - 기타,안전운전불이행,포장 - 건조,맑음,단일로 - 기타,화물,남,30세,상해없음,보행자,여,81세,경상
25175,2020081100100322,2020년 8월 11일 14시,화요일,경기도 부천시 중동,경상사고,0,0,1,0,차대사람 - 횡단중,기타,포장 - 건조,맑음,단일로 - 기타,승용,남,73세,상해없음,보행자,여,56세,경상
25176,2020081100100390,2020년 8월 11일 16시,화요일,경기도 성남시 분당구 궁내동,경상사고,0,0,2,0,차대사람 - 기타,안전운전불이행,포장 - 건조,맑음,기타 - 기타,승용,여,46세,상해없음,보행자,남,63세,경상
25177,2020081100100443,2020년 8월 11일 17시,화요일,경기도 남양주시 화도읍,경상사고,0,0,1,0,차대사람 - 횡단중,안전운전불이행,포장 - 건조,맑음,교차로 - 교차로부근,승용,여,56세,상해없음,보행자,여,68세,경상
25178,2020081100100455,2020년 8월 11일 18시,화요일,경기도 부천시 도당동,경상사고,0,0,1,0,차대사람 - 차도통행중,중앙선침범,포장 - 건조,맑음,단일로 - 기타,이륜,남,16세,상해없음,보행자,남,43세,경상
25179,2020081100100456,2020년 8월 11일 18시,화요일,경기도 과천시 별양동,경상사고,0,0,1,0,차대사람 - 차도통행중,안전운전불이행,포장 - 젖음/습기,비,단일로 - 기타,원동기,남,49세,상해없음,보행자,남,79세,경상
25180,2020081100100457,2020년 8월 11일 18시,화요일,경기도 수원시 영통구 영통동,경상사고,0,0,1,0,차대사람 - 기타,안전운전불이행,포장 - 젖음/습기,비,단일로 - 기타,승용,남,58세,상해없음,보행자,남,28세,경상
25181,2020081100100462,2020년 8월 11일 18시,화요일,경기도 하남시 신장동,경상사고,0,0,1,0,차대사람 - 횡단중,중앙선침범,포장 - 건조,맑음,단일로 - 기타,이륜,남,23세,상해없음,보행자,여,57세,경상
25182,2020081100100503,2020년 8월 11일 19시,화요일,경기도 김포시 사우동,중상사고,0,1,0,0,차대사람 - 횡단중,안전운전불이행,포장 - 건조,맑음,교차로 - 교차로안,화물,남,56세,상해없음,보행자,여,51세,중상
25183,2020081100100530,2020년 8월 11일 20시,화요일,경기도 광주시 탄벌동,경상사고,0,0,1,0,차대사람 - 횡단중,안전운전불이행,포장 - 젖음/습기,비,단일로 - 기타,승용,여,40세,상해없음,보행자,남,62세,경상
25184,2020081100100535,2020년 8월 11일 20시,화요일,경기도 성남시 중원구 상대원동,부상신고사고,0,0,0,1,차대사람 - 기타,신호위반,포장 - 건조,맑음,단일로 - 기타,승용,여,46세,상해없음,보행자,남,37세,부상신고
25185,2020081100100536,2020년 8월 11일 20시,화요일,경기도 하남시 덕풍동,경상사고,0,0,1,0,차대사람 - 기타,안전운전불이행,포장 - 건조,맑음,단일로 - 기타,승합,남,36세,기타불명,보행자,남,62세,경상
25186,2020081100100563,2020년 8월 11일 21시,화요일,경기도 광명시 철산동,중상사고,0,1,0,0,차대사람 - 기타,안전운전불이행,포장 - 건조,맑음,교차로 - 교차로안,화물,남,53세,상해없음,보행자,남,47세,중상
25187,2020081100100605,2020년 8월 11일 22시,화요일,경기도 양주시 덕계동,경상사고,0,0,1,0,차대사람 - 기타,안전운전불이행,포장 - 건조,맑음,단일로 - 기타,승합,남,45세,상해없음,보행자,남,22세,경상
25188,2020081100100619,2020년 8월 11일 23시,화요일,경기도 고양시 덕양구 화정동,경상사고,0,0,1,0,차대사람 - 횡단중,교차로운행방법위반,포장 - 건조,맑음,교차로 - 교차로안,승합,남,67세,상해없음,보행자,남,63세,경상
25189,2020081200100038,2020년 8월 12일 04시,수요일,경기도 여주시 가남읍,경상사고,0,0,1,0,차대사람 - 기타,안전운전불이행,포장 - 건조,맑음,교차로 - 교차로안,승용,남,49세,상해없음,보행자,여,18세,경상
25190,2020081200100089,2020년 8월 12일 08시,수요일,경기도 여주시 가남읍,중상사고,0,1,0,0,차대사람 - 횡단중,안전운전불이행,포장 - 건조,흐림,교차로 - 교차로안,승용,여,40세,상해없음,보행자,여,55세,중상
25191,2020081200100236,2020년 8월 12일 12시,수요일,경기도 광주시 경안동,경상사고,0,0,1,0,차대사람 - 기타,안전운전불이행,포장 - 건조,맑음,단일로 - 기타,승용,남,46세,상해없음,보행자,여,62세,경상
25192,2020081200100270,2020년 8월 12일 13시,수요일,경기도 안산시 상록구 이동,중상사고,0,1,0,0,차대사람 - 보도통행중,기타,포장 - 건조,맑음,단일로 - 기타,이륜,남,63세,상해없음,보행자,여,73세,중상
25193,2020081200100292,2020년 8월 12일 13시,수요일,경기도 의정부시 가능동,경상사고,0,0,1,0,차대사람 - 차도통행중,안전운전불이행,포장 - 건조,맑음,단일로 - 기타,승용,남,61세,상해없음,보행자,여,33세,경상
25194,2020081200100294,2020년 8월 12일 13시,수요일,경기도 남양주시 평내동,경상사고,0,0,1,0,차대사람 - 횡단중,신호위반,포장 - 건조,맑음,교차로 - 교차로안,이륜,남,49세,상해없음,보행자,여,28세,경상
25195,2020081200100304,2020년 8월 12일 14시,수요일,경기도 양평군 양평읍,중상사고,0,1,0,0,차대사람 - 기타,보행자보호의무위반,포장 - 건조,맑음,교차로 - 교차로부근,승용,남,70세,상해없음,보행자,여,8세,중상
25196,2020081200100336,2020년 8월 12일 15시,수요일,경기도 김포시 풍무동,경상사고,0,0,1,0,차대사람 - 횡단중,보행자보호의무위반,포장 - 건조,맑음,교차로 - 교차로안,승용,여,30세,상해없음,보행자,남,5세,경상
25197,2020081200100363,2020년 8월 12일 15시,수요일,경기도 파주시 문산읍,경상사고,0,0,1,0,차대사람 - 길가장자리구역통행중,안전운전불이행,포장 - 건조,맑음,단일로 - 기타,승용,남,50세,상해없음,보행자,여,58세,경상
25198,2020081200100378,2020년 8월 12일 16시,수요일,경기도 화성시 팔탄면,중상사고,0,1,0,0,차대사람 - 차도통행중,안전운전불이행,포장 - 건조,맑음,단일로 - 기타,승용,남,58세,상해없음,보행자,여,46세,중상
25199,2020081200100451,2020년 8월 12일 17시,수요일,경기도 구리시 인창동,중상사고,0,1,0,0,차대사람 - 보도통행중,보행자보호의무위반,포장 - 건조,맑음,교차로 - 교차로안,승용,여,35세,상해없음,보행자,여,76세,중상
25200,2020081200100459,2020년 8월 12일 18시,수요일,경기도 평택시 비전동,부상신고사고,0,0,0,2,차대사람 - 횡단중,안전운전불이행,포장 - 젖음/습기,흐림,교차로 - 교차로안,이륜,남,20세,부상신고,보행자,여,5세,부상신고
25201,2020081200100461,2020년 8월 12일 18시,수요일,경기도 안양시 동안구 관양동,경상사고,0,0,1,0,차대사람 - 기타,안전운전불이행,포장 - 건조,맑음,단일로 - 기타,승용,남,32세,상해없음,보행자,남,65세,경상
25202,2020081200100462,2020년 8월 12일 18시,수요일,경기도 광주시 탄벌동,중상사고,0,1,0,0,차대사람 - 기타,안전운전불이행,포장 - 건조,맑음,단일로 - 기타,자전거,여,59세,중상,보행자,여,51세,상해없음
25203,2020081200100467,2020년 8월 12일 18시,수요일,경기도 수원시 권선구 권선동,중상사고,0,1,0,0,차대사람 - 횡단중,신호위반,포장 - 건조,맑음,교차로 - 교차로안,개인형이동수단(PM),남,17세,상해없음,보행자,여,44세,중상
25204,2020081200100493,2020년 8월 12일 18시,수요일,경기도 고양시 일산동구 장항동,중상사고,0,1,0,0,차대사람 - 기타,기타,포장 - 건조,맑음,교차로 - 교차로부근,승용,여,52세,상해없음,보행자,남,67세,중상
25205,2020081200100526,2020년 8월 12일 20시,수요일,경기도 안산시 단원구 와동,경상사고,0,0,1,0,차대사람 - 보도통행중,기타,포장 - 건조,맑음,단일로 - 기타,개인형이동수단(PM),남,20세,상해없음,보행자,여,62세,경상
25206,2020081200100529,2020년 8월 12일 20시,수요일,경기도 화성시 병점동,경상사고,0,0,1,0,차대사람 - 횡단중,보행자보호의무위반,포장 - 건조,맑음,교차로 - 교차로안,승용,남,68세,상해없음,보행자,여,47세,경상
25207,2020081200100545,2020년 8월 12일 20시,수요일,경기도 고양시 일산서구 일산동,중상사고,0,1,0,0,차대사람 - 횡단중,보행자보호의무위반,포장 - 건조,맑음,교차로 - 교차로횡단보도내,승용,여,54세,상해없음,보행자,남,59세,중상
25208,2020081200100614,2020년 8월 12일 23시,수요일,경기도 화성시 진안동,중상사고,0,1,0,0,차대사람 - 기타,과속,포장 - 건조,맑음,단일로 - 기타,승용,남,21세,상해없음,보행자,남,45세,중상
25209,2020081300100041,2020년 8월 13일 05시,목요일,경기도 고양시 덕양구 토당동,경상사고,0,0,1,0,차대사람 - 기타,안전운전불이행,포장 - 건조,맑음,교차로 - 교차로안,화물,남,57세,상해없음,보행자,남,80세,경상
25210,2020081300100123,2020년 8월 13일 09시,목요일,경기도 의정부시 가능동,중상사고,0,1,0,0,차대사람 - 횡단중,보행자보호의무위반,포장 - 건조,맑음,교차로 - 교차로횡단보도내,승용,남,59세,상해없음,보행자,여,64세,중상
25211,2020081300100158,2020년 8월 13일 10시,목요일,경기도 남양주시 퇴계원면,경상사고,0,0,1,0,차대사람 - 기타,안전운전불이행,포장 - 건조,맑음,교차로 - 교차로안,승용,남,74세,상해없음,보행자,남,41세,경상
25212,2020081300100159,2020년 8월 13일 10시,목요일,경기도 남양주시 와부읍,경상사고,0,0,1,0,차대사람 - 기타,안전운전불이행,포장 - 건조,맑음,단일로 - 기타,승용,남,56세,상해없음,보행자,남,59세,경상
25213,2020081300100220,2020년 8월 13일 12시,목요일,경기도 안양시 만안구 안양동,중상사고,0,1,0,0,차대사람 - 기타,기타,포장 - 건조,맑음,단일로 - 기타,승합,남,60세,기타불명,보행자,여,63세,중상
25214,2020081300100272,2020년 8월 13일 13시,목요일,경기도 의정부시 용현동,경상사고,0,0,1,0,차대사람 - 보도통행중,기타,포장 - 건조,맑음,단일로 - 기타,원동기,남,71세,상해없음,보행자,남,61세,경상
25215,2020081300100273,2020년 8월 13일 13시,목요일,경기도 의정부시 의정부동,경상사고,0,0,1,0,차대사람 - 기타,안전운전불이행,포장 - 건조,맑음,단일로 - 기타,승용,남,69세,상해없음,보행자,여,57세,경상