,사고번호,사고일시,요일,시군구,사고내용,사망자수,중상자수,경상자수,부상신고자수,사고유형,법규위반,노면상태,기상상태,도로형태,가해운전자 차종,가해운전자 성별,가해운전자 연령,가해운전자 상해정도,피해운전자 차종,피해운전자 성별,피해운전자 연령,피해운전자 상해정도
25329,2020081900100039,2020년 8월 19일 05시,수요일,경기도 군포시 당동,중상사고,0,1,0,0,차대사람 - 기타,안전운전불이행,포장 - 기타,기타,기타 - 기타,기타불명,기타불명,미분류,기타불명,보행자,남,69세,중상
25330,2020081900100040,2020년 8월 19일 05시,수요일,경기도 안양시 만안구 안양동,중상사고,0,1,0,0,차대사람 - 차도통행중,안전운전불이행,포장 - 건조,맑음,단일로 - 기타,화물,남,48세,상해없음,보행자,여,69세,중상
25331,2020081900100115,2020년 8월 19일 08시,수요일,경기도 의정부시 호원동,경상사고,0,0,1,0,차대사람 - 횡단중,안전운전불이행,포장 - 건조,맑음,단일로 - 기타,승용,남,70세,상해없음,보행자,여,69세,경상
25332,2020081900100124,2020년 8월 19일 09시,수요일,경기도 시흥시 정왕동,중상사고,0,1,0,0,차대사람 - 기타,안전운전불이행,포장 - 건조,맑음,교차로 - 교차로안,화물,남,54세,상해없음,보행자,남,81세,중상
25333,2020081900100158,2020년 8월 19일 10시,수요일,경기도 용인시 처인구 이동읍,중상사고,0,1,0,0,차대사람 - 기타,안전운전불이행,포장 - 건조,맑음,단일로 - 기타,건설기계,남,47세,상해없음,보행자,여,40세,중상
25334,2020081900100234,2020년 8월 19일 12시,수요일,경기도 성남시 분당구 수내동,경상사고,0,0,1,0,차대사람 - 기타,보행자보호의무위반,포장 - 건조,맑음,교차로 - 교차로횡단보도내,화물,남,47세,상해없음,보행자,여,15세,경상
25335,2020081900100278,2020년 8월 19일 13시,수요일,경기도 부천시 상동,경상사고,0,0,1,0,차대사람 - 기타,안전운전불이행,포장 - 건조,맑음,단일로 - 기타,승용,남,48세,상해없음,보행자,여,36세,경상
25336,2020081900100361,2020년 8월 19일 15시,수요일,경기도 성남시 분당구 금곡동,중상사고,0,1,0,0,차대사람 - 기타,안전운전불이행,포장 - 건조,맑음,기타 - 기타,승용,여,52세,상해없음,보행자,여,79세,중상
25337,2020081900100437,2020년 8월 19일 17시,수요일,경기도 안성시 양성면,경상사고,0,0,1,0,차대사람 - 기타,안전운전불이행,포장 - 건조,맑음,단일로 - 기타,승용,남,44세,기타불명,보행자,남,65세,경상
25338,2020081900100466,2020년 8월 19일 17시,수요일,경기도 의정부시 용현동,경상사고,0,0,2,0,차대사람 - 횡단중,안전운전불이행,포장 - 건조,맑음,단일로 - 기타,개인형이동수단(PM),남,31세,경상,보행자,여,62세,경상
25339,2020081900100535,2020년 8월 19일 19시,수요일,경기도 화성시 반송동,경상사고,0,0,1,0,차대사람 - 보도통행중,신호위반,포장 - 건조,맑음,교차로 - 교차로안,승용,남,56세,상해없음,보행자,여,7세,경상
25340,2020081900100558,2020년 8월 19일 19시,수요일,경기도 고양시 일산서구 덕이동,중상사고,0,2,1,0,차대사람 - 횡단중,안전운전불이행,포장 - 건조,맑음,교차로 - 교차로횡단보도내,기타불명,기타불명,미분류,기타불명,보행자,남,17세,중상
25341,2020081900100564,2020년 8월 19일 20시,수요일,경기도 이천시 창전동,경상사고,0,0,1,0,차대사람 - 길가장자리구역통행중,안전운전불이행,포장 - 건조,맑음,교차로 - 교차로안,화물,남,56세,상해없음,보행자,남,36세,경상
25342,2020081900100577,2020년 8월 19일 20시,수요일,경기도 하남시 천현동,부상신고사고,0,0,0,1,차대사람 - 차도통행중,안전운전불이행,포장 - 건조,맑음,기타 - 기타,화물,여,51세,상해없음,보행자,남,59세,부상신고
25343,2020081900100599,2020년 8월 19일 21시,수요일,경기도 평택시 지산동,부상신고사고,0,0,0,1,차대사람 - 기타,안전운전불이행,포장 - 건조,맑음,단일로 - 기타,기타불명,기타불명,미분류,기타불명,보행자,남,46세,부상신고
25344,2020081900100602,2020년 8월 19일 21시,수요일,경기도 이천시 진리동,중상사고,0,1,0,0,차대사람 - 횡단중,안전운전불이행,포장 - 건조,맑음,교차로 - 교차로부근,승용,여,23세,상해없음,보행자,여,79세,중상
25345,2020081900100605,2020년 8월 19일 21시,수요일,경기도 오산시 오산동,경상사고,0,0,1,0,차대사람 - 횡단중,안전운전불이행,포장 - 건조,맑음,교차로 - 교차로횡단보도내,이륜,남,18세,상해없음,보행자,남,32세,경상
25346,2020081900100638,2020년 8월 19일 22시,수요일,경기도 하남시 망월동,부상신고사고,0,0,0,1,차대사람 - 차도통행중,안전운전불이행,포장 - 건조,맑음,기타 - 기타,자전거,남,51세,상해없음,보행자,남,55세,부상신고
25347,2020081900100644,2020년 8월 19일 22시,수요일,경기도 고양시 덕양구 관산동,경상사고,0,0,1,0,차대사람 - 횡단중,보행자보호의무위반,포장 - 건조,맑음,교차로 - 교차로횡단보도내,승용,여,36세,상해없음,보행자,남,46세,경상
25348,2020081900100668,2020년 8월 19일 23시,수요일,경기도 고양시 덕양구 관산동,중상사고,0,1,0,0,차대사람 - 횡단중,신호위반,포장 - 건조,맑음,교차로 - 교차로횡단보도내,특수,남,53세,상해없음,보행자,여,19세,중상
25349,2020082000100018,2020년 8월 20일 01시,목요일,경기도 남양주시 별내동,중상사고,0,1,0,0,차대사람 - 기타,안전운전불이행,포장 - 건조,맑음,교차로 - 교차로부근,승용,남,34세,상해없음,보행자,남,36세,중상
25350,2020082000100086,2020년 8월 20일 07시,목요일,경기도 파주시 와동,경상사고,0,0,1,0,차대사람 - 기타,안전운전불이행,포장 - 건조,맑음,기타 - 기타,자전거,남,77세,상해없음,보행자,여,79세,경상
25351,2020082000100099,2020년 8월 20일 08시,목요일,경기도 안양시 만안구 안양동,중상사고,0,1,0,0,차대사람 - 횡단중,보행자보호의무위반,포장 - 건조,맑음,교차로 - 교차로횡단보도내,승용,여,62세,상해없음,보행자,여,79세,중상
25352,2020082000100164,2020년 8월 20일 10시,목요일,경기도 용인시 처인구 유방동,중상사고,0,1,0,0,차대사람 - 횡단중,보행자보호의무위반,포장 - 건조,맑음,단일로 - 기타,승용,남,66세,상해없음,보행자,여,84세,중상
25353,2020082000100178,2020년 8월 20일 10시,목요일,경기도 남양주시 와부읍,중상사고,0,1,0,0,차대사람 - 횡단중,안전운전불이행,포장 - 건조,맑음,교차로 - 교차로부근,화물,남,40세,상해없음,보행자,여,79세,중상
25354,2020082000100233,2020년 8월 20일 12시,목요일,경기도 성남시 분당구 백현동,중상사고,0,1,0,0,차대사람 - 기타,안전운전불이행,포장 - 건조,맑음,기타 - 기타,화물,남,35세,상해없음,보행자,남,49세,중상
25355,2020082000100281,2020년 8월 20일 13시,목요일,경기도 광주시 초월읍,경상사고,0,0,1,0,차대사람 - 기타,중앙선침범,포장 - 건조,맑음,단일로 - 기타,승용,남,60세,상해없음,보행자,남,28세,경상
25356,2020082000100325,2020년 8월 20일 14시,목요일,경기도 평택시 비전동,중상사고,0,1,0,0,차대사람 - 차도통행중,안전운전불이행,포장 - 건조,맑음,교차로 - 교차로안,승용,남,46세,상해없음,보행자,남,72세,중상
25357,2020082000100364,2020년 8월 20일 15시,목요일,경기도 부천시 춘의동,경상사고,0,0,1,0,차대사람 - 기타,안전운전불이행,포장 - 건조,맑음,기타 - 기타,화물,남,58세,상해없음,보행자,여,48세,경상
25358,2020082000100365,2020년 8월 20일 15시,목요일,경기도 안산시 단원구 선부동,경상사고,0,0,1,0,차대사람 - 횡단중,안전운전불이행,포장 - 건조,맑음,교차로 - 교차로안,승용,남,69세,상해없음,보행자,여,36세,경상
25359,2020082000100367,2020년 8월 20일 15시,목요일,경기도 수원시 팔달구 인계동,경상사고,0,0,1,0,차대사람 - 기타,신호위반,포장 - 건조,맑음,교차로 - 교차로횡단보도내,기타불명,기타불명,미분류,기타불명,보행자,여,53세,경상
25360,2020082000100401,2020년 8월 20일 16시,목요일,경기도 수원시 권선구 세류동,중상사고,0,1,0,0,차대사람 - 기타,안전운전불이행,포장 - 건조,맑음,단일로 - 기타,승합,남,61세,상해없음,보행자,여,68세,중상
25361,2020082000100403,2020년 8월 20일 16시,목요일,경기도 성남시 분당구 서현동,중상사고,0,1,0,0,차대사람 - 횡단중,안전운전불이행,포장 - 건조,맑음,교차로 - 교차로안,승용,여,51세,상해없음,보행자,남,21세,중상
25362,2020082000100434,2020년 8월 20일 17시,목요일,경기도 용인시 처인구 모현읍,경상사고,0,0,1,0,차대사람 - 기타,안전운전불이행,포장 - 건조,맑음,단일로 - 기타,승용,남,55세,상해없음,보행자,남,7세,경상
25363,2020082000100440,2020년 8월 20일 17시,목요일,경기도 용인시 수지구 죽전동,경상사고,0,0,1,0,차대사람 - 보도통행중,보행자보호의무위반,포장 - 건조,맑음,교차로 - 교차로안,승용,여,62세,상해없음,보행자,여,50세,경상
25364,2020082000100530,2020년 8월 20일 19시,목요일,경기도 화성시 석우동,중상사고,0,1,0,0,차대사람 - 횡단중,안전운전불이행,포장 - 건조,맑음,단일로 - 기타,승합,남,64세,상해없음,보행자,남,36세,중상
25365,2020082000100552,2020년 8월 20일 19시,목요일,경기도 남양주시 화도읍,경상사고,0,0,1,0,차대사람 - 횡단중,보행자보호의무위반,포장 - 건조,맑음,교차로 - 교차로안,승용,남,47세,상해없음,보행자,남,37세,경상
25366,2020082000100557,2020년 8월 20일 20시,목요일,경기도 군포시 산본동,경상사고,0,0,1,0,차대사람 - 횡단중,보행자보호의무위반,포장 - 건조,맑음,교차로 - 교차로횡단보도내,승용,남,42세,상해없음,보행자,남,20세,경상
25367,2020082000100584,2020년 8월 20일 21시,목요일,경기도 성남시 수정구 둔전동,경상사고,0,0,1,0,차대사람 - 기타,안전운전불이행,포장 - 건조,맑음,단일로 - 기타,자전거,여,53세,경상,보행자,남,38세,상해없음
25368,2020082000100589,2020년 8월 20일 21시,목요일,경기도 안산시 상록구 사동,중상사고,0,1,0,0,차대사람 - 기타,안전운전불이행,포장 - 건조,맑음,교차로 - 교차로안,승용,남,25세,상해없음,보행자,여,51세,중상
25369,2020082000100624,2020년 8월 20일 23시,목요일,경기도 안양시 동안구 호계동,경상사고,0,0,1,0,차대사람 - 기타,교차로운행방법위반,포장 - 건조,맑음,교차로 - 교차로안,승용,여,36세,상해없음,보행자,여,21세,경상
25370,2020082100100006,2020년 8월 21일 00시,금요일,경기도 성남시 수정구 태평동,경상사고,0,0,1,0,차대사람 - 기타,안전운전불이행,포장 - 건조,맑음,단일로 - 기타,승용,여,42세,상해없음,보행자,남,31세,경상
25371,2020082100100112,2020년 8월 21일 08시,금요일,경기도 고양시 일산동구 마두동,부상신고사고,0,0,0,1,차대사람 - 횡단중,신호위반,포장 - 젖음/습기,비,교차로 - 교차로횡단보도내,승용,남,28세,상해없음,보행자,여,26세,부상신고
25372,2020082100100130,2020년 8월 21일 09시,금요일,경기도 시흥시 정왕동,중상사고,0,1,0,0,차대사람 - 횡단중,안전운전불이행,포장 - 건조,맑음,교차로 - 교차로안,승용,남,41세,상해없음,보행자,여,32세,중상
25373,2020082100100131,2020년 8월 21일 09시,금요일,경기도 시흥시 정왕동,경상사고,0,0,1,0,차대사람 - 횡단중,신호위반,포장 - 건조,맑음,교차로 - 교차로안,승용,여,41세,상해없음,보행자,여,37세,경상
25374,2020082100100160,2020년 8월 21일 10시,금요일,경기도 부천시 괴안동,부상신고사고,0,0,0,1,차대사람 - 기타,안전운전불이행,포장 - 건조,맑음,단일로 - 기타,기타불명,기타불명,미분류,기타불명,보행자,여,78세,부상신고
25375,2020082100100184,2020년 8월 21일 11시,금요일,경기도 오산시 세교동,중상사고,0,1,0,0,차대사람 - 기타,안전운전불이행,포장 - 건조,맑음,단일로 - 기타,화물,남,58세,상해없음,보행자,남,64세,중상
25376,2020082100100219,2020년 8월 21일 12시,금요일,경기도 부천시 중동,경상사고,0,0,1,0,차대사람 - 기타,안전운전불이행,포장 - 건조,맑음,단일로 - 기타,승용,남,69세,상해없음,보행자,남,7세,경상
25377,2020082100100291,2020년 8월 21일 14시,금요일,경기도 화성시 향남읍,중상사고,0,1,0,0,차대사람 - 기타,기타,포장 - 건조,맑음,기타 - 기타,승합,남,65세,상해없음,보행자,남,74세,중상
25378,2020082100100347,2020년 8월 21일 15시,금요일,경기도 구리시 수택동,경상사고,0,0,1,0,차대사람 - 차도통행중,신호위반,포장 - 건조,맑음,단일로 - 기타,이륜,남,40세,상해없음,보행자,남,46세,경상
25379,2020082100100348,2020년 8월 21일 15시,금요일,경기도 가평군 조종면,중상사고,0,1,0,0,차대사람 - 기타,안전운전불이행,포장 - 건조,맑음,단일로 - 기타,화물,남,46세,상해없음,보행자,남,84세,중상
25380,2020082100100349,2020년 8월 21일 15시,금요일,경기도 고양시 일산서구 대화동,경상사고,0,0,1,0,차대사람 - 기타,불법유턴,포장 - 건조,맑음,단일로 - 기타,승용,남,55세,상해없음,보행자,남,66세,경상
25381,2020082100100355,2020년 8월 21일 16시,금요일,경기도 성남시 수정구 태평동,경상사고,0,0,1,0,차대사람 - 횡단중,신호위반,포장 - 건조,맑음,교차로 - 교차로횡단보도내,이륜,남,20세,상해없음,보행자,남,10세,경상
25382,2020082100100356,2020년 8월 21일 16시,금요일,경기도 김포시 풍무동,경상사고,0,0,1,0,차대사람 - 차도통행중,안전운전불이행,포장 - 건조,맑음,단일로 - 기타,승용,여,24세,상해없음,보행자,여,57세,경상
25383,2020082100100357,2020년 8월 21일 16시,금요일,경기도 김포시 양촌읍,경상사고,0,0,1,0,차대사람 - 기타,안전운전불이행,포장 - 건조,맑음,기타 - 기타,승용,남,51세,기타불명,보행자,여,12세,경상
25384,2020082100100381,2020년 8월 21일 16시,금요일,경기도 양주시 고암동,경상사고,0,0,1,0,차대사람 - 보도통행중,안전운전불이행,포장 - 건조,맑음,교차로 - 교차로안,승용,남,53세,상해없음,보행자,남,13세,경상
25385,2020082100100427,2020년 8월 21일 18시,금요일,경기도 안산시 상록구 수암동,경상사고,0,0,1,0,차대사람 - 기타,안전운전불이행,포장 - 건조,맑음,단일로 - 기타,승용,남,58세,상해없음,보행자,남,36세,경상
25386,2020082100100519,2020년 8월 21일 20시,금요일,경기도 평택시 포승읍,중상사고,0,1,0,0,차대사람 - 횡단중,안전운전불이행,포장 - 건조,맑음,단일로 - 기타,승용,남,37세,상해없음,보행자,여,47세,중상
25387,2020082100100520,2020년 8월 21일 20시,금요일,경기도 평택시 합정동,경상사고,0,0,1,0,차대사람 - 기타,안전운전불이행,포장 - 건조,맑음,교차로 - 교차로안,승용,남,51세,상해없음,보행자,남,39세,경상
25388,2020082100100526,2020년 8월 21일 20시,금요일,경기도 화성시 우정읍,경상사고,0,0,1,0,차대사람 - 횡단중,안전운전불이행,포장 - 건조,맑음,단일로 - 기타,승용,여,58세,상해없음,보행자,남,17세,경상
25389,2020082100100546,2020년 8월 21일 20시,금요일,경기도 고양시 덕양구 원흥동,경상사고,0,0,1,0,차대사람 - 횡단중,보행자보호의무위반,포장 - 건조,맑음,단일로 - 기타,승용,남,56세,상해없음,보행자,남,59세,경상
25390,2020082100100556,2020년 8월 21일 21시,금요일,경기도 성남시 수정구 신흥동,경상사고,0,0,1,0,차대사람 - 기타,기타,포장 - 건조,맑음,기타 - 기타,승합,남,64세,상해없음,보행자,여,59세,경상
25391,2020082100100557,2020년 8월 21일 21시,금요일,경기도 평택시 서정동,경상사고,0,0,1,0,차대사람 - 기타,보행자보호의무위반,포장 - 건조,맑음,단일로 - 기타,승용,남,24세,상해없음,보행자,여,83세,경상
25392,2020082100100607,2020년 8월 21일 22시,금요일,경기도 고양시 일산동구 중산동,경상사고,0,0,1,0,차대사람 - 기타,안전운전불이행,포장 - 건조,맑음,단일로 - 기타,승용,남,42세,상해없음,보행자,남,25세,경상
25393,2020082100100613,2020년 8월 21일 23시,금요일,경기도 이천시 창전동,경상사고,0,0,1,0,차대사람 - 횡단중,안전운전불이행,포장 - 건조,맑음,교차로 - 교차로부근,승용,남,27세,상해없음,보행자,여,44세,경상
25394,2020082200100134,2020년 8월 22일 09시,토요일,경기도 김포시 양촌읍,중상사고,0,1,0,0,차대사람 - 보도통행중,기타,포장 - 건조,맑음,기타 - 기타,승용,남,51세,상해없음,보행자,여,78세,중상
25395,2020082200100155,2020년 8월 22일 09시,토요일,경기도 파주시 월롱면,경상사고,0,0,2,0,차대사람 - 기타,기타,포장 - 건조,맑음,단일로 - 기타,승용,남,63세,상해없음,보행자,여,27세,경상
25396,2020082200100191,2020년 8월 22일 11시,토요일,경기도 수원시 팔달구 북수동,중상사고,0,1,0,0,차대사람 - 기타,기타,포장 - 건조,맑음,단일로 - 기타,승합,남,47세,상해없음,보행자,여,55세,중상
25397,2020082200100196,2020년 8월 22일 11시,토요일,경기도 화성시 봉담읍,경상사고,0,0,1,0,차대사람 - 기타,안전운전불이행,포장 - 젖음/습기,흐림,기타 - 기타,승합,여,57세,상해없음,보행자,여,71세,경상
25398,2020082200100210,2020년 8월 22일 11시,토요일,경기도 고양시 덕양구 강매동,중상사고,0,1,0,0,차대사람 - 길가장자리구역통행중,안전운전불이행,포장 - 건조,맑음,단일로 - 기타,화물,남,57세,상해없음,보행자,여,56세,중상
25399,2020082200100407,2020년 8월 22일 16시,토요일,경기도 의정부시 의정부동,경상사고,0,0,1,0,차대사람 - 기타,안전운전불이행,포장 - 젖음/습기,흐림,단일로 - 기타,승용,여,48세,상해없음,보행자,남,62세,경상
25400,2020082200100419,2020년 8월 22일 17시,토요일,경기도 오산시 오산동,부상신고사고,0,0,0,2,차대사람 - 횡단중,안전운전불이행,포장 - 건조,맑음,교차로 - 교차로부근,화물,남,61세,상해없음,보행자,남,63세,부상신고
25401,2020082200100427,2020년 8월 22일 17시,토요일,경기도 화성시 반송동,경상사고,0,0,1,0,차대사람 - 횡단중,신호위반,포장 - 젖음/습기,비,교차로 - 교차로부근,기타불명,기타불명,미분류,기타불명,보행자,남,10세,경상
25402,2020082200100502,2020년 8월 22일 19시,토요일,경기도 광명시 하안동,중상사고,0,1,0,0,차대사람 - 길가장자리구역통행중,안전운전불이행,포장 - 젖음/습기,비,교차로 - 교차로부근,승용,남,48세,상해없음,보행자,여,27세,중상
25403,2020082200100534,2020년 8월 22일 19시,토요일,경기도 파주시 금촌동,경상사고,0,0,1,0,차대사람 - 기타,안전운전불이행,포장 - 건조,맑음,단일로 - 기타,승용,남,56세,상해없음,보행자,남,47세,경상
25404,2020082200100563,2020년 8월 22일 20시,토요일,경기도 남양주시 평내동,중상사고,0,1,0,0,차대사람 - 횡단중,보행자보호의무위반,포장 - 젖음/습기,비,교차로 - 교차로횡단보도내,승용,여,48세,상해없음,보행자,남,53세,중상
25405,2020082200100574,2020년 8월 22일 21시,토요일,경기도 광주시 회덕동,중상사고,0,2,0,0,차대사람 - 횡단중,신호위반,포장 - 건조,맑음,교차로 - 교차로횡단보도내,승용,남,40세,상해없음,보행자,여,59세,중상
25406,2020082200100576,2020년 8월 22일 21시,토요일,경기도 여주시 대신면,중상사고,0,1,1,0,차대사람 - 차도통행중,안전운전불이행,포장 - 젖음/습기,비,교차로 - 교차로안,승용,남,35세,상해없음,보행자,남,54세,중상
25407,2020082200100580,2020년 8월 22일 21시,토요일,경기도 성남시 분당구 구미동,경상사고,0,0,1,0,차대사람 - 횡단중,보행자보호의무위반,포장 - 젖음/습기,비,교차로 - 교차로횡단보도내,기타불명,기타불명,미분류,기타불명,보행자,남,65세,경상
25408,2020082200100607,2020년 8월 22일 22시,토요일,경기도 김포시 하성면,중상사고,0,1,0,0,차대사람 - 기타,안전운전불이행,포장 - 건조,맑음,단일로 - 기타,승용,남,57세,상해없음,보행자,남,41세,중상
25409,2020082200100610,2020년 8월 22일 22시,토요일,경기도 부천시 오정동,중상사고,0,1,0,0,차대사람 - 횡단중,보행자보호의무위반,포장 - 건조,맑음,교차로 - 교차로횡단보도내,승합,남,66세,상해없음,보행자,남,40세,중상
25410,2020082200100618,2020년 8월 22일 22시,토요일,경기도 포천시 이동면,중상사고,0,1,1,0,차대사람 - 길가장자리구역통행중,중앙선침범,포장 - 건조,맑음,단일로 - 기타,승용,남,49세,상해없음,보행자,남,56세,중상
25411,2020082200100621,2020년 8월 22일 23시,토요일,경기도 오산시 탑동,중상사고,0,1,0,0,차대사람 - 기타,안전운전불이행,포장 - 젖음/습기,기타,교차로 - 교차로부근,승용,남,44세,상해없음,보행자,남,53세,중상
25412,2020082200100623,2020년 8월 22일 23시,토요일,경기도 안산시 상록구 부곡동,부상신고사고,0,0,0,1,차대사람 - 길가장자리구역통행중,안전운전불이행,포장 - 젖음/습기,흐림,교차로 - 교차로부근,이륜,남,38세,상해없음,보행자,남,61세,부상신고
25413,2020082200100632,2020년 8월 22일 23시,토요일,경기도 의정부시 의정부동,부상신고사고,0,0,0,1,차대사람 - 기타,안전운전불이행,포장 - 젖음/습기,흐림,단일로 - 기타,승용,여,33세,상해없음,보행자,남,38세,부상신고
25414,2020082300100004,2020년 8월 23일 00시,일요일,경기도 평택시 서정동,중상사고,0,1,0,0,차대사람 - 횡단중,안전운전불이행,포장 - 젖음/습기,흐림,기타 - 기타,승용,남,71세,상해없음,보행자,여,21세,중상
25415,2020082300100030,2020년 8월 23일 02시,일요일,경기도 시흥시 신천동,경상사고,0,0,1,0,차대사람 - 횡단중,안전운전불이행,포장 - 건조,맑음,교차로 - 교차로안,원동기,여,52세,상해없음,보행자,남,27세,경상
25416,2020082300100048,2020년 8월 23일 03시,일요일,경기도 안산시 상록구 이동,경상사고,0,0,1,0,차대사람 - 횡단중,신호위반,포장 - 건조,맑음,교차로 - 교차로안,승용,여,22세,기타불명,보행자,남,52세,경상
25417,2020082300100111,2020년 8월 23일 09시,일요일,경기도 남양주시 와부읍,사망사고,1,0,1,0,차대사람 - 횡단중,안전운전불이행,포장 - 건조,맑음,단일로 - 기타,이륜,남,30세,경상,보행자,여,66세,사망
25418,2020082300100172,2020년 8월 23일 13시,일요일,경기도 안산시 상록구 본오동,경상사고,0,0,1,0,차대사람 - 차도통행중,안전운전불이행,포장 - 건조,맑음,단일로 - 기타,승용,남,36세,상해없음,보행자,여,13세,경상
25419,2020082300100288,2020년 8월 23일 16시,일요일,경기도 가평군 조종면,경상사고,0,0,1,0,차대사람 - 횡단중,안전운전불이행,포장 - 건조,맑음,단일로 - 기타,화물,남,43세,상해없음,보행자,남,36세,경상
25420,2020082300100325,2020년 8월 23일 17시,일요일,경기도 양주시 백석읍,경상사고,0,0,1,0,차대사람 - 횡단중,안전운전불이행,포장 - 건조,맑음,단일로 - 기타,이륜,남,36세,상해없음,보행자,여,60세,경상
25421,2020082300100358,2020년 8월 23일 19시,일요일,경기도 평택시 독곡동,경상사고,0,0,1,0,차대사람 - 차도통행중,안전운전불이행,포장 - 건조,맑음,단일로 - 기타,이륜,남,41세,상해없음,보행자,남,61세,경상
25422,2020082300100362,2020년 8월 23일 19시,일요일,경기도 광주시 회덕동,경상사고,0,0,1,0,차대사람 - 기타,안전운전불이행,포장 - 건조,맑음,기타 - 기타,승용,여,34세,상해없음,보행자,남,62세,경상
25423,2020082300100422,2020년 8월 23일 21시,일요일,경기도 성남시 중원구 성남동,중상사고,0,1,0,0,차대사람 - 기타,안전운전불이행,포장 - 건조,맑음,기타 - 기타,승용,남,28세,상해없음,보행자,남,26세,중상
25424,2020082300100431,2020년 8월 23일 21시,일요일,경기도 의정부시 의정부동,중상사고,0,1,0,0,차대사람 - 횡단중,안전운전불이행,포장 - 건조,맑음,교차로 - 교차로안,승용,여,22세,상해없음,보행자,여,59세,중상
25425,2020082400100013,2020년 8월 24일 00시,월요일,경기도 양주시 백석읍,경상사고,0,0,1,0,차대사람 - 보도통행중,기타,포장 - 건조,맑음,기타 - 기타,승용,남,51세,상해없음,보행자,여,39세,경상
25426,2020082400100035,2020년 8월 24일 05시,월요일,경기도 오산시 원동,중상사고,0,1,0,0,차대사람 - 횡단중,보행자보호의무위반,포장 - 건조,맑음,교차로 - 교차로안,승용,남,71세,상해없음,보행자,여,35세,중상
25427,2020082400100086,2020년 8월 24일 07시,월요일,경기도 고양시 덕양구 화정동,경상사고,0,0,1,0,차대사람 - 횡단중,신호위반,포장 - 건조,맑음,교차로 - 교차로안,승합,남,52세,상해없음,보행자,여,30세,경상
25428,2020082400100088,2020년 8월 24일 07시,월요일,경기도 남양주시 금곡동,경상사고,0,0,1,0,차대사람 - 기타,안전운전불이행,포장 - 건조,맑음,주차장 - 주차장,화물,남,59세,상해없음,보행자,남,33세,경상
25429,2020082400100096,2020년 8월 24일 08시,월요일,경기도 이천시 관고동,경상사고,0,0,1,0,차대사람 - 횡단중,신호위반,포장 - 건조,맑음,교차로 - 교차로안,승용,남,24세,상해없음,보행자,남,20세,경상
25430,2020082400100138,2020년 8월 24일 09시,월요일,경기도 성남시 분당구 삼평동,중상사고,0,1,0,0,차대사람 - 보도통행중,보행자보호의무위반,포장 - 건조,맑음,교차로 - 교차로횡단보도내,화물,남,65세,상해없음,보행자,남,30세,중상
25431,2020082400100209,2020년 8월 24일 11시,월요일,경기도 평택시 지제동,부상신고사고,0,0,0,1,차대사람 - 기타,안전운전불이행,포장 - 건조,맑음,단일로 - 기타,기타불명,기타불명,미분류,기타불명,보행자,남,34세,부상신고
25432,2020082400100212,2020년 8월 24일 11시,월요일,경기도 수원시 팔달구 매산로3가,중상사고,0,1,0,0,차대사람 - 기타,기타,포장 - 건조,맑음,단일로 - 기타,화물,남,47세,상해없음,보행자,여,95세,중상
25433,2020082400100213,2020년 8월 24일 11시,월요일,경기도 하남시 천현동,경상사고,0,0,1,0,차대사람 - 기타,안전운전불이행,포장 - 건조,맑음,단일로 - 기타,승합,여,49세,상해없음,보행자,남,61세,경상
25434,2020082400100243,2020년 8월 24일 12시,월요일,경기도 화성시 향남읍,중상사고,0,1,0,0,차대사람 - 기타,안전운전불이행,포장 - 건조,맑음,단일로 - 기타,승용,남,34세,상해없음,보행자,남,84세,중상
25435,2020082400100270,2020년 8월 24일 13시,월요일,경기도 평택시 세교동,사망사고,1,0,0,0,차대사람 - 길가장자리구역통행중,안전운전불이행,포장 - 건조,맑음,단일로 - 기타,승합,남,70세,상해없음,보행자,남,84세,사망
25436,2020082400100297,2020년 8월 24일 14시,월요일,경기도 평택시 안중읍,중상사고,0,1,0,0,차대사람 - 횡단중,보행자보호의무위반,포장 - 건조,맑음,교차로 - 교차로횡단보도내,승용,여,38세,상해없음,보행자,여,58세,중상
25437,2020082400100342,2020년 8월 24일 15시,월요일,경기도 성남시 수정구 단대동,경상사고,0,0,1,0,차대사람 - 보도통행중,안전운전불이행,포장 - 건조,맑음,기타 - 기타,승합,남,54세,상해없음,보행자,남,54세,경상
25438,2020082400100354,2020년 8월 24일 15시,월요일,경기도 시흥시 정왕동,경상사고,0,0,1,0,차대사람 - 차도통행중,안전운전불이행,포장 - 건조,맑음,단일로 - 기타,승용,남,22세,상해없음,보행자,여,44세,경상
25439,2020082400100479,2020년 8월 24일 18시,월요일,경기도 성남시 수정구 창곡동,경상사고,0,0,1,0,차대사람 - 보도통행중,안전운전불이행,포장 - 건조,맑음,단일로 - 기타,이륜,남,23세,기타불명,보행자,남,32세,경상
25440,2020082400100484,2020년 8월 24일 18시,월요일,경기도 부천시 중동,경상사고,0,0,1,0,차대사람 - 차도통행중,안전운전불이행,포장 - 건조,맑음,교차로 - 교차로부근,승용,남,56세,상해없음,보행자,여,34세,경상
25441,2020082400100486,2020년 8월 24일 18시,월요일,경기도 수원시 영통구 원천동,중상사고,0,1,0,0,차대사람 - 보도통행중,안전운전불이행,포장 - 건조,맑음,단일로 - 기타,자전거,남,30세,상해없음,보행자,여,55세,중상