,사고번호,사고일시,요일,시군구,사고내용,사망자수,중상자수,경상자수,부상신고자수,사고유형,법규위반,노면상태,기상상태,도로형태,가해운전자 차종,가해운전자 성별,가해운전자 연령,가해운전자 상해정도,피해운전자 차종,피해운전자 성별,피해운전자 연령,피해운전자 상해정도
25668,2020090600100258,2020년 9월 6일 17시,일요일,경기도 포천시 일동면,중상사고,0,1,0,0,차대사람 - 횡단중,안전운전불이행,포장 - 건조,흐림,단일로 - 기타,승용,여,48세,상해없음,보행자,여,81세,중상
25669,2020090600100262,2020년 9월 6일 18시,일요일,경기도 평택시 독곡동,중상사고,0,1,0,0,차대사람 - 기타,안전운전불이행,포장 - 젖음/습기,비,단일로 - 기타,화물,여,68세,상해없음,보행자,여,18세,중상
25670,2020090600100335,2020년 9월 6일 20시,일요일,경기도 안산시 상록구 본오동,경상사고,0,0,1,0,차대사람 - 기타,안전운전불이행,포장 - 건조,맑음,단일로 - 기타,승용,남,30세,상해없음,보행자,남,16세,경상
25671,2020090600100356,2020년 9월 6일 20시,일요일,경기도 의정부시 의정부동,중상사고,0,1,0,0,차대사람 - 횡단중,안전운전불이행,포장 - 젖음/습기,비,교차로 - 교차로부근,승용,남,34세,상해없음,보행자,남,65세,중상
25672,2020090600100369,2020년 9월 6일 21시,일요일,경기도 화성시 향남읍,중상사고,0,1,1,0,차대사람 - 횡단중,안전운전불이행,포장 - 젖음/습기,비,단일로 - 기타,이륜,남,34세,상해없음,보행자,남,56세,중상
25673,2020090600100383,2020년 9월 6일 21시,일요일,경기도 남양주시 퇴계원면,중상사고,0,1,0,0,차대사람 - 횡단중,보행자보호의무위반,포장 - 젖음/습기,비,교차로 - 교차로횡단보도내,화물,남,49세,상해없음,보행자,여,41세,중상
25674,2020090600100390,2020년 9월 6일 22시,일요일,경기도 성남시 중원구 성남동,중상사고,0,1,0,0,차대사람 - 차도통행중,안전운전불이행,포장 - 젖음/습기,비,단일로 - 기타,승합,남,55세,상해없음,보행자,남,29세,중상
25675,2020090600100404,2020년 9월 6일 23시,일요일,경기도 평택시 통복동,중상사고,0,1,0,0,차대사람 - 기타,안전운전불이행,포장 - 젖음/습기,비,교차로 - 교차로부근,이륜,남,59세,상해없음,보행자,남,49세,중상
25676,2020090600100405,2020년 9월 6일 23시,일요일,경기도 김포시 구래동,중상사고,0,1,0,0,차대사람 - 횡단중,신호위반,포장 - 젖음/습기,비,단일로 - 기타,승용,남,29세,상해없음,보행자,남,67세,중상
25677,2020090700100007,2020년 9월 7일 00시,월요일,경기도 의정부시 호원동,중상사고,0,1,0,0,차대사람 - 횡단중,안전운전불이행,포장 - 젖음/습기,비,단일로 - 기타,기타불명,기타불명,미분류,기타불명,보행자,남,64세,중상
25678,2020090700100091,2020년 9월 7일 08시,월요일,경기도 안산시 단원구 고잔동,경상사고,0,0,1,0,차대사람 - 횡단중,신호위반,포장 - 젖음/습기,비,교차로 - 교차로안,승용,남,35세,상해없음,보행자,남,66세,경상
25679,2020090700100141,2020년 9월 7일 10시,월요일,경기도 여주시 홍문동,중상사고,0,1,0,0,차대사람 - 기타,안전운전불이행,포장 - 젖음/습기,비,주차장 - 주차장,화물,남,40세,상해없음,보행자,남,70세,중상
25680,2020090700100148,2020년 9월 7일 10시,월요일,경기도 안양시 만안구 박달동,경상사고,0,0,1,0,차대사람 - 횡단중,안전운전불이행,포장 - 젖음/습기,비,교차로 - 교차로부근,승용,남,63세,상해없음,보행자,여,79세,경상
25681,2020090700100163,2020년 9월 7일 10시,월요일,경기도 남양주시 화도읍,부상신고사고,0,0,0,1,차대사람 - 기타,안전운전불이행,포장 - 젖음/습기,비,기타 - 기타,승용,여,49세,기타불명,보행자,여,38세,부상신고
25682,2020090700100234,2020년 9월 7일 13시,월요일,경기도 성남시 분당구 판교동,경상사고,0,0,1,0,차대사람 - 기타,안전운전불이행,포장 - 건조,맑음,교차로 - 교차로안,승용,남,63세,상해없음,보행자,남,31세,경상
25683,2020090700100256,2020년 9월 7일 13시,월요일,경기도 고양시 일산동구 정발산동,경상사고,0,0,1,0,차대사람 - 기타,안전운전불이행,포장 - 젖음/습기,비,교차로 - 교차로횡단보도내,승용,남,48세,상해없음,보행자,여,31세,경상
25684,2020090700100268,2020년 9월 7일 14시,월요일,경기도 수원시 팔달구 우만동,경상사고,0,0,1,0,차대사람 - 기타,안전운전불이행,포장 - 건조,맑음,단일로 - 기타,승용,여,54세,상해없음,보행자,남,17세,경상
25685,2020090700100270,2020년 9월 7일 14시,월요일,경기도 성남시 분당구 판교동,중상사고,0,1,0,0,차대사람 - 기타,안전운전불이행,포장 - 기타,기타,주차장 - 주차장,승용,남,33세,상해없음,보행자,남,57세,중상
25686,2020090700100293,2020년 9월 7일 14시,월요일,경기도 파주시 금촌동,부상신고사고,0,0,0,1,차대사람 - 기타,안전운전불이행,포장 - 건조,맑음,단일로 - 기타,승용,여,65세,상해없음,보행자,남,65세,부상신고
25687,2020090700100334,2020년 9월 7일 16시,월요일,경기도 안성시 석정동,중상사고,0,1,0,0,차대사람 - 기타,안전운전불이행,포장 - 젖음/습기,비,단일로 - 기타,승용,남,62세,상해없음,보행자,여,71세,중상
25688,2020090700100338,2020년 9월 7일 16시,월요일,경기도 수원시 팔달구 인계동,경상사고,0,0,1,0,차대사람 - 기타,보행자보호의무위반,포장 - 건조,맑음,교차로 - 교차로부근,승용,남,34세,상해없음,보행자,남,61세,경상
25689,2020090700100341,2020년 9월 7일 16시,월요일,경기도 안산시 상록구 부곡동,중상사고,0,1,0,0,차대사람 - 기타,안전운전불이행,포장 - 젖음/습기,비,단일로 - 기타,승합,남,28세,상해없음,보행자,남,40세,중상
25690,2020090700100342,2020년 9월 7일 16시,월요일,경기도 화성시 능동,중상사고,0,1,0,0,차대사람 - 횡단중,안전운전불이행,포장 - 젖음/습기,비,교차로 - 교차로부근,승용,남,54세,상해없음,보행자,여,21세,중상
25691,2020090700100402,2020년 9월 7일 18시,월요일,경기도 성남시 수정구 수진동,경상사고,0,0,1,0,차대사람 - 기타,안전운전불이행,포장 - 건조,맑음,단일로 - 기타,승용,여,75세,상해없음,보행자,여,51세,경상
25692,2020090700100450,2020년 9월 7일 19시,월요일,경기도 부천시 상동,경상사고,0,0,1,0,차대사람 - 기타,안전운전불이행,포장 - 젖음/습기,비,교차로 - 교차로횡단보도내,승용,남,54세,상해없음,보행자,남,36세,경상
25693,2020090700100451,2020년 9월 7일 19시,월요일,경기도 안산시 단원구 와동,경상사고,0,0,1,0,차대사람 - 기타,안전운전불이행,포장 - 젖음/습기,비,교차로 - 교차로부근,승합,남,49세,상해없음,보행자,남,60세,경상
25694,2020090700100453,2020년 9월 7일 19시,월요일,경기도 화성시 서신면,중상사고,0,1,0,0,차대사람 - 기타,보행자보호의무위반,포장 - 젖음/습기,비,단일로 - 기타,승용,남,40세,상해없음,보행자,여,62세,중상
25695,2020090700100481,2020년 9월 7일 19시,월요일,경기도 의정부시 금오동,중상사고,0,1,0,0,차대사람 - 횡단중,신호위반,포장 - 젖음/습기,비,단일로 - 기타,이륜,남,48세,상해없음,보행자,여,52세,중상
25696,2020090700100484,2020년 9월 7일 19시,월요일,경기도 파주시 야당동,경상사고,0,0,2,0,차대사람 - 횡단중,신호위반,포장 - 젖음/습기,비,교차로 - 교차로안,이륜,남,41세,경상,보행자,남,47세,경상
25697,2020090700100532,2020년 9월 7일 21시,월요일,경기도 군포시 산본동,사망사고,1,0,0,0,차대사람 - 횡단중,보행자보호의무위반,포장 - 젖음/습기,비,교차로 - 교차로부근,승합,남,65세,상해없음,보행자,여,63세,사망
25698,2020090800100197,2020년 9월 8일 11시,화요일,경기도 광주시 오포읍,경상사고,0,0,1,0,차대사람 - 기타,안전운전불이행,포장 - 건조,맑음,기타 - 기타,승용,남,77세,상해없음,보행자,남,66세,경상
25699,2020090800100259,2020년 9월 8일 12시,화요일,경기도 의정부시 신곡동,경상사고,0,0,1,0,차대사람 - 차도통행중,안전운전불이행,포장 - 건조,맑음,단일로 - 기타,승용,남,54세,상해없음,보행자,남,67세,경상
25700,2020090800100265,2020년 9월 8일 13시,화요일,경기도 수원시 장안구 파장동,경상사고,0,0,1,0,차대사람 - 기타,안전운전불이행,포장 - 건조,맑음,단일로 - 기타,승용,여,53세,상해없음,보행자,남,68세,경상
25701,2020090800100269,2020년 9월 8일 13시,화요일,경기도 화성시 영천동,중상사고,0,1,0,0,차대사람 - 보도통행중,기타,포장 - 건조,맑음,단일로 - 기타,이륜,남,42세,상해없음,보행자,여,7세,중상
25702,2020090800100328,2020년 9월 8일 15시,화요일,경기도 안산시 상록구 본오동,경상사고,0,0,1,0,차대사람 - 횡단중,안전운전불이행,포장 - 건조,맑음,단일로 - 기타,승용,여,42세,상해없음,보행자,여,70세,경상
25703,2020090800100330,2020년 9월 8일 15시,화요일,경기도 화성시 향남읍,경상사고,0,0,1,0,차대사람 - 보도통행중,안전운전불이행,포장 - 건조,맑음,단일로 - 기타,기타불명,남,16세,상해없음,보행자,여,8세,경상
25704,2020090800100410,2020년 9월 8일 16시,화요일,경기도 구리시 수택동,경상사고,0,0,1,0,차대사람 - 횡단중,안전운전불이행,포장 - 건조,맑음,단일로 - 기타,승합,남,27세,상해없음,보행자,여,50세,경상
25705,2020090800100420,2020년 9월 8일 17시,화요일,경기도 수원시 장안구 영화동,경상사고,0,0,1,0,차대사람 - 기타,안전운전불이행,포장 - 건조,맑음,기타 - 기타,승용,여,44세,상해없음,보행자,남,31세,경상
25706,2020090800100421,2020년 9월 8일 17시,화요일,경기도 수원시 팔달구 우만동,경상사고,0,0,1,0,차대사람 - 기타,안전운전불이행,포장 - 건조,맑음,단일로 - 기타,승합,남,76세,상해없음,보행자,여,28세,경상
25707,2020090800100428,2020년 9월 8일 17시,화요일,경기도 화성시 봉담읍,중상사고,0,1,0,0,차대사람 - 횡단중,신호위반,포장 - 건조,맑음,단일로 - 기타,승용,여,45세,상해없음,보행자,남,24세,중상
25708,2020090800100429,2020년 9월 8일 17시,화요일,경기도 화성시 우정읍,경상사고,0,0,1,0,차대사람 - 기타,안전운전불이행,포장 - 건조,맑음,단일로 - 교량,화물,남,65세,상해없음,보행자,남,50세,경상
25709,2020090800100455,2020년 9월 8일 17시,화요일,경기도 남양주시 진접읍,중상사고,0,1,0,0,차대사람 - 차도통행중,안전운전불이행,포장 - 건조,맑음,단일로 - 기타,승용,여,59세,상해없음,보행자,남,84세,중상
25710,2020090800100457,2020년 9월 8일 17시,화요일,경기도 구리시 수택동,중상사고,0,1,0,0,차대사람 - 차도통행중,신호위반,포장 - 건조,맑음,교차로 - 교차로안,이륜,남,52세,상해없음,보행자,여,33세,중상
25711,2020090800100572,2020년 9월 8일 20시,화요일,경기도 파주시 문발동,중상사고,0,1,0,0,차대사람 - 기타,안전운전불이행,포장 - 건조,맑음,단일로 - 기타,승용,남,32세,상해없음,보행자,남,36세,중상
25712,2020090800100579,2020년 9월 8일 21시,화요일,경기도 안양시 동안구 관양동,경상사고,0,0,1,0,차대사람 - 기타,안전운전불이행,포장 - 건조,맑음,기타 - 기타,승용,남,56세,상해없음,보행자,남,60세,경상
25713,2020090800100582,2020년 9월 8일 21시,화요일,경기도 화성시 능동,부상신고사고,0,0,0,1,차대사람 - 보도통행중,기타,포장 - 건조,맑음,교차로 - 교차로부근,기타불명,기타불명,미분류,기타불명,보행자,남,16세,부상신고
25714,2020090800100608,2020년 9월 8일 22시,화요일,경기도 성남시 분당구 구미동,경상사고,0,0,1,0,차대사람 - 기타,안전운전불이행,포장 - 건조,맑음,단일로 - 기타,개인형이동수단(PM),기타불명,미분류,기타불명,보행자,여,24세,경상
25715,2020090900100027,2020년 9월 9일 03시,수요일,경기도 수원시 팔달구 고등동,중상사고,0,1,0,0,차대사람 - 기타,안전운전불이행,포장 - 젖음/습기,비,단일로 - 기타,이륜,남,42세,상해없음,보행자,여,50세,중상
25716,2020090900100031,2020년 9월 9일 05시,수요일,경기도 성남시 수정구 창곡동,중상사고,0,1,0,0,차대사람 - 기타,보행자보호의무위반,포장 - 건조,맑음,단일로 - 기타,승용,남,55세,상해없음,보행자,여,54세,중상
25717,2020090900100134,2020년 9월 9일 10시,수요일,경기도 평택시 통복동,경상사고,0,0,1,0,차대사람 - 횡단중,안전운전불이행,포장 - 건조,맑음,기타 - 기타,승용,남,48세,상해없음,보행자,남,40세,경상
25718,2020090900100165,2020년 9월 9일 11시,수요일,경기도 안양시 동안구 호계동,중상사고,0,1,0,0,차대사람 - 횡단중,보행자보호의무위반,포장 - 건조,맑음,교차로 - 교차로안,승용,여,39세,상해없음,보행자,여,61세,중상
25719,2020090900100187,2020년 9월 9일 11시,수요일,경기도 고양시 일산동구 장항동,경상사고,0,0,1,0,차대사람 - 기타,안전운전불이행,포장 - 건조,맑음,단일로 - 기타,자전거,남,43세,상해없음,보행자,여,70세,경상
25720,2020090900100248,2020년 9월 9일 14시,수요일,경기도 광주시 오포읍,경상사고,0,0,1,0,차대사람 - 보도통행중,기타,포장 - 건조,맑음,단일로 - 기타,승용,여,63세,상해없음,보행자,남,57세,경상
25721,2020090900100252,2020년 9월 9일 14시,수요일,경기도 안산시 상록구 사동,부상신고사고,0,0,0,1,차대사람 - 차도통행중,안전운전불이행,포장 - 건조,맑음,단일로 - 기타,화물,남,77세,상해없음,보행자,남,9세,부상신고
25722,2020090900100472,2020년 9월 9일 20시,수요일,경기도 용인시 기흥구 마북동,경상사고,0,0,1,0,차대사람 - 기타,중앙선침범,포장 - 건조,맑음,단일로 - 기타,승용,남,59세,상해없음,보행자,여,62세,경상
25723,2020090900100483,2020년 9월 9일 20시,수요일,경기도 남양주시 퇴계원면,중상사고,0,1,0,0,차대사람 - 횡단중,보행자보호의무위반,포장 - 건조,맑음,교차로 - 교차로횡단보도내,화물,남,66세,상해없음,보행자,여,37세,중상
25724,2020090900100484,2020년 9월 9일 20시,수요일,경기도 연천군 전곡읍,부상신고사고,0,0,0,1,차대사람 - 기타,기타,포장 - 건조,맑음,단일로 - 기타,승용,남,67세,상해없음,보행자,여,21세,부상신고
25725,2020090900100499,2020년 9월 9일 21시,수요일,경기도 광명시 소하동,경상사고,0,0,1,0,차대사람 - 횡단중,보행자보호의무위반,포장 - 젖음/습기,흐림,교차로 - 교차로횡단보도내,승용,남,35세,기타불명,보행자,남,51세,경상
25726,2020091000100003,2020년 9월 10일 00시,목요일,경기도 김포시 월곶면,경상사고,0,0,1,0,차대사람 - 기타,안전운전불이행,포장 - 젖음/습기,비,기타 - 기타,승용,남,50세,상해없음,보행자,남,54세,경상
25727,2020091000100026,2020년 9월 10일 05시,목요일,경기도 수원시 권선구 세류동,중상사고,0,1,0,0,차대사람 - 기타,안전운전불이행,포장 - 건조,맑음,단일로 - 기타,승용,남,28세,상해없음,보행자,여,57세,중상
25728,2020091000100078,2020년 9월 10일 08시,목요일,경기도 성남시 분당구 금곡동,경상사고,0,0,1,0,차대사람 - 기타,기타,포장 - 건조,맑음,단일로 - 기타,승합,남,55세,상해없음,보행자,여,52세,경상
25729,2020091000100186,2020년 9월 10일 11시,목요일,경기도 의정부시 호원동,경상사고,0,0,1,0,차대사람 - 길가장자리구역통행중,안전운전불이행,포장 - 건조,맑음,교차로 - 교차로안,승용,남,52세,상해없음,보행자,남,43세,경상
25730,2020091000100187,2020년 9월 10일 11시,목요일,경기도 고양시 일산동구 백석동,경상사고,0,0,1,0,차대사람 - 차도통행중,안전운전불이행,포장 - 건조,맑음,교차로 - 교차로부근,승용,여,45세,상해없음,보행자,남,68세,경상
25731,2020091000100199,2020년 9월 10일 12시,목요일,경기도 수원시 권선구 세류동,부상신고사고,0,0,0,1,차대사람 - 기타,안전운전불이행,포장 - 건조,맑음,단일로 - 기타,화물,남,45세,상해없음,보행자,남,85세,부상신고
25732,2020091000100230,2020년 9월 10일 13시,목요일,경기도 안산시 단원구 고잔동,경상사고,0,0,1,0,차대사람 - 기타,안전운전불이행,포장 - 건조,맑음,기타 - 기타,이륜,남,50세,상해없음,보행자,남,39세,경상
25733,2020091000100287,2020년 9월 10일 15시,목요일,경기도 성남시 수정구 수진동,경상사고,0,0,1,0,차대사람 - 보도통행중,안전운전불이행,포장 - 건조,맑음,단일로 - 기타,특수,남,49세,상해없음,보행자,남,37세,경상
25734,2020091000100289,2020년 9월 10일 15시,목요일,경기도 부천시 심곡동,중상사고,0,1,0,0,차대사람 - 보도통행중,안전운전불이행,포장 - 건조,맑음,교차로 - 교차로횡단보도내,특수,남,57세,상해없음,보행자,남,88세,중상
25735,2020091000100294,2020년 9월 10일 15시,목요일,경기도 하남시 덕풍동,부상신고사고,0,0,0,1,차대사람 - 기타,안전운전불이행,포장 - 건조,맑음,교차로 - 교차로안,화물,남,51세,상해없음,보행자,남,83세,부상신고
25736,2020091000100307,2020년 9월 10일 15시,목요일,경기도 파주시 문산읍,경상사고,0,0,1,0,차대사람 - 횡단중,안전운전불이행,포장 - 건조,맑음,단일로 - 기타,승용,여,69세,상해없음,보행자,여,70세,경상
25737,2020091000100308,2020년 9월 10일 15시,목요일,경기도 동두천시 지행동,중상사고,0,1,0,0,차대사람 - 횡단중,보행자보호의무위반,포장 - 건조,맑음,단일로 - 기타,자전거,남,59세,중상,보행자,여,25세,상해없음
25738,2020091000100316,2020년 9월 10일 16시,목요일,경기도 이천시 중리동,중상사고,0,1,0,0,차대사람 - 기타,보행자보호의무위반,포장 - 건조,맑음,교차로 - 교차로안,승용,여,35세,상해없음,보행자,남,59세,중상
25739,2020091000100320,2020년 9월 10일 16시,목요일,경기도 김포시 통진읍,경상사고,0,0,1,0,차대사람 - 횡단중,안전운전불이행,포장 - 건조,맑음,단일로 - 기타,승용,여,42세,상해없음,보행자,여,45세,경상
25740,2020091000100322,2020년 9월 10일 16시,목요일,경기도 의왕시 오전동,중상사고,0,1,0,0,차대사람 - 횡단중,보행자보호의무위반,포장 - 건조,맑음,기타 - 기타,승용,여,36세,상해없음,보행자,여,64세,중상
25741,2020091000100403,2020년 9월 10일 17시,목요일,경기도 남양주시 진접읍,부상신고사고,0,0,0,1,차대사람 - 기타,안전운전불이행,포장 - 건조,맑음,단일로 - 기타,자전거,남,13세,기타불명,보행자,여,58세,부상신고
25742,2020091000100423,2020년 9월 10일 18시,목요일,경기도 이천시 관고동,경상사고,0,0,1,0,차대사람 - 기타,안전운전불이행,포장 - 건조,맑음,교차로 - 교차로안,승용,남,55세,상해없음,보행자,여,53세,경상
25743,2020091000100424,2020년 9월 10일 18시,목요일,경기도 광주시 경안동,중상사고,0,1,0,0,차대사람 - 횡단중,안전운전불이행,포장 - 건조,맑음,교차로 - 교차로부근,승용,남,20세,상해없음,보행자,남,63세,중상
25744,2020091000100426,2020년 9월 10일 18시,목요일,경기도 김포시 고촌읍,중상사고,0,1,0,0,차대사람 - 기타,기타,포장 - 건조,맑음,기타 - 기타,이륜,남,34세,상해없음,보행자,여,55세,중상
25745,2020091000100468,2020년 9월 10일 19시,목요일,경기도 오산시 원동,중상사고,0,1,0,0,차대사람 - 기타,안전운전불이행,포장 - 건조,맑음,교차로 - 교차로횡단보도내,승용,남,66세,상해없음,보행자,남,45세,중상
25746,2020091000100471,2020년 9월 10일 19시,목요일,경기도 화성시 우정읍,경상사고,0,0,1,0,차대사람 - 길가장자리구역통행중,안전운전불이행,포장 - 기타,맑음,단일로 - 기타,기타불명,기타불명,미분류,기타불명,보행자,여,65세,경상
25747,2020091000100514,2020년 9월 10일 20시,목요일,경기도 부천시 작동,중상사고,0,1,0,0,차대사람 - 기타,안전운전불이행,포장 - 건조,맑음,단일로 - 기타,승용,남,42세,상해없음,보행자,남,58세,중상
25748,2020091000100534,2020년 9월 10일 21시,목요일,경기도 여주시 홍문동,중상사고,0,1,0,0,차대사람 - 횡단중,안전운전불이행,포장 - 건조,맑음,교차로 - 교차로안,승용,여,52세,상해없음,보행자,남,56세,중상
25749,2020091000100559,2020년 9월 10일 22시,목요일,경기도 안산시 단원구 선부동,중상사고,0,1,0,0,차대사람 - 기타,안전운전불이행,포장 - 건조,흐림,기타 - 기타,승용,여,33세,상해없음,보행자,남,41세,중상
25750,2020091000100576,2020년 9월 10일 23시,목요일,경기도 여주시 점봉동,경상사고,0,0,1,0,차대사람 - 기타,안전운전불이행,포장 - 건조,맑음,단일로 - 기타,승용,남,37세,상해없음,보행자,남,77세,경상
25751,2020091100100037,2020년 9월 11일 05시,금요일,경기도 안산시 단원구 원곡동,중상사고,0,1,0,0,차대사람 - 기타,보행자보호의무위반,포장 - 건조,맑음,단일로 - 기타,승합,남,55세,상해없음,보행자,남,58세,중상
25752,2020091100100094,2020년 9월 11일 08시,금요일,경기도 화성시 송산면,경상사고,0,0,1,0,차대사람 - 기타,안전운전불이행,포장 - 건조,맑음,단일로 - 기타,화물,남,44세,상해없음,보행자,남,69세,경상
25753,2020091100100147,2020년 9월 11일 10시,금요일,경기도 안산시 단원구 원곡동,경상사고,0,0,1,0,차대사람 - 기타,안전운전불이행,포장 - 건조,맑음,기타 - 기타,승용,남,30세,상해없음,보행자,여,73세,경상
25754,2020091100100166,2020년 9월 11일 10시,금요일,경기도 고양시 덕양구 행신동,경상사고,0,0,1,0,차대사람 - 차도통행중,안전운전불이행,포장 - 건조,맑음,단일로 - 기타,자전거,남,64세,상해없음,보행자,여,59세,경상
25755,2020091100100192,2020년 9월 11일 11시,금요일,경기도 남양주시 진건읍,중상사고,0,2,0,0,차대사람 - 기타,안전운전불이행,포장 - 건조,맑음,단일로 - 기타,자전거,여,63세,중상,보행자,여,73세,중상
25756,2020091100100200,2020년 9월 11일 12시,금요일,경기도 수원시 영통구 하동,중상사고,0,1,0,0,차대사람 - 기타,기타,포장 - 건조,맑음,기타 - 기타,승용,여,63세,상해없음,보행자,남,45세,중상
25757,2020091100100201,2020년 9월 11일 12시,금요일,경기도 군포시 부곡동,중상사고,0,1,0,0,차대사람 - 기타,안전운전불이행,포장 - 기타,맑음,단일로 - 기타,화물,남,47세,상해없음,보행자,남,44세,중상
25758,2020091100100220,2020년 9월 11일 12시,금요일,경기도 고양시 일산동구 풍동,경상사고,0,0,1,0,차대사람 - 기타,안전운전불이행,포장 - 건조,맑음,단일로 - 기타,승용,여,65세,상해없음,보행자,남,23세,경상
25759,2020091100100227,2020년 9월 11일 13시,금요일,경기도 부천시 소사본동,경상사고,0,0,1,0,차대사람 - 보도통행중,기타,포장 - 건조,맑음,단일로 - 기타,자전거,여,37세,상해없음,보행자,남,53세,경상
25760,2020091100100259,2020년 9월 11일 14시,금요일,경기도 광주시 역동,경상사고,0,0,1,0,차대사람 - 기타,안전운전불이행,포장 - 건조,맑음,교차로 - 교차로안,화물,남,65세,상해없음,보행자,여,65세,경상
25761,2020091100100268,2020년 9월 11일 14시,금요일,경기도 남양주시 평내동,중상사고,0,1,1,0,차대사람 - 기타,안전운전불이행,포장 - 건조,맑음,교차로 - 교차로부근,이륜,남,17세,중상,보행자,여,24세,경상
25762,2020091100100278,2020년 9월 11일 15시,금요일,경기도 광주시 오포읍,중상사고,0,1,0,0,차대사람 - 차도통행중,안전운전불이행,포장 - 건조,맑음,기타 - 기타,승용,남,71세,기타불명,보행자,여,72세,중상
25763,2020091100100419,2020년 9월 11일 18시,금요일,경기도 성남시 수정구 신흥동,경상사고,0,0,1,0,차대사람 - 횡단중,보행자보호의무위반,포장 - 건조,맑음,기타 - 기타,승합,남,61세,상해없음,보행자,여,40세,경상
25764,2020091100100465,2020년 9월 11일 19시,금요일,경기도 평택시 팽성읍,사망사고,1,0,0,0,차대사람 - 횡단중,안전운전불이행,포장 - 젖음/습기,비,교차로 - 교차로안,승용,남,34세,상해없음,보행자,여,73세,사망
25765,2020091100100467,2020년 9월 11일 19시,금요일,경기도 광주시 초월읍,경상사고,0,0,1,0,차대사람 - 기타,안전운전불이행,포장 - 건조,맑음,기타 - 기타,승용,남,43세,상해없음,보행자,남,8세,경상
25766,2020091100100588,2020년 9월 11일 21시,금요일,경기도 수원시 장안구 연무동,경상사고,0,0,1,0,차대사람 - 기타,안전운전불이행,포장 - 젖음/습기,비,교차로 - 교차로부근,승용,남,24세,상해없음,보행자,남,33세,경상
25767,2020091100100589,2020년 9월 11일 21시,금요일,경기도 평택시 서정동,경상사고,0,0,1,0,차대사람 - 기타,안전운전불이행,포장 - 건조,맑음,단일로 - 기타,승용,남,37세,상해없음,보행자,남,34세,경상
25768,2020091100100598,2020년 9월 11일 21시,금요일,경기도 화성시 안녕동,경상사고,0,0,1,0,차대사람 - 기타,안전운전불이행,포장 - 젖음/습기,비,단일로 - 기타,승용,여,25세,상해없음,보행자,여,21세,경상
25769,2020091100100625,2020년 9월 11일 21시,금요일,경기도 포천시 소흘읍,중상사고,0,2,0,0,차대사람 - 횡단중,보행자보호의무위반,포장 - 건조,맑음,단일로 - 기타,화물,남,60세,상해없음,보행자,여,21세,중상
25770,2020091200100188,2020년 9월 12일 11시,토요일,경기도 안양시 동안구 관양동,중상사고,0,1,0,0,차대사람 - 차도통행중,안전운전불이행,포장 - 건조,맑음,단일로 - 기타,승용,남,29세,상해없음,보행자,남,80세,중상
25771,2020091200100308,2020년 9월 12일 14시,토요일,경기도 광명시 철산동,경상사고,0,0,1,0,차대사람 - 횡단중,보행자보호의무위반,포장 - 건조,맑음,단일로 - 기타,승용,여,58세,상해없음,보행자,남,32세,경상
25772,2020091200100353,2020년 9월 12일 15시,토요일,경기도 용인시 수지구 상현동,경상사고,0,0,1,0,차대사람 - 기타,안전운전불이행,포장 - 건조,맑음,기타 - 기타,승용,여,43세,상해없음,보행자,남,64세,경상
25773,2020091200100417,2020년 9월 12일 16시,토요일,경기도 양주시 광사동,경상사고,0,0,1,0,차대사람 - 기타,안전운전불이행,포장 - 건조,맑음,주차장 - 주차장,승용,여,54세,상해없음,보행자,남,9세,경상
25774,2020091200100419,2020년 9월 12일 16시,토요일,경기도 고양시 일산서구 덕이동,경상사고,0,0,1,0,차대사람 - 보도통행중,보행자보호의무위반,포장 - 건조,맑음,단일로 - 기타,승용,남,33세,상해없음,보행자,여,34세,경상
25775,2020091200100429,2020년 9월 12일 17시,토요일,경기도 성남시 분당구 판교동,경상사고,0,0,1,0,차대사람 - 기타,안전운전불이행,포장 - 기타,기타,단일로 - 기타,자전거,남,7세,기타불명,보행자,여,65세,경상
25776,2020091200100465,2020년 9월 12일 18시,토요일,경기도 시흥시 정왕동,중상사고,0,1,0,0,차대사람 - 길가장자리구역통행중,안전운전불이행,포장 - 건조,맑음,기타 - 기타,승용,남,29세,상해없음,보행자,남,55세,중상
25777,2020091200100490,2020년 9월 12일 19시,토요일,경기도 평택시 지산동,중상사고,0,1,0,0,차대사람 - 횡단중,보행자보호의무위반,포장 - 젖음/습기,비,교차로 - 교차로안,승용,남,42세,상해없음,보행자,남,47세,중상
25778,2020091200100497,2020년 9월 12일 19시,토요일,경기도 화성시 향남읍,경상사고,0,0,1,0,차대사람 - 횡단중,보행자보호의무위반,포장 - 젖음/습기,흐림,교차로 - 교차로횡단보도내,승용,남,54세,상해없음,보행자,남,5세,경상
25779,2020091200100601,2020년 9월 12일 23시,토요일,경기도 화성시 팔탄면,사망사고,1,0,0,0,차대사람 - 기타,안전운전불이행,포장 - 건조,흐림,단일로 - 기타,승용,남,29세,상해없음,보행자,남,44세,사망
25780,2020091200100609,2020년 9월 12일 23시,토요일,경기도 고양시 일산서구 주엽동,사망사고,1,0,0,0,차대사람 - 횡단중,안전운전불이행,포장 - 건조,맑음,단일로 - 기타,승용,남,60세,상해없음,보행자,남,57세,사망
25781,2020091300100063,2020년 9월 13일 07시,일요일,경기도 고양시 일산동구 백석동,중상사고,0,1,0,0,차대사람 - 기타,보행자보호의무위반,포장 - 건조,맑음,교차로 - 교차로안,승합,남,63세,상해없음,보행자,여,60세,중상