,사고번호,사고일시,요일,시군구,사고내용,사망자수,중상자수,경상자수,부상신고자수,사고유형,법규위반,노면상태,기상상태,도로형태,가해운전자 차종,가해운전자 성별,가해운전자 연령,가해운전자 상해정도,피해운전자 차종,피해운전자 성별,피해운전자 연령,피해운전자 상해정도
26008,2020092300100006,2020년 9월 23일 00시,수요일,경기도 평택시 소사동,경상사고,0,0,1,0,차대사람 - 횡단중,신호위반,포장 - 건조,맑음,교차로 - 교차로횡단보도내,승용,남,65세,상해없음,보행자,남,17세,경상
26009,2020092300100007,2020년 9월 23일 00시,수요일,경기도 광주시 오포읍,중상사고,0,1,0,0,차대사람 - 기타,안전운전불이행,포장 - 건조,흐림,교차로 - 교차로안,승용,남,46세,상해없음,보행자,여,46세,중상
26010,2020092300100047,2020년 9월 23일 05시,수요일,경기도 구리시 인창동,경상사고,0,0,1,0,차대사람 - 기타,안전운전불이행,포장 - 건조,맑음,단일로 - 기타,건설기계,남,48세,상해없음,보행자,남,34세,경상
26011,2020092300100069,2020년 9월 23일 07시,수요일,경기도 성남시 분당구 삼평동,중상사고,0,1,0,0,차대사람 - 횡단중,보행자보호의무위반,포장 - 건조,맑음,교차로 - 교차로횡단보도내,승합,남,57세,상해없음,보행자,여,34세,중상
26012,2020092300100103,2020년 9월 23일 08시,수요일,경기도 의왕시 내손동,경상사고,0,0,1,0,차대사람 - 기타,안전운전불이행,포장 - 건조,맑음,기타 - 기타,기타불명,기타불명,미분류,기타불명,보행자,남,30세,경상
26013,2020092300100174,2020년 9월 23일 10시,수요일,경기도 이천시 부발읍,경상사고,0,0,1,0,차대사람 - 기타,안전운전불이행,포장 - 건조,맑음,단일로 - 기타,승용,남,52세,상해없음,보행자,남,55세,경상
26014,2020092300100176,2020년 9월 23일 10시,수요일,경기도 하남시 덕풍동,사망사고,1,0,0,0,차대사람 - 기타,안전운전불이행,포장 - 건조,맑음,교차로 - 교차로안,화물,남,35세,상해없음,보행자,남,48세,사망
26015,2020092300100201,2020년 9월 23일 10시,수요일,경기도 고양시 일산동구 식사동,중상사고,0,1,1,0,차대사람 - 기타,기타,포장 - 건조,맑음,단일로 - 기타,승용,여,60세,상해없음,보행자,여,13세,중상
26016,2020092300100230,2020년 9월 23일 11시,수요일,경기도 의정부시 장암동,중상사고,0,1,0,0,차대사람 - 기타,기타,포장 - 건조,맑음,교차로 - 교차로부근,승합,남,59세,상해없음,보행자,여,78세,중상
26017,2020092300100240,2020년 9월 23일 12시,수요일,경기도 양평군 용문면,부상신고사고,0,0,0,1,차대사람 - 기타,안전운전불이행,포장 - 건조,맑음,단일로 - 기타,승용,남,47세,기타불명,보행자,여,68세,부상신고
26018,2020092300100241,2020년 9월 23일 12시,수요일,경기도 양평군 양평읍,중상사고,0,1,0,0,차대사람 - 기타,보행자보호의무위반,포장 - 건조,맑음,단일로 - 기타,이륜,남,52세,상해없음,보행자,여,42세,중상
26019,2020092300100264,2020년 9월 23일 13시,수요일,경기도 부천시 소사본동,중상사고,0,1,0,0,차대사람 - 횡단중,교차로운행방법위반,포장 - 건조,맑음,교차로 - 교차로안,화물,남,38세,상해없음,보행자,여,80세,중상
26020,2020092300100310,2020년 9월 23일 14시,수요일,경기도 안산시 단원구 고잔동,중상사고,0,1,0,0,차대사람 - 기타,기타,포장 - 건조,맑음,단일로 - 기타,승용,남,65세,상해없음,보행자,여,88세,중상
26021,2020092300100312,2020년 9월 23일 14시,수요일,경기도 성남시 중원구 상대원동,부상신고사고,0,0,0,1,차대사람 - 기타,안전운전불이행,포장 - 건조,맑음,교차로 - 교차로부근,승합,남,60세,상해없음,보행자,남,42세,부상신고
26022,2020092300100316,2020년 9월 23일 14시,수요일,경기도 화성시 팔탄면,사망사고,1,0,0,0,차대사람 - 차도통행중,안전운전불이행,포장 - 건조,맑음,단일로 - 교량,화물,남,51세,상해없음,보행자,남,63세,사망
26023,2020092300100317,2020년 9월 23일 14시,수요일,경기도 하남시 신장동,부상신고사고,0,0,0,1,차대사람 - 횡단중,안전운전불이행,포장 - 건조,맑음,단일로 - 기타,승합,남,61세,상해없음,보행자,남,33세,부상신고
26024,2020092300100351,2020년 9월 23일 15시,수요일,경기도 과천시 별양동,중상사고,0,1,0,0,차대사람 - 기타,안전운전불이행,포장 - 건조,맑음,단일로 - 기타,승용,남,27세,상해없음,보행자,여,9세,중상
26025,2020092300100414,2020년 9월 23일 16시,수요일,경기도 남양주시 화도읍,중상사고,0,1,0,0,차대사람 - 횡단중,보행자보호의무위반,포장 - 건조,맑음,교차로 - 교차로횡단보도내,승용,남,68세,상해없음,보행자,남,80세,중상
26026,2020092300100415,2020년 9월 23일 16시,수요일,경기도 남양주시 퇴계원면,경상사고,0,0,1,0,차대사람 - 기타,기타,포장 - 건조,맑음,기타 - 기타,승용,여,39세,상해없음,보행자,여,11세,경상
26027,2020092300100428,2020년 9월 23일 17시,수요일,경기도 양평군 양평읍,중상사고,0,1,0,0,차대사람 - 기타,안전운전불이행,포장 - 건조,맑음,교차로 - 교차로안,승용,여,57세,상해없음,보행자,여,79세,중상
26028,2020092300100432,2020년 9월 23일 17시,수요일,경기도 성남시 분당구 이매동,경상사고,0,0,1,0,차대사람 - 기타,안전운전불이행,포장 - 건조,맑음,단일로 - 기타,승용,여,50세,상해없음,보행자,남,49세,경상
26029,2020092300100469,2020년 9월 23일 18시,수요일,경기도 평택시 장안동,중상사고,0,1,0,0,차대사람 - 기타,안전운전불이행,포장 - 기타,맑음,기타 - 기타,승합,남,68세,상해없음,보행자,여,65세,중상
26030,2020092300100471,2020년 9월 23일 18시,수요일,경기도 여주시 강천면,경상사고,0,0,1,0,차대사람 - 횡단중,안전운전불이행,포장 - 건조,맑음,기타 - 기타,이륜,여,48세,상해없음,보행자,여,44세,경상
26031,2020092300100474,2020년 9월 23일 18시,수요일,경기도 수원시 영통구 원천동,경상사고,0,0,1,0,차대사람 - 기타,기타,포장 - 건조,맑음,단일로 - 기타,승합,남,53세,상해없음,보행자,여,69세,경상
26032,2020092300100506,2020년 9월 23일 18시,수요일,경기도 의정부시 가능동,중상사고,0,1,0,1,차대사람 - 보도통행중,안전운전불이행,포장 - 건조,맑음,교차로 - 교차로안,이륜,남,19세,부상신고,보행자,여,59세,중상
26033,2020092300100573,2020년 9월 23일 20시,수요일,경기도 성남시 수정구 태평동,경상사고,0,0,1,0,차대사람 - 기타,안전운전불이행,포장 - 건조,맑음,단일로 - 기타,화물,남,51세,상해없음,보행자,남,16세,경상
26034,2020092300100574,2020년 9월 23일 20시,수요일,경기도 이천시 부발읍,경상사고,0,0,1,0,차대사람 - 길가장자리구역통행중,안전운전불이행,포장 - 건조,맑음,단일로 - 기타,화물,여,51세,상해없음,보행자,남,56세,경상
26035,2020092300100578,2020년 9월 23일 20시,수요일,경기도 안산시 단원구 선부동,경상사고,0,0,1,0,차대사람 - 횡단중,보행자보호의무위반,포장 - 건조,맑음,교차로 - 교차로횡단보도내,승용,남,39세,상해없음,보행자,여,11세,경상
26036,2020092300100579,2020년 9월 23일 20시,수요일,경기도 안산시 단원구 선부동,경상사고,0,0,1,0,차대사람 - 기타,안전운전불이행,포장 - 건조,맑음,단일로 - 기타,화물,여,64세,상해없음,보행자,남,49세,경상
26037,2020092300100582,2020년 9월 23일 20시,수요일,경기도 화성시 남양읍,경상사고,0,0,1,0,차대사람 - 보도통행중,기타,포장 - 건조,맑음,기타 - 기타,원동기,남,23세,상해없음,보행자,여,48세,경상
26038,2020092400100016,2020년 9월 24일 00시,목요일,경기도 의정부시 민락동,경상사고,0,0,1,0,차대사람 - 기타,안전운전불이행,포장 - 건조,맑음,단일로 - 기타,승용,남,37세,상해없음,보행자,남,60세,경상
26039,2020092400100020,2020년 9월 24일 01시,목요일,경기도 용인시 처인구 남동,중상사고,0,1,0,0,차대사람 - 횡단중,안전운전불이행,포장 - 건조,맑음,교차로 - 교차로안,승용,남,51세,상해없음,보행자,남,38세,중상
26040,2020092400100050,2020년 9월 24일 05시,목요일,경기도 성남시 수정구 신흥동,경상사고,0,0,1,0,차대사람 - 횡단중,안전운전불이행,포장 - 건조,맑음,교차로 - 교차로횡단보도내,화물,남,74세,상해없음,보행자,여,78세,경상
26041,2020092400100052,2020년 9월 24일 05시,목요일,경기도 시흥시 정왕동,경상사고,0,0,1,0,차대사람 - 기타,안전운전불이행,포장 - 건조,맑음,단일로 - 기타,화물,남,78세,상해없음,보행자,남,21세,경상
26042,2020092400100075,2020년 9월 24일 07시,목요일,경기도 평택시 가재동,중상사고,0,1,0,0,차대사람 - 횡단중,신호위반,포장 - 건조,흐림,교차로 - 교차로부근,승용,여,51세,상해없음,보행자,남,61세,중상
26043,2020092400100081,2020년 9월 24일 07시,목요일,경기도 김포시 고촌읍,사망사고,1,0,0,0,차대사람 - 횡단중,과속,포장 - 건조,맑음,교차로 - 교차로횡단보도내,화물,남,58세,상해없음,보행자,여,73세,사망
26044,2020092400100114,2020년 9월 24일 08시,목요일,경기도 수원시 장안구 영화동,중상사고,0,1,0,0,차대사람 - 횡단중,안전운전불이행,포장 - 건조,맑음,단일로 - 기타,승용,남,63세,상해없음,보행자,남,58세,중상
26045,2020092400100161,2020년 9월 24일 09시,목요일,경기도 수원시 권선구 세류동,중상사고,0,1,0,0,차대사람 - 횡단중,안전운전불이행,포장 - 건조,맑음,교차로 - 교차로부근,승용,여,35세,상해없음,보행자,남,39세,중상
26046,2020092400100208,2020년 9월 24일 10시,목요일,경기도 남양주시 오남읍,부상신고사고,0,0,0,1,차대사람 - 횡단중,안전운전불이행,포장 - 건조,맑음,기타 - 기타,자전거,남,미분류,상해없음,보행자,여,68세,부상신고
26047,2020092400100217,2020년 9월 24일 11시,목요일,경기도 광주시 목현동,중상사고,0,1,0,0,차대사람 - 기타,안전운전불이행,포장 - 건조,맑음,기타 - 기타,승용,여,27세,상해없음,보행자,남,50세,중상
26048,2020092400100248,2020년 9월 24일 12시,목요일,경기도 성남시 수정구 수진동,중상사고,0,1,0,0,차대사람 - 기타,안전운전불이행,포장 - 건조,맑음,단일로 - 기타,승용,남,38세,상해없음,보행자,남,36세,중상
26049,2020092400100285,2020년 9월 24일 13시,목요일,경기도 부천시 괴안동,중상사고,0,1,0,0,차대사람 - 기타,보행자보호의무위반,포장 - 건조,맑음,교차로 - 교차로안,승용,남,33세,상해없음,보행자,남,56세,중상
26050,2020092400100320,2020년 9월 24일 14시,목요일,경기도 용인시 처인구 이동읍,경상사고,0,0,1,0,차대사람 - 기타,안전운전불이행,포장 - 건조,맑음,주차장 - 주차장,기타불명,기타불명,미분류,기타불명,보행자,남,73세,경상
26051,2020092400100321,2020년 9월 24일 14시,목요일,경기도 부천시 춘의동,중상사고,0,1,0,0,차대사람 - 횡단중,신호위반,포장 - 건조,맑음,단일로 - 기타,승용,남,27세,상해없음,보행자,여,39세,중상
26052,2020092400100344,2020년 9월 24일 14시,목요일,경기도 고양시 일산서구 주엽동,중상사고,0,1,0,0,차대사람 - 횡단중,안전운전불이행,포장 - 건조,맑음,단일로 - 기타,화물,남,58세,상해없음,보행자,남,65세,중상
26053,2020092400100354,2020년 9월 24일 15시,목요일,경기도 평택시 신장동,중상사고,0,1,0,0,차대사람 - 기타,안전운전불이행,포장 - 건조,맑음,기타 - 기타,화물,남,64세,상해없음,보행자,여,42세,중상
26054,2020092400100355,2020년 9월 24일 15시,목요일,경기도 안양시 동안구 관양동,경상사고,0,0,1,0,차대사람 - 횡단중,보행자보호의무위반,포장 - 건조,맑음,교차로 - 교차로횡단보도내,승합,남,58세,상해없음,보행자,여,56세,경상
26055,2020092400100391,2020년 9월 24일 16시,목요일,경기도 수원시 팔달구 팔달로3가,중상사고,0,1,0,0,차대사람 - 횡단중,안전운전불이행,포장 - 건조,맑음,단일로 - 기타,승용,남,67세,상해없음,보행자,여,79세,중상
26056,2020092400100394,2020년 9월 24일 16시,목요일,경기도 용인시 처인구 고림동,부상신고사고,0,0,0,1,차대사람 - 기타,안전운전불이행,포장 - 건조,맑음,주차장 - 주차장,승용,남,87세,상해없음,보행자,남,49세,부상신고
26057,2020092400100420,2020년 9월 24일 17시,목요일,경기도 성남시 분당구 삼평동,경상사고,0,0,1,0,차대사람 - 기타,안전운전불이행,포장 - 건조,맑음,교차로 - 교차로횡단보도내,기타불명,기타불명,미분류,기타불명,보행자,남,30세,경상
26058,2020092400100438,2020년 9월 24일 17시,목요일,경기도 성남시 분당구 삼평동,경상사고,0,0,1,0,차대사람 - 횡단중,안전운전불이행,포장 - 건조,맑음,교차로 - 교차로부근,승용,남,24세,상해없음,보행자,남,30세,경상
26059,2020092400100494,2020년 9월 24일 18시,목요일,경기도 수원시 권선구 세류동,중상사고,0,1,0,0,차대사람 - 보도통행중,기타,포장 - 건조,맑음,단일로 - 기타,이륜,남,54세,상해없음,보행자,여,49세,중상
26060,2020092400100495,2020년 9월 24일 18시,목요일,경기도 부천시 원종동,중상사고,0,1,0,0,차대사람 - 횡단중,안전운전불이행,포장 - 건조,맑음,교차로 - 교차로횡단보도내,승용,남,35세,상해없음,보행자,여,27세,중상
26061,2020092400100565,2020년 9월 24일 19시,목요일,경기도 고양시 덕양구 토당동,경상사고,0,0,1,0,차대사람 - 길가장자리구역통행중,안전운전불이행,포장 - 건조,기타,기타 - 기타,기타불명,기타불명,미분류,기타불명,보행자,남,25세,경상
26062,2020092400100580,2020년 9월 24일 20시,목요일,경기도 부천시 괴안동,경상사고,0,0,1,0,차대사람 - 기타,기타,포장 - 건조,맑음,단일로 - 기타,승용,여,25세,상해없음,보행자,남,46세,경상
26063,2020092400100622,2020년 9월 24일 21시,목요일,경기도 부천시 도당동,중상사고,0,1,1,0,차대사람 - 횡단중,안전운전불이행,포장 - 건조,맑음,교차로 - 교차로부근,이륜,남,61세,경상,보행자,여,59세,중상
26064,2020092500100088,2020년 9월 25일 07시,금요일,경기도 시흥시 조남동,중상사고,0,1,0,0,차대사람 - 기타,안전운전불이행,포장 - 건조,맑음,단일로 - 기타,승용,남,55세,상해없음,보행자,남,42세,중상
26065,2020092500100114,2020년 9월 25일 08시,금요일,경기도 수원시 영통구 신동,중상사고,0,1,0,0,차대사람 - 횡단중,신호위반,포장 - 건조,맑음,교차로 - 교차로횡단보도내,승용,여,61세,상해없음,보행자,여,17세,중상
26066,2020092500100118,2020년 9월 25일 08시,금요일,경기도 부천시 원종동,중상사고,0,1,0,0,차대사람 - 횡단중,신호위반,포장 - 건조,맑음,단일로 - 기타,이륜,남,16세,상해없음,보행자,여,23세,중상
26067,2020092500100133,2020년 9월 25일 08시,금요일,경기도 파주시 금촌동,중상사고,0,1,0,0,차대사람 - 횡단중,안전운전불이행,포장 - 건조,맑음,교차로 - 교차로안,승용,여,51세,상해없음,보행자,여,81세,중상
26068,2020092500100140,2020년 9월 25일 09시,금요일,경기도 안양시 동안구 관양동,중상사고,0,1,0,0,차대사람 - 기타,불법유턴,포장 - 건조,맑음,교차로 - 교차로부근,승용,남,62세,상해없음,보행자,여,65세,중상
26069,2020092500100141,2020년 9월 25일 09시,금요일,경기도 광주시 역동,경상사고,0,0,1,0,차대사람 - 차도통행중,안전운전불이행,포장 - 건조,맑음,기타 - 기타,승용,여,18세,상해없음,보행자,남,28세,경상
26070,2020092500100169,2020년 9월 25일 09시,금요일,경기도 고양시 일산서구 일산동,중상사고,0,2,0,0,차대사람 - 횡단중,신호위반,포장 - 건조,맑음,단일로 - 기타,승용,남,54세,상해없음,보행자,남,22세,중상
26071,2020092500100179,2020년 9월 25일 10시,금요일,경기도 부천시 작동,경상사고,0,0,1,0,차대사람 - 길가장자리구역통행중,안전운전불이행,포장 - 건조,맑음,단일로 - 기타,승용,남,52세,상해없음,보행자,여,58세,경상
26072,2020092500100198,2020년 9월 25일 10시,금요일,경기도 파주시 금촌동,중상사고,0,1,0,0,차대사람 - 횡단중,보행자보호의무위반,포장 - 건조,맑음,교차로 - 교차로안,승용,남,77세,상해없음,보행자,남,57세,중상
26073,2020092500100226,2020년 9월 25일 11시,금요일,경기도 고양시 일산동구 마두동,경상사고,0,0,1,0,차대사람 - 횡단중,신호위반,포장 - 건조,맑음,단일로 - 기타,승용,여,56세,상해없음,보행자,여,18세,경상
26074,2020092500100237,2020년 9월 25일 12시,금요일,경기도 안성시 서인동,경상사고,0,0,1,0,차대사람 - 차도통행중,안전운전불이행,포장 - 건조,맑음,교차로 - 교차로안,승용,남,28세,상해없음,보행자,여,78세,경상
26075,2020092500100272,2020년 9월 25일 13시,금요일,경기도 용인시 처인구 김량장동,경상사고,0,0,1,0,차대사람 - 기타,안전운전불이행,포장 - 건조,맑음,교차로 - 교차로횡단보도내,승용,여,60세,상해없음,보행자,남,14세,경상
26076,2020092500100277,2020년 9월 25일 13시,금요일,경기도 하남시 창우동,경상사고,0,0,1,0,차대사람 - 횡단중,보행자보호의무위반,포장 - 건조,흐림,교차로 - 교차로부근,승합,남,58세,상해없음,보행자,여,38세,경상
26077,2020092500100329,2020년 9월 25일 14시,금요일,경기도 시흥시 대야동,중상사고,0,1,0,0,차대사람 - 횡단중,보행자보호의무위반,포장 - 건조,맑음,교차로 - 교차로횡단보도내,승합,남,63세,상해없음,보행자,여,60세,중상
26078,2020092500100406,2020년 9월 25일 16시,금요일,경기도 성남시 수정구 신흥동,경상사고,0,0,1,0,차대사람 - 횡단중,안전운전불이행,포장 - 건조,맑음,단일로 - 기타,승용,여,52세,상해없음,보행자,여,27세,경상
26079,2020092500100416,2020년 9월 25일 16시,금요일,경기도 성남시 분당구 야탑동,중상사고,0,1,0,0,차대사람 - 횡단중,안전운전불이행,포장 - 건조,맑음,단일로 - 기타,자전거,남,37세,기타불명,보행자,남,28세,중상
26080,2020092500100452,2020년 9월 25일 16시,금요일,경기도 고양시 덕양구 신원동,경상사고,0,0,1,0,차대사람 - 횡단중,보행자보호의무위반,포장 - 건조,맑음,단일로 - 기타,승용,남,42세,상해없음,보행자,여,10세,경상
26081,2020092500100539,2020년 9월 25일 18시,금요일,경기도 군포시 금정동,경상사고,0,0,1,0,차대사람 - 기타,안전운전불이행,포장 - 건조,맑음,교차로 - 교차로부근,승용,남,42세,상해없음,보행자,여,64세,경상
26082,2020092500100541,2020년 9월 25일 18시,금요일,경기도 성남시 분당구 이매동,중상사고,0,1,0,0,차대사람 - 횡단중,보행자보호의무위반,포장 - 건조,맑음,교차로 - 교차로횡단보도내,승용,여,65세,상해없음,보행자,여,28세,중상
26083,2020092500100545,2020년 9월 25일 18시,금요일,경기도 화성시 봉담읍,경상사고,0,0,1,0,차대사람 - 횡단중,불법유턴,포장 - 건조,맑음,교차로 - 교차로부근,승용,남,64세,상해없음,보행자,남,51세,경상
26084,2020092500100606,2020년 9월 25일 19시,금요일,경기도 수원시 장안구 파장동,중상사고,0,1,0,0,차대사람 - 기타,신호위반,포장 - 건조,맑음,단일로 - 기타,이륜,남,50세,상해없음,보행자,여,4세,중상
26085,2020092500100608,2020년 9월 25일 19시,금요일,경기도 평택시 비전동,경상사고,0,0,1,0,차대사람 - 보도통행중,신호위반,포장 - 건조,맑음,교차로 - 교차로부근,승용,남,64세,상해없음,보행자,남,42세,경상
26086,2020092500100660,2020년 9월 25일 20시,금요일,경기도 김포시 대곶면,중상사고,0,1,0,0,차대사람 - 기타,안전운전불이행,포장 - 건조,맑음,기타 - 기타,승용,남,61세,상해없음,보행자,남,73세,중상
26087,2020092500100693,2020년 9월 25일 21시,금요일,경기도 성남시 분당구 서현동,경상사고,0,0,1,0,차대사람 - 차도통행중,안전운전불이행,포장 - 건조,맑음,단일로 - 기타,승용,남,37세,상해없음,보행자,여,36세,경상
26088,2020092500100717,2020년 9월 25일 22시,금요일,경기도 수원시 장안구 영화동,경상사고,0,0,1,0,차대사람 - 차도통행중,교차로운행방법위반,포장 - 건조,맑음,교차로 - 교차로안,승용,남,56세,상해없음,보행자,여,20세,경상
26089,2020092500100719,2020년 9월 25일 22시,금요일,경기도 광주시 퇴촌면,중상사고,0,1,0,0,차대사람 - 차도통행중,안전운전불이행,포장 - 건조,맑음,단일로 - 교량,승용,여,46세,상해없음,보행자,여,70세,중상
26090,2020092500100720,2020년 9월 25일 22시,금요일,경기도 용인시 처인구 역북동,경상사고,0,0,1,0,차대사람 - 횡단중,안전운전불이행,포장 - 건조,맑음,교차로 - 교차로부근,기타불명,기타불명,미분류,기타불명,보행자,남,15세,경상
26091,2020092500100752,2020년 9월 25일 23시,금요일,경기도 군포시 산본동,경상사고,0,0,1,0,차대사람 - 횡단중,안전운전불이행,포장 - 건조,맑음,교차로 - 교차로부근,승용,남,28세,상해없음,보행자,남,27세,경상
26092,2020092500100755,2020년 9월 25일 23시,금요일,경기도 용인시 수지구 죽전동,부상신고사고,0,0,0,1,차대사람 - 기타,안전운전불이행,포장 - 건조,맑음,기타 - 기타,기타불명,기타불명,미분류,기타불명,보행자,남,35세,부상신고
26093,2020092600100022,2020년 9월 26일 01시,토요일,경기도 안산시 단원구 고잔동,경상사고,0,0,1,0,차대사람 - 횡단중,안전운전불이행,포장 - 건조,맑음,교차로 - 교차로안,승용,여,52세,상해없음,보행자,여,32세,경상
26094,2020092600100023,2020년 9월 26일 01시,토요일,경기도 성남시 중원구 성남동,중상사고,0,2,0,1,차대사람 - 기타,안전운전불이행,포장 - 건조,맑음,기타 - 기타,이륜,남,19세,중상,보행자,남,47세,상해없음
26095,2020092600100040,2020년 9월 26일 03시,토요일,경기도 수원시 장안구 송죽동,경상사고,0,0,1,0,차대사람 - 기타,교차로운행방법위반,포장 - 건조,맑음,교차로 - 교차로안,승용,남,48세,상해없음,보행자,여,21세,경상
26096,2020092600100065,2020년 9월 26일 05시,토요일,경기도 안양시 동안구 호계동,중상사고,0,1,0,0,차대사람 - 기타,안전운전불이행,포장 - 건조,맑음,기타 - 기타,원동기,남,18세,상해없음,보행자,남,36세,중상
26097,2020092600100084,2020년 9월 26일 06시,토요일,경기도 양주시 고암동,중상사고,0,1,0,0,차대사람 - 횡단중,신호위반,포장 - 건조,맑음,교차로 - 교차로안,건설기계,남,23세,상해없음,보행자,여,79세,중상
26098,2020092600100175,2020년 9월 26일 10시,토요일,경기도 수원시 팔달구 인계동,경상사고,0,0,1,0,차대사람 - 기타,안전운전불이행,포장 - 기타,맑음,단일로 - 기타,이륜,남,41세,상해없음,보행자,여,43세,경상
26099,2020092600100229,2020년 9월 26일 11시,토요일,경기도 광명시 하안동,부상신고사고,0,0,0,1,차대사람 - 기타,안전운전불이행,포장 - 건조,맑음,단일로 - 기타,승용,남,40세,기타불명,보행자,남,53세,부상신고
26100,2020092600100255,2020년 9월 26일 11시,토요일,경기도 고양시 덕양구 내유동,경상사고,0,0,1,0,차대사람 - 기타,안전운전불이행,포장 - 기타,맑음,주차장 - 주차장,승합,여,46세,상해없음,보행자,남,51세,경상
26101,2020092600100271,2020년 9월 26일 12시,토요일,경기도 군포시 당동,경상사고,0,0,1,0,차대사람 - 기타,신호위반,포장 - 건조,맑음,단일로 - 기타,이륜,남,28세,상해없음,보행자,여,45세,경상
26102,2020092600100316,2020년 9월 26일 13시,토요일,경기도 부천시 춘의동,경상사고,0,0,1,0,차대사람 - 횡단중,보행자보호의무위반,포장 - 건조,맑음,교차로 - 교차로횡단보도내,화물,남,56세,상해없음,보행자,여,71세,경상
26103,2020092600100360,2020년 9월 26일 14시,토요일,경기도 양평군 양평읍,경상사고,0,0,1,0,차대사람 - 길가장자리구역통행중,안전운전불이행,포장 - 건조,맑음,단일로 - 기타,승용,남,61세,상해없음,보행자,남,45세,경상
26104,2020092600100404,2020년 9월 26일 15시,토요일,경기도 안산시 단원구 고잔동,경상사고,0,0,1,0,차대사람 - 기타,안전운전불이행,포장 - 건조,맑음,주차장 - 주차장,승용,남,57세,상해없음,보행자,남,24세,경상
26105,2020092600100408,2020년 9월 26일 15시,토요일,경기도 용인시 기흥구 청덕동,경상사고,0,0,1,0,차대사람 - 기타,안전운전불이행,포장 - 건조,맑음,기타 - 기타,자전거,남,11세,상해없음,보행자,여,77세,경상
26106,2020092600100432,2020년 9월 26일 15시,토요일,경기도 고양시 덕양구 대자동,중상사고,0,1,0,0,차대사람 - 기타,안전운전불이행,포장 - 건조,맑음,기타 - 기타,승용,남,63세,상해없음,보행자,남,79세,중상
26107,2020092600100453,2020년 9월 26일 16시,토요일,경기도 수원시 영통구 영통동,중상사고,0,1,0,0,차대사람 - 횡단중,안전운전불이행,포장 - 건조,맑음,교차로 - 교차로부근,자전거,남,39세,상해없음,보행자,여,89세,중상
26108,2020092600100454,2020년 9월 26일 16시,토요일,경기도 성남시 분당구 수내동,중상사고,0,1,0,0,차대사람 - 기타,안전운전불이행,포장 - 건조,맑음,단일로 - 기타,자전거,남,56세,상해없음,보행자,남,70세,중상
26109,2020092600100497,2020년 9월 26일 17시,토요일,경기도 시흥시 신천동,경상사고,0,0,1,0,차대사람 - 차도통행중,안전운전불이행,포장 - 건조,맑음,단일로 - 기타,승용,남,66세,상해없음,보행자,여,59세,경상
26110,2020092600100520,2020년 9월 26일 17시,토요일,경기도 고양시 덕양구 성사동,중상사고,0,1,0,0,차대사람 - 기타,기타,포장 - 건조,맑음,교차로 - 교차로부근,승합,남,65세,상해없음,보행자,남,86세,중상
26111,2020092600100522,2020년 9월 26일 17시,토요일,경기도 파주시 금촌동,중상사고,0,1,0,0,차대사람 - 횡단중,안전운전불이행,포장 - 건조,맑음,단일로 - 기타,화물,남,64세,상해없음,보행자,여,68세,중상
26112,2020092600100577,2020년 9월 26일 19시,토요일,경기도 안산시 단원구 대부북동,중상사고,0,1,0,0,차대사람 - 길가장자리구역통행중,안전운전불이행,포장 - 건조,맑음,단일로 - 기타,승용,남,22세,상해없음,보행자,남,47세,중상
26113,2020092600100578,2020년 9월 26일 19시,토요일,경기도 안양시 만안구 안양동,경상사고,0,0,1,0,차대사람 - 기타,안전운전불이행,포장 - 건조,맑음,기타 - 기타,승용,남,56세,상해없음,보행자,남,48세,경상
26114,2020092600100625,2020년 9월 26일 20시,토요일,경기도 김포시 장기동,경상사고,0,0,1,0,차대사람 - 보도통행중,안전운전불이행,포장 - 건조,맑음,기타 - 기타,자전거,남,15세,상해없음,보행자,여,46세,경상
26115,2020092600100626,2020년 9월 26일 20시,토요일,경기도 양평군 양평읍,중상사고,0,1,0,0,차대사람 - 기타,보행자보호의무위반,포장 - 건조,맑음,교차로 - 교차로안,승용,남,60세,상해없음,보행자,여,39세,중상
26116,2020092600100643,2020년 9월 26일 20시,토요일,경기도 양주시 고암동,중상사고,0,1,0,0,차대사람 - 기타,안전운전불이행,포장 - 건조,맑음,교차로 - 교차로안,승용,남,32세,상해없음,보행자,남,51세,중상
26117,2020092600100671,2020년 9월 26일 21시,토요일,경기도 의정부시 의정부동,중상사고,0,1,0,0,차대사람 - 횡단중,안전운전불이행,포장 - 건조,맑음,교차로 - 교차로안,이륜,남,20세,상해없음,보행자,남,39세,중상
26118,2020092600100678,2020년 9월 26일 22시,토요일,경기도 성남시 중원구 성남동,경상사고,0,0,1,0,차대사람 - 길가장자리구역통행중,안전운전불이행,포장 - 건조,맑음,단일로 - 기타,승용,남,18세,상해없음,보행자,여,18세,경상
26119,2020092600100690,2020년 9월 26일 22시,토요일,경기도 구리시 토평동,중상사고,0,1,0,0,차대사람 - 횡단중,신호위반,포장 - 건조,맑음,교차로 - 교차로안,이륜,남,28세,상해없음,보행자,여,19세,중상
26120,2020092700100024,2020년 9월 27일 01시,일요일,경기도 안산시 단원구 고잔동,경상사고,0,0,1,0,차대사람 - 횡단중,안전운전불이행,포장 - 건조,맑음,단일로 - 기타,승용,남,63세,상해없음,보행자,남,31세,경상