,사고번호,사고일시,요일,시군구,사고내용,사망자수,중상자수,경상자수,부상신고자수,사고유형,법규위반,노면상태,기상상태,도로형태,가해운전자 차종,가해운전자 성별,가해운전자 연령,가해운전자 상해정도,피해운전자 차종,피해운전자 성별,피해운전자 연령,피해운전자 상해정도
26121,2020092700100042,2020년 9월 27일 02시,일요일,경기도 화성시 배양동,경상사고,0,0,1,0,차대사람 - 기타,안전운전불이행,포장 - 건조,맑음,단일로 - 기타,승용,남,47세,상해없음,보행자,남,25세,경상
26122,2020092700100107,2020년 9월 27일 08시,일요일,경기도 용인시 기흥구 마북동,중상사고,0,1,0,0,차대사람 - 횡단중,안전운전불이행,포장 - 건조,맑음,교차로 - 교차로횡단보도내,승용,남,63세,상해없음,보행자,여,59세,중상
26123,2020092700100136,2020년 9월 27일 10시,일요일,경기도 평택시 지제동,사망사고,1,0,0,0,차대사람 - 횡단중,안전운전불이행,포장 - 건조,맑음,교차로 - 교차로횡단보도내,건설기계,남,57세,상해없음,보행자,남,84세,사망
26124,2020092700100174,2020년 9월 27일 11시,일요일,경기도 남양주시 오남읍,경상사고,0,0,1,0,차대사람 - 기타,신호위반,포장 - 건조,맑음,교차로 - 교차로횡단보도내,이륜,남,18세,상해없음,보행자,여,55세,경상
26125,2020092700100177,2020년 9월 27일 11시,일요일,경기도 구리시 교문동,중상사고,0,1,0,0,차대사람 - 기타,보행자보호의무위반,포장 - 건조,맑음,교차로 - 교차로안,승용,여,63세,상해없음,보행자,여,72세,중상
26126,2020092700100189,2020년 9월 27일 12시,일요일,경기도 평택시 신장동,경상사고,0,0,1,0,차대사람 - 차도통행중,안전운전불이행,포장 - 건조,맑음,교차로 - 교차로안,승용,남,52세,상해없음,보행자,여,67세,경상
26127,2020092700100194,2020년 9월 27일 12시,일요일,경기도 안산시 단원구 성곡동,경상사고,0,0,1,0,차대사람 - 기타,안전운전불이행,포장 - 건조,맑음,기타 - 기타,승용,남,49세,상해없음,보행자,남,64세,경상
26128,2020092700100224,2020년 9월 27일 13시,일요일,경기도 수원시 팔달구 화서동,경상사고,0,0,1,0,차대사람 - 기타,안전운전불이행,포장 - 건조,맑음,교차로 - 교차로안,승합,남,50세,기타불명,보행자,여,64세,경상
26129,2020092700100227,2020년 9월 27일 13시,일요일,경기도 안성시 미양면,사망사고,1,0,0,0,차대사람 - 기타,안전운전불이행,포장 - 건조,맑음,단일로 - 기타,화물,남,62세,상해없음,보행자,남,73세,사망
26130,2020092700100268,2020년 9월 27일 14시,일요일,경기도 양평군 양평읍,경상사고,0,0,1,0,차대사람 - 기타,안전운전불이행,포장 - 건조,맑음,기타 - 기타,승용,여,64세,상해없음,보행자,남,6세,경상
26131,2020092700100378,2020년 9월 27일 17시,일요일,경기도 광주시 회덕동,경상사고,0,0,1,0,차대사람 - 기타,안전운전불이행,포장 - 건조,맑음,기타 - 기타,승용,여,34세,상해없음,보행자,여,5세,경상
26132,2020092700100417,2020년 9월 27일 18시,일요일,경기도 평택시 서정동,경상사고,0,0,1,0,차대사람 - 차도통행중,기타,포장 - 건조,맑음,단일로 - 기타,승용,남,54세,상해없음,보행자,여,76세,경상
26133,2020092700100418,2020년 9월 27일 18시,일요일,경기도 평택시 평택동,경상사고,0,0,1,0,차대사람 - 기타,안전운전불이행,포장 - 건조,맑음,미분류 - 미분류,기타불명,기타불명,미분류,기타불명,보행자,여,28세,경상
26134,2020092700100420,2020년 9월 27일 18시,일요일,경기도 부천시 중동,경상사고,0,0,1,0,차대사람 - 기타,안전운전불이행,포장 - 건조,맑음,교차로 - 교차로부근,승용,남,32세,상해없음,보행자,여,36세,경상
26135,2020092700100446,2020년 9월 27일 19시,일요일,경기도 수원시 장안구 정자동,경상사고,0,0,1,0,차대사람 - 기타,안전운전불이행,포장 - 건조,맑음,단일로 - 기타,승용,남,50세,상해없음,보행자,남,50세,경상
26136,2020092700100480,2020년 9월 27일 20시,일요일,경기도 오산시 궐동,중상사고,0,1,0,0,차대사람 - 기타,안전운전불이행,포장 - 건조,맑음,교차로 - 교차로안,승용,남,38세,상해없음,보행자,여,36세,중상
26137,2020092700100503,2020년 9월 27일 20시,일요일,경기도 의정부시 의정부동,경상사고,0,0,1,0,차대사람 - 횡단중,보행자보호의무위반,포장 - 건조,맑음,교차로 - 교차로안,승용,남,26세,기타불명,보행자,여,35세,경상
26138,2020092700100531,2020년 9월 27일 22시,일요일,경기도 광명시 광명동,중상사고,0,1,2,0,차대사람 - 보도통행중,안전운전불이행,포장 - 건조,맑음,단일로 - 기타,승용,남,49세,상해없음,보행자,남,54세,중상
26139,2020092700100548,2020년 9월 27일 23시,일요일,경기도 광주시 곤지암읍,사망사고,1,0,0,0,차대사람 - 횡단중,안전운전불이행,포장 - 건조,맑음,교차로 - 교차로안,화물,남,33세,상해없음,보행자,남,56세,사망
26140,2020092800100010,2020년 9월 28일 01시,월요일,경기도 수원시 팔달구 매산로1가,경상사고,0,0,1,0,차대사람 - 기타,안전운전불이행,포장 - 건조,맑음,단일로 - 기타,승용,남,21세,상해없음,보행자,남,21세,경상
26141,2020092800100095,2020년 9월 28일 08시,월요일,경기도 김포시 통진읍,경상사고,0,0,1,0,차대사람 - 기타,안전운전불이행,포장 - 건조,맑음,단일로 - 기타,승용,남,55세,상해없음,보행자,남,60세,경상
26142,2020092800100130,2020년 9월 28일 08시,월요일,경기도 포천시 관인면,중상사고,0,1,0,0,차대사람 - 기타,안전운전불이행,포장 - 건조,맑음,단일로 - 기타,건설기계,남,57세,상해없음,보행자,남,59세,중상
26143,2020092800100138,2020년 9월 28일 09시,월요일,경기도 성남시 수정구 태평동,중상사고,0,1,0,0,차대사람 - 기타,안전운전불이행,포장 - 건조,맑음,단일로 - 기타,승용,여,49세,상해없음,보행자,여,58세,중상
26144,2020092800100166,2020년 9월 28일 09시,월요일,경기도 양주시 고암동,경상사고,0,0,1,0,차대사람 - 횡단중,보행자보호의무위반,포장 - 건조,맑음,교차로 - 교차로안,승용,여,53세,상해없음,보행자,여,45세,경상
26145,2020092800100179,2020년 9월 28일 10시,월요일,경기도 부천시 심곡본동,경상사고,0,0,1,0,차대사람 - 기타,안전운전불이행,포장 - 건조,맑음,기타 - 기타,화물,남,61세,상해없음,보행자,여,33세,경상
26146,2020092800100180,2020년 9월 28일 10시,월요일,경기도 부천시 춘의동,중상사고,0,1,1,0,차대사람 - 횡단중,보행자보호의무위반,포장 - 건조,맑음,단일로 - 기타,승용,남,51세,상해없음,보행자,여,2세,중상
26147,2020092800100215,2020년 9월 28일 11시,월요일,경기도 평택시 합정동,경상사고,0,0,1,0,차대사람 - 기타,안전운전불이행,포장 - 기타,맑음,단일로 - 기타,승합,남,56세,상해없음,보행자,여,47세,경상
26148,2020092800100259,2020년 9월 28일 11시,월요일,경기도 파주시 조리읍,사망사고,1,0,0,0,차대사람 - 횡단중,안전운전불이행,포장 - 건조,맑음,단일로 - 기타,화물,남,37세,상해없음,보행자,여,82세,사망
26149,2020092800100276,2020년 9월 28일 12시,월요일,경기도 수원시 장안구 정자동,중상사고,0,1,0,0,차대사람 - 기타,안전운전불이행,포장 - 건조,맑음,단일로 - 기타,승용,남,48세,상해없음,보행자,여,67세,중상
26150,2020092800100320,2020년 9월 28일 13시,월요일,경기도 평택시 안중읍,경상사고,0,0,1,0,차대사람 - 기타,안전운전불이행,포장 - 건조,맑음,단일로 - 기타,승용,여,36세,상해없음,보행자,여,39세,경상
26151,2020092800100322,2020년 9월 28일 13시,월요일,경기도 김포시 사우동,경상사고,0,0,1,0,차대사람 - 기타,안전운전불이행,포장 - 건조,맑음,주차장 - 주차장,승용,여,39세,상해없음,보행자,여,70세,경상
26152,2020092800100323,2020년 9월 28일 13시,월요일,경기도 김포시 북변동,사망사고,1,0,0,0,차대사람 - 횡단중,교차로운행방법위반,포장 - 건조,맑음,교차로 - 교차로안,승용,여,57세,상해없음,보행자,남,89세,사망
26153,2020092800100350,2020년 9월 28일 13시,월요일,경기도 남양주시 별내면,경상사고,0,0,1,0,차대사람 - 횡단중,보행자보호의무위반,포장 - 건조,맑음,교차로 - 교차로안,승용,남,63세,상해없음,보행자,남,76세,경상
26154,2020092800100369,2020년 9월 28일 14시,월요일,경기도 여주시 대신면,경상사고,0,0,1,0,차대사람 - 기타,안전운전불이행,포장 - 건조,맑음,교차로 - 교차로부근,화물,남,56세,상해없음,보행자,남,67세,경상
26155,2020092800100411,2020년 9월 28일 14시,월요일,경기도 양주시 삼숭동,중상사고,0,1,0,0,차대사람 - 기타,안전운전불이행,포장 - 건조,맑음,기타 - 기타,승용,여,39세,상해없음,보행자,여,49세,중상
26156,2020092800100432,2020년 9월 28일 15시,월요일,경기도 하남시 덕풍동,중상사고,0,1,0,0,차대사람 - 기타,신호위반,포장 - 건조,맑음,교차로 - 교차로횡단보도내,자전거,남,63세,상해없음,보행자,남,8세,중상
26157,2020092800100465,2020년 9월 28일 15시,월요일,경기도 남양주시 오남읍,중상사고,0,1,1,0,차대사람 - 기타,안전운전불이행,포장 - 건조,맑음,단일로 - 기타,건설기계,남,39세,상해없음,보행자,여,72세,중상
26158,2020092800100490,2020년 9월 28일 16시,월요일,경기도 수원시 팔달구 매산로1가,중상사고,0,1,0,0,차대사람 - 횡단중,안전운전불이행,포장 - 건조,맑음,교차로 - 교차로안,승용,남,51세,상해없음,보행자,여,46세,중상
26159,2020092800100531,2020년 9월 28일 16시,월요일,경기도 파주시 다율동,중상사고,0,1,0,0,차대사람 - 횡단중,안전운전불이행,포장 - 건조,맑음,단일로 - 기타,화물,남,68세,상해없음,보행자,남,70세,중상
26160,2020092800100606,2020년 9월 28일 18시,월요일,경기도 성남시 수정구 태평동,중상사고,0,1,0,0,차대사람 - 기타,안전운전불이행,포장 - 건조,맑음,단일로 - 기타,승용,남,68세,상해없음,보행자,남,57세,중상
26161,2020092800100608,2020년 9월 28일 18시,월요일,경기도 오산시 오산동,경상사고,0,0,1,0,차대사람 - 횡단중,안전운전불이행,포장 - 건조,맑음,단일로 - 기타,이륜,남,21세,상해없음,보행자,남,18세,경상
26162,2020092800100618,2020년 9월 28일 18시,월요일,경기도 수원시 팔달구 고등동,중상사고,0,1,0,0,차대사람 - 기타,안전운전불이행,포장 - 건조,맑음,교차로 - 교차로부근,이륜,남,42세,상해없음,보행자,여,71세,중상
26163,2020092800100620,2020년 9월 28일 18시,월요일,경기도 부천시 오정동,경상사고,0,0,1,0,차대사람 - 기타,안전운전불이행,포장 - 건조,맑음,기타 - 기타,승용,남,68세,상해없음,보행자,남,29세,경상
26164,2020092800100664,2020년 9월 28일 18시,월요일,경기도 의정부시 가능동,중상사고,0,1,0,0,차대사람 - 기타,안전운전불이행,포장 - 건조,맑음,단일로 - 기타,승용,남,65세,상해없음,보행자,남,42세,중상
26165,2020092800100689,2020년 9월 28일 19시,월요일,경기도 수원시 영통구 매탄동,경상사고,0,0,1,0,차대사람 - 기타,안전운전불이행,포장 - 건조,맑음,교차로 - 교차로안,자전거,남,63세,상해없음,보행자,여,74세,경상
26166,2020092800100692,2020년 9월 28일 19시,월요일,경기도 수원시 권선구 당수동,경상사고,0,0,1,0,차대사람 - 기타,안전운전불이행,포장 - 건조,맑음,기타 - 기타,승용,남,68세,상해없음,보행자,여,30세,경상
26167,2020092800100693,2020년 9월 28일 19시,월요일,경기도 화성시 향남읍,중상사고,0,1,0,0,차대사람 - 횡단중,안전운전불이행,포장 - 건조,맑음,단일로 - 교량,승용,남,55세,상해없음,보행자,남,74세,중상
26168,2020092800100721,2020년 9월 28일 20시,월요일,경기도 성남시 수정구 신흥동,중상사고,0,1,0,0,차대사람 - 횡단중,신호위반,포장 - 건조,맑음,교차로 - 교차로횡단보도내,이륜,남,56세,상해없음,보행자,남,12세,중상
26169,2020092800100755,2020년 9월 28일 21시,월요일,경기도 성남시 수정구 태평동,경상사고,0,0,1,0,차대사람 - 횡단중,보행자보호의무위반,포장 - 건조,맑음,교차로 - 교차로횡단보도내,승용,남,36세,상해없음,보행자,여,17세,경상
26170,2020092800100762,2020년 9월 28일 21시,월요일,경기도 군포시 부곡동,중상사고,0,1,0,0,차대사람 - 기타,불법유턴,포장 - 건조,맑음,단일로 - 기타,건설기계,남,38세,상해없음,보행자,남,41세,중상
26171,2020092800100779,2020년 9월 28일 21시,월요일,경기도 의정부시 호원동,경상사고,0,0,1,0,차대사람 - 횡단중,신호위반,포장 - 건조,맑음,교차로 - 교차로횡단보도내,승용,남,59세,상해없음,보행자,여,23세,경상
26172,2020092800100798,2020년 9월 28일 22시,월요일,경기도 광명시 광명동,중상사고,0,1,0,0,차대사람 - 기타,기타,포장 - 건조,맑음,단일로 - 기타,승합,여,54세,상해없음,보행자,여,52세,중상
26173,2020092800100815,2020년 9월 28일 22시,월요일,경기도 동두천시 상봉암동,중상사고,0,1,0,0,차대사람 - 기타,안전운전불이행,포장 - 건조,맑음,단일로 - 기타,승용,여,18세,상해없음,보행자,남,53세,중상
26174,2020092900100008,2020년 9월 29일 00시,화요일,경기도 성남시 중원구 갈현동,경상사고,0,0,1,0,차대사람 - 기타,안전운전불이행,포장 - 건조,맑음,기타 - 기타,화물,남,46세,상해없음,보행자,남,52세,경상
26175,2020092900100039,2020년 9월 29일 03시,화요일,경기도 파주시 아동동,사망사고,1,0,0,0,차대사람 - 차도통행중,안전운전불이행,포장 - 건조,맑음,단일로 - 기타,승용,남,41세,상해없음,보행자,남,73세,사망
26176,2020092900100062,2020년 9월 29일 06시,화요일,경기도 성남시 분당구 정자동,중상사고,0,1,0,0,차대사람 - 기타,안전운전불이행,포장 - 건조,맑음,단일로 - 기타,자전거,남,37세,상해없음,보행자,여,77세,중상
26177,2020092900100138,2020년 9월 29일 09시,화요일,경기도 오산시 금암동,경상사고,0,0,1,0,차대사람 - 횡단중,보행자보호의무위반,포장 - 건조,맑음,교차로 - 교차로안,승용,남,38세,기타불명,보행자,여,24세,경상
26178,2020092900100144,2020년 9월 29일 09시,화요일,경기도 안양시 만안구 안양동,경상사고,0,0,1,0,차대사람 - 기타,안전운전불이행,포장 - 건조,맑음,단일로 - 기타,자전거,남,68세,상해없음,보행자,남,64세,경상
26179,2020092900100212,2020년 9월 29일 10시,화요일,경기도 파주시 문산읍,경상사고,0,0,1,0,차대사람 - 횡단중,안전운전불이행,포장 - 건조,맑음,교차로 - 교차로부근,승용,여,70세,상해없음,보행자,여,34세,경상
26180,2020092900100232,2020년 9월 29일 11시,화요일,경기도 광주시 장지동,경상사고,0,0,1,0,차대사람 - 기타,안전운전불이행,포장 - 건조,맑음,주차장 - 주차장,승용,남,69세,상해없음,보행자,남,21세,경상
26181,2020092900100235,2020년 9월 29일 11시,화요일,경기도 수원시 팔달구 고등동,중상사고,0,1,1,0,차대사람 - 기타,안전운전불이행,포장 - 건조,맑음,기타 - 기타,승용,여,56세,경상,보행자,남,65세,중상
26182,2020092900100236,2020년 9월 29일 11시,화요일,경기도 화성시 진안동,경상사고,0,0,1,0,차대사람 - 차도통행중,안전운전불이행,포장 - 건조,맑음,단일로 - 기타,승합,남,60세,상해없음,보행자,여,27세,경상
26183,2020092900100315,2020년 9월 29일 13시,화요일,경기도 안산시 상록구 부곡동,중상사고,0,1,0,0,차대사람 - 횡단중,안전운전불이행,포장 - 건조,맑음,교차로 - 교차로횡단보도내,특수,남,45세,상해없음,보행자,여,77세,중상
26184,2020092900100364,2020년 9월 29일 14시,화요일,경기도 수원시 팔달구 우만동,경상사고,0,0,1,0,차대사람 - 기타,안전운전불이행,포장 - 건조,맑음,단일로 - 기타,승용,남,55세,상해없음,보행자,여,22세,경상
26185,2020092900100370,2020년 9월 29일 14시,화요일,경기도 성남시 중원구 성남동,경상사고,0,0,1,0,차대사람 - 기타,안전운전불이행,포장 - 건조,맑음,단일로 - 기타,승용,남,55세,상해없음,보행자,여,62세,경상
26186,2020092900100431,2020년 9월 29일 15시,화요일,경기도 안산시 단원구 신길동,중상사고,0,1,0,0,차대사람 - 기타,신호위반,포장 - 건조,맑음,단일로 - 기타,승용,남,24세,상해없음,보행자,여,26세,중상
26187,2020092900100435,2020년 9월 29일 15시,화요일,경기도 화성시 정남면,중상사고,0,1,0,0,차대사람 - 차도통행중,안전운전불이행,포장 - 건조,맑음,기타 - 기타,승용,여,28세,상해없음,보행자,여,59세,중상
26188,2020092900100466,2020년 9월 29일 15시,화요일,경기도 파주시 금촌동,경상사고,0,0,1,0,차대사람 - 횡단중,신호위반,포장 - 건조,맑음,교차로 - 교차로안,승용,남,75세,상해없음,보행자,여,67세,경상
26189,2020092900100479,2020년 9월 29일 16시,화요일,경기도 수원시 장안구 영화동,중상사고,0,2,0,0,차대사람 - 횡단중,안전운전불이행,포장 - 건조,맑음,교차로 - 교차로부근,승용,남,57세,기타불명,보행자,여,66세,중상
26190,2020092900100519,2020년 9월 29일 16시,화요일,경기도 고양시 덕양구 향동동,경상사고,0,0,1,0,차대사람 - 횡단중,신호위반,포장 - 건조,기타,교차로 - 교차로횡단보도내,이륜,남,55세,상해없음,보행자,여,29세,경상
26191,2020092900100547,2020년 9월 29일 17시,화요일,경기도 광명시 광명동,경상사고,0,0,1,1,차대사람 - 기타,안전운전불이행,포장 - 건조,맑음,단일로 - 기타,승용,여,44세,상해없음,보행자,여,49세,경상
26192,2020092900100586,2020년 9월 29일 17시,화요일,경기도 고양시 일산서구 주엽동,중상사고,0,1,0,0,차대사람 - 기타,안전운전불이행,포장 - 건조,맑음,기타 - 기타,자전거,남,9세,상해없음,보행자,여,89세,중상
26193,2020092900100647,2020년 9월 29일 18시,화요일,경기도 의정부시 의정부동,부상신고사고,0,0,0,1,차대사람 - 횡단중,안전운전불이행,포장 - 건조,맑음,교차로 - 교차로횡단보도내,승용,여,51세,상해없음,보행자,남,48세,부상신고
26194,2020092900100663,2020년 9월 29일 19시,화요일,경기도 광주시 곤지암읍,중상사고,0,1,0,0,차대사람 - 차도통행중,안전운전불이행,포장 - 건조,맑음,단일로 - 기타,승용,남,25세,상해없음,보행자,여,56세,중상
26195,2020092900100712,2020년 9월 29일 20시,화요일,경기도 평택시 안중읍,경상사고,0,0,1,0,차대사람 - 기타,보행자보호의무위반,포장 - 건조,맑음,단일로 - 기타,화물,남,52세,상해없음,보행자,여,58세,경상
26196,2020092900100715,2020년 9월 29일 20시,화요일,경기도 이천시 모가면,경상사고,0,0,1,0,차대사람 - 보도통행중,안전운전불이행,포장 - 건조,맑음,단일로 - 기타,승합,남,44세,상해없음,보행자,남,57세,경상
26197,2020092900100717,2020년 9월 29일 20시,화요일,경기도 광주시 목현동,중상사고,0,1,0,0,차대사람 - 횡단중,안전운전불이행,포장 - 건조,맑음,교차로 - 교차로안,승용,여,36세,상해없음,보행자,남,77세,중상
26198,2020092900100718,2020년 9월 29일 20시,화요일,경기도 부천시 원미동,중상사고,0,1,0,0,차대사람 - 횡단중,안전운전불이행,포장 - 건조,맑음,교차로 - 교차로횡단보도내,승용,여,46세,상해없음,보행자,남,56세,중상
26199,2020092900100723,2020년 9월 29일 20시,화요일,경기도 안산시 상록구 사동,경상사고,0,0,1,0,차대사람 - 기타,안전운전불이행,포장 - 건조,맑음,교차로 - 교차로안,기타불명,기타불명,미분류,기타불명,보행자,남,18세,경상
26200,2020092900100754,2020년 9월 29일 20시,화요일,경기도 포천시 관인면,중상사고,0,1,0,0,차대사람 - 횡단중,교차로운행방법위반,포장 - 건조,맑음,교차로 - 교차로안,승용,여,49세,상해없음,보행자,여,70세,중상
26201,2020092900100765,2020년 9월 29일 21시,화요일,경기도 수원시 장안구 조원동,경상사고,0,0,1,0,차대사람 - 기타,보행자보호의무위반,포장 - 건조,맑음,교차로 - 교차로안,승용,여,57세,상해없음,보행자,여,71세,경상
26202,2020092900100822,2020년 9월 29일 23시,화요일,경기도 성남시 분당구 백현동,중상사고,0,1,0,0,차대사람 - 기타,안전운전불이행,포장 - 건조,맑음,단일로 - 기타,화물,남,24세,상해없음,보행자,남,31세,중상
26203,2020093000100021,2020년 9월 30일 00시,수요일,경기도 남양주시 화도읍,중상사고,0,1,0,0,차대사람 - 기타,안전운전불이행,포장 - 건조,맑음,기타 - 기타,승용,남,70세,상해없음,보행자,남,26세,중상
26204,2020093000100039,2020년 9월 30일 01시,수요일,경기도 의정부시 의정부동,경상사고,0,0,1,0,차대사람 - 기타,안전운전불이행,포장 - 건조,맑음,교차로 - 교차로부근,승용,남,25세,상해없음,보행자,남,24세,경상
26205,2020093000100056,2020년 9월 30일 03시,수요일,경기도 안양시 동안구 호계동,경상사고,0,0,1,0,차대사람 - 보도통행중,안전운전불이행,포장 - 건조,맑음,단일로 - 기타,개인형이동수단(PM),남,25세,상해없음,보행자,여,22세,경상
26206,2020093000100071,2020년 9월 30일 05시,수요일,경기도 수원시 장안구 파장동,경상사고,0,0,1,0,차대사람 - 기타,안전운전불이행,포장 - 건조,맑음,기타 - 기타,화물,남,38세,상해없음,보행자,여,66세,경상
26207,2020093000100073,2020년 9월 30일 05시,수요일,경기도 부천시 여월동,중상사고,0,1,0,0,차대사람 - 횡단중,보행자보호의무위반,포장 - 건조,흐림,단일로 - 기타,승용,남,31세,상해없음,보행자,여,63세,중상
26208,2020093000100183,2020년 9월 30일 11시,수요일,경기도 성남시 중원구 성남동,경상사고,0,0,1,0,차대사람 - 기타,안전운전불이행,포장 - 건조,맑음,단일로 - 기타,승용,여,51세,상해없음,보행자,여,66세,경상
26209,2020093000100230,2020년 9월 30일 12시,수요일,경기도 의정부시 의정부동,경상사고,0,0,1,0,차대사람 - 기타,안전운전불이행,포장 - 건조,맑음,교차로 - 교차로부근,승용,여,40세,상해없음,보행자,남,23세,경상
26210,2020093000100238,2020년 9월 30일 13시,수요일,경기도 용인시 처인구 김량장동,경상사고,0,0,1,0,차대사람 - 기타,안전운전불이행,포장 - 건조,맑음,교차로 - 교차로안,승용,여,72세,상해없음,보행자,남,72세,경상
26211,2020093000100239,2020년 9월 30일 13시,수요일,경기도 부천시 괴안동,사망사고,1,0,0,0,차대사람 - 횡단중,보행자보호의무위반,포장 - 건조,맑음,교차로 - 교차로부근,승용,여,43세,상해없음,보행자,여,61세,사망
26212,2020093000100267,2020년 9월 30일 14시,수요일,경기도 성남시 중원구 상대원동,중상사고,0,1,0,0,차대사람 - 기타,안전운전불이행,포장 - 건조,맑음,단일로 - 기타,승용,남,39세,상해없음,보행자,남,60세,중상
26213,2020093000100269,2020년 9월 30일 14시,수요일,경기도 안산시 상록구 이동,경상사고,0,0,1,0,차대사람 - 기타,안전운전불이행,포장 - 건조,맑음,단일로 - 기타,승용,남,49세,상해없음,보행자,남,34세,경상
26214,2020093000100291,2020년 9월 30일 14시,수요일,경기도 고양시 덕양구 동산동,부상신고사고,0,0,0,1,차대사람 - 기타,안전운전불이행,포장 - 건조,맑음,교차로 - 교차로안,기타불명,기타불명,미분류,기타불명,보행자,남,59세,부상신고
26215,2020093000100294,2020년 9월 30일 14시,수요일,경기도 구리시 수택동,경상사고,0,0,1,0,차대사람 - 기타,안전운전불이행,포장 - 건조,맑음,단일로 - 기타,승용,남,64세,상해없음,보행자,남,26세,경상
26216,2020093000100304,2020년 9월 30일 15시,수요일,경기도 성남시 중원구 성남동,중상사고,0,1,0,0,차대사람 - 기타,안전운전불이행,포장 - 건조,흐림,교차로 - 교차로횡단보도내,승용,남,78세,상해없음,보행자,남,45세,중상
26217,2020093000100344,2020년 9월 30일 16시,수요일,경기도 용인시 기흥구 보정동,경상사고,0,0,1,0,차대사람 - 횡단중,신호위반,포장 - 젖음/습기,비,교차로 - 교차로횡단보도내,승용,남,34세,상해없음,보행자,남,64세,경상
26218,2020093000100381,2020년 9월 30일 17시,수요일,경기도 동두천시 생연동,경상사고,0,0,1,0,차대사람 - 횡단중,보행자보호의무위반,포장 - 건조,맑음,교차로 - 교차로안,승용,남,43세,상해없음,보행자,여,59세,경상
26219,2020093000100396,2020년 9월 30일 18시,수요일,경기도 성남시 중원구 여수동,중상사고,0,1,0,0,차대사람 - 보도통행중,안전운전불이행,포장 - 건조,맑음,기타 - 기타,자전거,남,34세,상해없음,보행자,남,70세,중상
26220,2020093000100497,2020년 9월 30일 22시,수요일,경기도 부천시 상동,중상사고,0,1,0,0,차대사람 - 기타,안전운전불이행,포장 - 건조,맑음,단일로 - 기타,승용,남,30세,상해없음,보행자,남,17세,중상
26221,2020093000100517,2020년 9월 30일 23시,수요일,경기도 성남시 분당구 구미동,중상사고,0,1,0,0,차대사람 - 보도통행중,안전운전불이행,포장 - 건조,맑음,단일로 - 기타,승용,남,24세,상해없음,보행자,여,50세,중상
26222,2020093000100518,2020년 9월 30일 23시,수요일,경기도 화성시 기안동,부상신고사고,0,0,0,1,차대사람 - 기타,안전운전불이행,포장 - 건조,맑음,교차로 - 교차로부근,화물,남,44세,상해없음,보행자,남,87세,부상신고
26223,2020093000100522,2020년 9월 30일 23시,수요일,경기도 의정부시 낙양동,경상사고,0,0,1,0,차대사람 - 횡단중,안전운전불이행,포장 - 건조,맑음,교차로 - 교차로안,승용,남,24세,상해없음,보행자,남,38세,경상
26224,2020100100100059,2020년 10월 1일 09시,목요일,경기도 안성시 공도읍,중상사고,0,1,0,0,차대사람 - 횡단중,안전운전불이행,포장 - 건조,맑음,단일로 - 기타,승용,여,51세,상해없음,보행자,여,64세,중상
26225,2020100100100089,2020년 10월 1일 11시,목요일,경기도 김포시 고촌읍,경상사고,0,0,1,0,차대사람 - 기타,안전운전불이행,포장 - 건조,맑음,주차장 - 주차장,화물,남,66세,상해없음,보행자,남,52세,경상
26226,2020100100100093,2020년 10월 1일 11시,목요일,경기도 양주시 덕계동,부상신고사고,0,0,0,1,차대사람 - 길가장자리구역통행중,안전운전불이행,포장 - 건조,맑음,단일로 - 기타,승용,남,68세,상해없음,보행자,남,45세,부상신고
26227,2020100100100131,2020년 10월 1일 13시,목요일,경기도 하남시 창우동,부상신고사고,0,0,0,1,차대사람 - 기타,안전운전불이행,포장 - 건조,맑음,기타 - 기타,자전거,남,48세,부상신고,보행자,남,4세,상해없음
26228,2020100100100181,2020년 10월 1일 15시,목요일,경기도 오산시 원동,경상사고,0,0,1,0,차대사람 - 횡단중,안전운전불이행,포장 - 건조,맑음,단일로 - 기타,승용,남,39세,상해없음,보행자,여,20세,경상
26229,2020100100100182,2020년 10월 1일 15시,목요일,경기도 부천시 심곡동,부상신고사고,0,0,0,1,차대사람 - 횡단중,안전운전불이행,포장 - 건조,맑음,단일로 - 기타,자전거,남,59세,상해없음,보행자,남,5세,부상신고
26230,2020100100100210,2020년 10월 1일 16시,목요일,경기도 안산시 단원구 선부동,중상사고,0,1,0,0,차대사람 - 기타,안전운전불이행,포장 - 건조,맑음,단일로 - 기타,승용,남,26세,상해없음,보행자,남,37세,중상
26231,2020100100100212,2020년 10월 1일 16시,목요일,경기도 안양시 만안구 안양동,경상사고,0,0,1,0,차대사람 - 차도통행중,안전운전불이행,포장 - 건조,맑음,단일로 - 기타,승용,남,44세,상해없음,보행자,남,48세,경상
26232,2020100100100257,2020년 10월 1일 18시,목요일,경기도 파주시 야동동,경상사고,0,0,2,0,차대사람 - 횡단중,신호위반,포장 - 건조,맑음,교차로 - 교차로부근,승합,남,53세,상해없음,보행자,여,52세,경상
26233,2020100100100279,2020년 10월 1일 19시,목요일,경기도 남양주시 진건읍,사망사고,1,0,0,0,차대사람 - 기타,안전운전불이행,포장 - 건조,맑음,단일로 - 기타,승용,남,60세,상해없음,보행자,남,72세,사망