,사고번호,사고일시,요일,시군구,사고내용,사망자수,중상자수,경상자수,부상신고자수,사고유형,법규위반,노면상태,기상상태,도로형태,가해운전자 차종,가해운전자 성별,가해운전자 연령,가해운전자 상해정도,피해운전자 차종,피해운전자 성별,피해운전자 연령,피해운전자 상해정도
26347,2020100800100078,2020년 10월 8일 07시,목요일,경기도 평택시 비전동,경상사고,0,0,1,0,차대사람 - 횡단중,안전운전불이행,포장 - 건조,맑음,교차로 - 교차로부근,승용,남,48세,기타불명,보행자,남,18세,경상
26348,2020100800100081,2020년 10월 8일 07시,목요일,경기도 용인시 처인구 고림동,부상신고사고,0,0,0,1,차대사람 - 기타,안전운전불이행,포장 - 건조,맑음,단일로 - 기타,승합,남,61세,상해없음,보행자,여,41세,부상신고
26349,2020100800100155,2020년 10월 8일 08시,목요일,경기도 의정부시 호원동,경상사고,0,0,1,0,차대사람 - 기타,안전운전불이행,포장 - 건조,맑음,단일로 - 기타,승용,남,27세,상해없음,보행자,여,32세,경상
26350,2020100800100167,2020년 10월 8일 09시,목요일,경기도 이천시 창전동,중상사고,0,1,0,0,차대사람 - 횡단중,안전운전불이행,포장 - 건조,맑음,교차로 - 교차로부근,승합,남,49세,상해없음,보행자,여,59세,중상
26351,2020100800100170,2020년 10월 8일 09시,목요일,경기도 용인시 기흥구 신갈동,경상사고,0,0,1,0,차대사람 - 횡단중,보행자보호의무위반,포장 - 건조,맑음,단일로 - 기타,승용,남,75세,상해없음,보행자,여,29세,경상
26352,2020100800100254,2020년 10월 8일 11시,목요일,경기도 안산시 단원구 선부동,중상사고,0,1,0,0,차대사람 - 횡단중,보행자보호의무위반,포장 - 건조,맑음,교차로 - 교차로부근,특수,남,37세,기타불명,보행자,남,79세,중상
26353,2020100800100288,2020년 10월 8일 12시,목요일,경기도 성남시 중원구 여수동,중상사고,0,1,0,0,차대사람 - 횡단중,신호위반,포장 - 건조,맑음,교차로 - 교차로횡단보도내,승용,남,72세,상해없음,보행자,여,55세,중상
26354,2020100800100323,2020년 10월 8일 13시,목요일,경기도 시흥시 하중동,경상사고,0,0,1,0,차대사람 - 기타,안전운전불이행,포장 - 건조,맑음,교차로 - 교차로부근,승합,남,52세,상해없음,보행자,여,75세,경상
26355,2020100800100324,2020년 10월 8일 13시,목요일,경기도 용인시 수지구 풍덕천동,중상사고,0,1,0,0,차대사람 - 보도통행중,기타,포장 - 건조,맑음,단일로 - 기타,승용,여,70세,상해없음,보행자,여,20세,중상
26356,2020100800100350,2020년 10월 8일 14시,목요일,경기도 안산시 단원구 고잔동,중상사고,0,1,0,0,차대사람 - 횡단중,안전운전불이행,포장 - 건조,맑음,교차로 - 교차로부근,기타불명,기타불명,미분류,기타불명,보행자,여,59세,중상
26357,2020100800100397,2020년 10월 8일 15시,목요일,경기도 부천시 작동,경상사고,0,0,1,0,차대사람 - 횡단중,신호위반,포장 - 건조,맑음,단일로 - 기타,승용,남,59세,상해없음,보행자,여,13세,경상
26358,2020100800100437,2020년 10월 8일 16시,목요일,경기도 안산시 단원구 초지동,중상사고,0,1,0,0,차대사람 - 횡단중,보행자보호의무위반,포장 - 건조,맑음,교차로 - 교차로횡단보도내,승용,여,40세,상해없음,보행자,남,41세,중상
26359,2020100800100441,2020년 10월 8일 16시,목요일,경기도 화성시 병점동,부상신고사고,0,0,0,1,차대사람 - 보도통행중,보행자보호의무위반,포장 - 건조,맑음,교차로 - 교차로부근,승용,여,40세,상해없음,보행자,여,24세,부상신고
26360,2020100800100537,2020년 10월 8일 18시,목요일,경기도 성남시 수정구 수진동,사망사고,1,0,0,0,차대사람 - 기타,안전운전불이행,포장 - 건조,맑음,단일로 - 기타,승용,남,34세,상해없음,보행자,남,64세,사망
26361,2020100800100547,2020년 10월 8일 18시,목요일,경기도 시흥시 신천동,경상사고,0,0,1,0,차대사람 - 횡단중,안전운전불이행,포장 - 건조,맑음,교차로 - 교차로안,화물,남,73세,상해없음,보행자,여,57세,경상
26362,2020100800100548,2020년 10월 8일 18시,목요일,경기도 시흥시 월곶동,중상사고,0,1,0,0,차대사람 - 횡단중,보행자보호의무위반,포장 - 건조,맑음,기타 - 기타,승용,남,68세,상해없음,보행자,여,64세,중상
26363,2020100800100553,2020년 10월 8일 18시,목요일,경기도 의왕시 고천동,경상사고,0,0,1,0,차대사람 - 횡단중,안전운전불이행,포장 - 건조,맑음,단일로 - 기타,승용,남,59세,상해없음,보행자,여,49세,경상
26364,2020100800100609,2020년 10월 8일 19시,목요일,경기도 성남시 수정구 수진동,경상사고,0,0,1,0,차대사람 - 기타,안전운전불이행,포장 - 건조,맑음,단일로 - 기타,승합,남,57세,상해없음,보행자,남,31세,경상
26365,2020100800100617,2020년 10월 8일 19시,목요일,경기도 의왕시 오전동,중상사고,0,1,0,0,차대사람 - 횡단중,보행자보호의무위반,포장 - 건조,맑음,교차로 - 교차로안,승용,여,41세,상해없음,보행자,남,55세,중상
26366,2020100800100620,2020년 10월 8일 19시,목요일,경기도 안양시 만안구 석수동,중상사고,0,1,0,0,차대사람 - 기타,보행자보호의무위반,포장 - 건조,맑음,교차로 - 교차로횡단보도내,화물,남,46세,상해없음,보행자,남,70세,중상
26367,2020100800100651,2020년 10월 8일 19시,목요일,경기도 의정부시 호원동,경상사고,0,0,1,0,차대사람 - 횡단중,불법유턴,포장 - 건조,맑음,단일로 - 기타,승용,남,60세,상해없음,보행자,여,54세,경상
26368,2020100800100687,2020년 10월 8일 20시,목요일,경기도 구리시 갈매동,경상사고,0,0,1,0,차대사람 - 보도통행중,안전운전불이행,포장 - 건조,맑음,단일로 - 기타,개인형이동수단(PM),남,15세,상해없음,보행자,여,9세,경상
26369,2020100800100702,2020년 10월 8일 21시,목요일,경기도 수원시 권선구 서둔동,경상사고,0,0,1,0,차대사람 - 횡단중,신호위반,포장 - 건조,맑음,단일로 - 기타,승합,남,68세,상해없음,보행자,여,25세,경상
26370,2020100800100703,2020년 10월 8일 21시,목요일,경기도 용인시 수지구 동천동,경상사고,0,0,1,0,차대사람 - 횡단중,신호위반,포장 - 건조,맑음,교차로 - 교차로안,승용,여,65세,상해없음,보행자,남,26세,경상
26371,2020100800100723,2020년 10월 8일 21시,목요일,경기도 남양주시 와부읍,경상사고,0,0,1,0,차대사람 - 기타,안전운전불이행,포장 - 건조,맑음,단일로 - 기타,화물,남,64세,상해없음,보행자,남,67세,경상
26372,2020100800100724,2020년 10월 8일 21시,목요일,경기도 파주시 조리읍,중상사고,0,1,0,0,차대사람 - 보도통행중,보행자보호의무위반,포장 - 건조,맑음,교차로 - 교차로안,승용,여,27세,상해없음,보행자,남,57세,중상
26373,2020100800100738,2020년 10월 8일 22시,목요일,경기도 수원시 영통구 영통동,중상사고,0,1,0,0,차대사람 - 기타,신호위반,포장 - 건조,맑음,교차로 - 교차로횡단보도내,자전거,남,13세,상해없음,보행자,남,62세,중상
26374,2020100800100773,2020년 10월 8일 23시,목요일,경기도 남양주시 화도읍,경상사고,0,0,1,0,차대사람 - 기타,안전운전불이행,포장 - 건조,맑음,단일로 - 기타,기타불명,기타불명,미분류,기타불명,보행자,남,41세,경상
26375,2020100900100028,2020년 10월 9일 01시,금요일,경기도 성남시 분당구 야탑동,경상사고,0,0,1,0,차대사람 - 횡단중,안전운전불이행,포장 - 건조,흐림,교차로 - 교차로횡단보도내,승용,남,57세,상해없음,보행자,남,34세,경상
26376,2020100900100043,2020년 10월 9일 02시,금요일,경기도 김포시 통진읍,중상사고,0,1,0,0,차대사람 - 기타,기타,포장 - 건조,맑음,기타 - 기타,승용,여,53세,상해없음,보행자,남,50세,중상
26377,2020100900100073,2020년 10월 9일 06시,금요일,경기도 양평군 양평읍,중상사고,0,1,0,0,차대사람 - 기타,안전운전불이행,포장 - 건조,맑음,교차로 - 교차로안,승용,여,33세,상해없음,보행자,여,64세,중상
26378,2020100900100127,2020년 10월 9일 09시,금요일,경기도 성남시 중원구 성남동,부상신고사고,0,0,0,1,차대사람 - 기타,안전운전불이행,포장 - 건조,맑음,기타 - 기타,승용,여,63세,부상신고,보행자,기타불명,미분류,기타불명
26379,2020100900100287,2020년 10월 9일 14시,금요일,경기도 양평군 단월면,중상사고,0,1,0,0,차대사람 - 횡단중,안전운전불이행,포장 - 건조,맑음,단일로 - 기타,승용,여,44세,상해없음,보행자,남,4세,중상
26380,2020100900100317,2020년 10월 9일 15시,금요일,경기도 부천시 도당동,사망사고,1,1,0,0,차대사람 - 기타,안전운전불이행,포장 - 건조,맑음,단일로 - 기타,승용,여,61세,상해없음,보행자,여,54세,사망
26381,2020100900100318,2020년 10월 9일 15시,금요일,경기도 광명시 소하동,중상사고,0,1,0,0,차대사람 - 기타,안전운전불이행,포장 - 건조,맑음,단일로 - 기타,자전거,남,58세,상해없음,보행자,여,59세,중상
26382,2020100900100344,2020년 10월 9일 16시,금요일,경기도 평택시 비전동,경상사고,0,0,1,0,차대사람 - 기타,보행자보호의무위반,포장 - 건조,맑음,단일로 - 기타,이륜,남,50세,상해없음,보행자,여,43세,경상
26383,2020100900100380,2020년 10월 9일 16시,금요일,경기도 남양주시 다산동,경상사고,0,0,1,0,차대사람 - 횡단중,보행자보호의무위반,포장 - 건조,맑음,교차로 - 교차로횡단보도내,이륜,남,20세,상해없음,보행자,여,48세,경상
26384,2020100900100388,2020년 10월 9일 17시,금요일,경기도 시흥시 안현동,경상사고,0,0,1,0,차대사람 - 기타,안전운전불이행,포장 - 건조,맑음,기타 - 기타,승합,남,47세,상해없음,보행자,남,4세,경상
26385,2020100900100406,2020년 10월 9일 17시,금요일,경기도 남양주시 진접읍,경상사고,0,0,1,0,차대사람 - 기타,안전운전불이행,포장 - 건조,맑음,기타 - 기타,승용,남,66세,상해없음,보행자,남,44세,경상
26386,2020100900100416,2020년 10월 9일 18시,금요일,경기도 양평군 양서면,경상사고,0,0,1,0,차대사람 - 기타,안전운전불이행,포장 - 건조,맑음,기타 - 기타,승용,남,54세,상해없음,보행자,여,45세,경상
26387,2020100900100421,2020년 10월 9일 18시,금요일,경기도 수원시 팔달구 매산로2가,부상신고사고,0,0,0,1,차대사람 - 기타,안전운전불이행,포장 - 건조,맑음,단일로 - 기타,특수,남,53세,상해없음,보행자,남,59세,부상신고
26388,2020100900100454,2020년 10월 9일 18시,금요일,경기도 고양시 덕양구 행신동,중상사고,0,1,0,0,차대사람 - 기타,안전운전불이행,포장 - 건조,맑음,기타 - 기타,이륜,남,26세,상해없음,보행자,여,47세,중상
26389,2020100900100469,2020년 10월 9일 19시,금요일,경기도 평택시 서정동,중상사고,0,1,0,0,차대사람 - 횡단중,보행자보호의무위반,포장 - 건조,맑음,교차로 - 교차로횡단보도내,승용,여,61세,상해없음,보행자,여,37세,중상
26390,2020100900100538,2020년 10월 9일 21시,금요일,경기도 안성시 석정동,경상사고,0,0,2,0,차대사람 - 기타,교차로운행방법위반,포장 - 건조,맑음,교차로 - 교차로안,승용,여,40세,상해없음,보행자,남,50세,경상
26391,2020100900100541,2020년 10월 9일 21시,금요일,경기도 수원시 권선구 세류동,중상사고,0,1,0,0,차대사람 - 횡단중,안전운전불이행,포장 - 건조,맑음,단일로 - 기타,승용,남,48세,상해없음,보행자,남,54세,중상
26392,2020101000100132,2020년 10월 10일 10시,토요일,경기도 수원시 팔달구 지동,경상사고,0,0,1,0,차대사람 - 기타,안전운전불이행,포장 - 건조,맑음,단일로 - 기타,자전거,남,68세,상해없음,보행자,여,43세,경상
26393,2020101000100133,2020년 10월 10일 10시,토요일,경기도 수원시 팔달구 매산로1가,경상사고,0,0,1,0,차대사람 - 기타,안전운전불이행,포장 - 건조,맑음,단일로 - 기타,승용,남,27세,상해없음,보행자,남,56세,경상
26394,2020101000100213,2020년 10월 10일 12시,토요일,경기도 안양시 동안구 호계동,중상사고,0,1,0,0,차대사람 - 횡단중,신호위반,포장 - 건조,맑음,교차로 - 교차로횡단보도내,승용,남,32세,상해없음,보행자,여,31세,중상
26395,2020101000100241,2020년 10월 10일 12시,토요일,경기도 양주시 남방동,중상사고,0,1,0,0,차대사람 - 기타,안전운전불이행,포장 - 건조,맑음,단일로 - 기타,승합,남,51세,상해없음,보행자,여,82세,중상
26396,2020101000100250,2020년 10월 10일 13시,토요일,경기도 안산시 단원구 대부동동,경상사고,0,0,1,0,차대사람 - 길가장자리구역통행중,안전운전불이행,포장 - 건조,맑음,단일로 - 기타,승용,남,49세,상해없음,보행자,남,8세,경상
26397,2020101000100292,2020년 10월 10일 14시,토요일,경기도 수원시 팔달구 중동,경상사고,0,0,1,0,차대사람 - 기타,안전운전불이행,포장 - 건조,맑음,교차로 - 교차로안,승용,남,60세,상해없음,보행자,남,41세,경상
26398,2020101000100335,2020년 10월 10일 15시,토요일,경기도 의왕시 학의동,중상사고,0,1,0,0,차대사람 - 횡단중,보행자보호의무위반,포장 - 건조,맑음,교차로 - 교차로안,승용,남,31세,상해없음,보행자,여,34세,중상
26399,2020101000100357,2020년 10월 10일 15시,토요일,경기도 고양시 덕양구 토당동,중상사고,0,1,0,0,차대사람 - 기타,안전운전불이행,포장 - 건조,맑음,단일로 - 기타,승용,남,74세,상해없음,보행자,여,61세,중상
26400,2020101000100372,2020년 10월 10일 16시,토요일,경기도 김포시 고촌읍,경상사고,0,0,1,0,차대사람 - 횡단중,보행자보호의무위반,포장 - 건조,맑음,교차로 - 교차로횡단보도내,승합,남,63세,상해없음,보행자,여,51세,경상
26401,2020101000100374,2020년 10월 10일 16시,토요일,경기도 수원시 영통구 하동,경상사고,0,0,1,0,차대사람 - 보도통행중,기타,포장 - 건조,맑음,기타 - 기타,자전거,여,26세,상해없음,보행자,남,3세,경상
26402,2020101000100417,2020년 10월 10일 17시,토요일,경기도 김포시 구래동,중상사고,0,1,0,0,차대사람 - 기타,안전운전불이행,포장 - 기타,맑음,교차로 - 교차로횡단보도내,화물,남,58세,상해없음,보행자,여,10세,중상
26403,2020101000100419,2020년 10월 10일 17시,토요일,경기도 부천시 상동,중상사고,0,1,0,0,차대사람 - 기타,안전운전불이행,포장 - 기타,맑음,기타 - 기타,승용,여,54세,상해없음,보행자,여,49세,중상
26404,2020101000100438,2020년 10월 10일 17시,토요일,경기도 의정부시 신곡동,경상사고,0,0,1,0,차대사람 - 기타,안전운전불이행,포장 - 건조,맑음,교차로 - 교차로안,화물,남,52세,상해없음,보행자,여,78세,경상
26405,2020101000100439,2020년 10월 10일 17시,토요일,경기도 의정부시 민락동,경상사고,0,0,1,0,차대사람 - 보도통행중,기타,포장 - 건조,맑음,단일로 - 기타,개인형이동수단(PM),남,18세,상해없음,보행자,남,9세,경상
26406,2020101000100485,2020년 10월 10일 18시,토요일,경기도 의정부시 의정부동,부상신고사고,0,0,0,1,차대사람 - 길가장자리구역통행중,안전운전불이행,포장 - 건조,맑음,단일로 - 기타,승용,남,41세,상해없음,보행자,남,57세,부상신고
26407,2020101000100527,2020년 10월 10일 20시,토요일,경기도 안양시 동안구 호계동,경상사고,0,0,2,0,차대사람 - 횡단중,안전운전불이행,포장 - 건조,맑음,기타 - 기타,이륜,남,23세,상해없음,보행자,남,14세,경상
26408,2020101000100530,2020년 10월 10일 20시,토요일,경기도 성남시 중원구 하대원동,부상신고사고,0,0,0,1,차대사람 - 기타,안전운전불이행,포장 - 건조,맑음,기타 - 기타,기타불명,기타불명,미분류,기타불명,보행자,남,60세,부상신고
26409,2020101000100562,2020년 10월 10일 21시,토요일,경기도 남양주시 화도읍,경상사고,0,0,1,0,차대사람 - 횡단중,보행자보호의무위반,포장 - 건조,맑음,교차로 - 교차로횡단보도내,승용,남,60세,상해없음,보행자,남,74세,경상
26410,2020101000100563,2020년 10월 10일 21시,토요일,경기도 구리시 수택동,경상사고,0,0,1,0,차대사람 - 길가장자리구역통행중,안전운전불이행,포장 - 건조,맑음,단일로 - 기타,화물,남,56세,상해없음,보행자,남,49세,경상
26411,2020101000100568,2020년 10월 10일 22시,토요일,경기도 안양시 동안구 비산동,중상사고,0,1,0,0,차대사람 - 횡단중,신호위반,포장 - 건조,맑음,단일로 - 기타,이륜,남,35세,상해없음,보행자,여,25세,중상
26412,2020101000100576,2020년 10월 10일 22시,토요일,경기도 화성시 병점동,경상사고,0,0,1,0,차대사람 - 횡단중,보행자보호의무위반,포장 - 건조,맑음,단일로 - 기타,승용,남,64세,상해없음,보행자,여,21세,경상
26413,2020101100100029,2020년 10월 11일 02시,일요일,경기도 성남시 중원구 성남동,부상신고사고,0,0,0,1,차대사람 - 기타,안전운전불이행,포장 - 건조,맑음,기타 - 기타,승용,여,58세,상해없음,보행자,여,34세,부상신고
26414,2020101100100041,2020년 10월 11일 03시,일요일,경기도 평택시 안중읍,경상사고,0,0,1,0,차대사람 - 기타,안전운전불이행,포장 - 건조,맑음,단일로 - 기타,승용,여,33세,상해없음,보행자,남,21세,경상
26415,2020101100100050,2020년 10월 11일 04시,일요일,경기도 의정부시 의정부동,부상신고사고,0,0,0,1,차대사람 - 길가장자리구역통행중,안전운전불이행,포장 - 건조,맑음,단일로 - 기타,기타불명,기타불명,미분류,기타불명,보행자,남,18세,부상신고
26416,2020101100100173,2020년 10월 11일 12시,일요일,경기도 의정부시 의정부동,경상사고,0,0,1,0,차대사람 - 길가장자리구역통행중,안전운전불이행,포장 - 건조,맑음,단일로 - 기타,승용,남,72세,상해없음,보행자,여,34세,경상
26417,2020101100100182,2020년 10월 11일 13시,일요일,경기도 화성시 능동,부상신고사고,0,0,0,1,차대사람 - 기타,안전운전불이행,포장 - 건조,맑음,단일로 - 기타,승합,남,58세,상해없음,보행자,남,68세,부상신고
26418,2020101100100234,2020년 10월 11일 14시,일요일,경기도 구리시 토평동,경상사고,0,0,1,0,차대사람 - 기타,안전운전불이행,포장 - 건조,맑음,단일로 - 기타,자전거,남,46세,상해없음,보행자,남,59세,경상
26419,2020101100100243,2020년 10월 11일 15시,일요일,경기도 양평군 양평읍,경상사고,0,0,1,0,차대사람 - 보도통행중,안전운전불이행,포장 - 건조,맑음,단일로 - 기타,자전거,남,28세,상해없음,보행자,여,4세,경상
26420,2020101100100247,2020년 10월 11일 15시,일요일,경기도 화성시 서신면,경상사고,0,0,1,0,차대사람 - 차도통행중,안전운전불이행,포장 - 건조,맑음,교차로 - 교차로부근,승용,남,41세,상해없음,보행자,남,49세,경상
26421,2020101100100270,2020년 10월 11일 15시,일요일,경기도 남양주시 별내면,경상사고,0,0,1,0,차대사람 - 보도통행중,기타,포장 - 건조,맑음,기타 - 기타,자전거,여,10세,상해없음,보행자,여,16세,경상
26422,2020101100100283,2020년 10월 11일 16시,일요일,경기도 여주시 점봉동,중상사고,0,1,0,0,차대사람 - 기타,안전운전불이행,포장 - 건조,맑음,기타 - 기타,화물,남,60세,상해없음,보행자,여,15세,중상
26423,2020101100100316,2020년 10월 11일 17시,일요일,경기도 수원시 장안구 영화동,부상신고사고,0,0,0,1,차대사람 - 기타,안전운전불이행,포장 - 건조,맑음,교차로 - 교차로안,승합,남,60세,상해없음,보행자,남,59세,부상신고
26424,2020101100100372,2020년 10월 11일 18시,일요일,경기도 의정부시 의정부동,경상사고,0,0,1,0,차대사람 - 길가장자리구역통행중,안전운전불이행,포장 - 건조,맑음,단일로 - 기타,승용,남,26세,기타불명,보행자,남,44세,경상
26425,2020101100100421,2020년 10월 11일 20시,일요일,경기도 성남시 중원구 은행동,경상사고,0,0,1,0,차대사람 - 보도통행중,기타,포장 - 건조,맑음,단일로 - 기타,이륜,남,45세,기타불명,보행자,남,49세,경상
26426,2020101100100447,2020년 10월 11일 21시,일요일,경기도 양평군 양평읍,경상사고,0,0,1,0,차대사람 - 기타,안전운전불이행,포장 - 건조,맑음,교차로 - 교차로부근,승용,여,56세,상해없음,보행자,남,7세,경상
26427,2020101100100449,2020년 10월 11일 21시,일요일,경기도 부천시 작동,중상사고,0,1,0,0,차대사람 - 횡단중,안전운전불이행,포장 - 건조,맑음,교차로 - 교차로횡단보도내,이륜,남,51세,상해없음,보행자,남,55세,중상
26428,2020101100100472,2020년 10월 11일 23시,일요일,경기도 남양주시 별내동,경상사고,0,0,1,0,차대사람 - 기타,안전운전불이행,포장 - 건조,맑음,단일로 - 기타,화물,남,44세,상해없음,보행자,남,24세,경상
26429,2020101200100015,2020년 10월 12일 01시,월요일,경기도 용인시 처인구 백암면,중상사고,0,1,0,0,차대사람 - 횡단중,안전운전불이행,포장 - 건조,맑음,단일로 - 기타,승용,남,65세,상해없음,보행자,남,58세,중상
26430,2020101200100049,2020년 10월 12일 06시,월요일,경기도 평택시 죽백동,사망사고,1,0,0,0,차대사람 - 횡단중,과속,포장 - 건조,맑음,교차로 - 교차로횡단보도내,화물,남,57세,상해없음,보행자,여,84세,사망
26431,2020101200100058,2020년 10월 12일 06시,월요일,경기도 고양시 덕양구 내유동,중상사고,0,1,1,0,차대사람 - 횡단중,신호위반,포장 - 건조,맑음,교차로 - 교차로횡단보도내,승용,남,69세,경상,보행자,여,70세,중상
26432,2020101200100065,2020년 10월 12일 07시,월요일,경기도 안양시 동안구 관양동,경상사고,0,0,1,0,차대사람 - 보도통행중,보행자보호의무위반,포장 - 건조,맑음,교차로 - 교차로횡단보도내,승용,여,27세,상해없음,보행자,여,67세,경상
26433,2020101200100133,2020년 10월 12일 08시,월요일,경기도 고양시 덕양구 주교동,중상사고,0,1,0,0,차대사람 - 기타,과속,포장 - 건조,맑음,기타 - 기타,개인형이동수단(PM),남,37세,상해없음,보행자,남,80세,중상
26434,2020101200100135,2020년 10월 12일 08시,월요일,경기도 고양시 일산동구 장항동,부상신고사고,0,0,0,1,차대사람 - 기타,안전운전불이행,포장 - 건조,맑음,기타 - 기타,기타불명,기타불명,미분류,기타불명,보행자,남,41세,부상신고
26435,2020101200100188,2020년 10월 12일 10시,월요일,경기도 광주시 오포읍,경상사고,0,0,1,0,차대사람 - 기타,안전운전불이행,포장 - 건조,맑음,교차로 - 교차로부근,승용,여,56세,상해없음,보행자,여,56세,경상
26436,2020101200100190,2020년 10월 12일 10시,월요일,경기도 오산시 오산동,경상사고,0,0,1,0,차대사람 - 보도통행중,안전운전불이행,포장 - 건조,맑음,단일로 - 기타,자전거,여,51세,상해없음,보행자,여,46세,경상
26437,2020101200100224,2020년 10월 12일 11시,월요일,경기도 광주시 오포읍,경상사고,0,0,1,0,차대사람 - 차도통행중,안전운전불이행,포장 - 건조,맑음,교차로 - 교차로안,승용,여,62세,상해없음,보행자,여,28세,경상
26438,2020101200100252,2020년 10월 12일 11시,월요일,경기도 파주시 조리읍,경상사고,0,0,1,0,차대사람 - 기타,안전운전불이행,포장 - 건조,맑음,단일로 - 기타,건설기계,남,61세,상해없음,보행자,남,48세,경상
26439,2020101200100290,2020년 10월 12일 12시,월요일,경기도 양주시 어둔동,중상사고,0,1,0,0,차대사람 - 기타,안전운전불이행,포장 - 건조,맑음,단일로 - 기타,화물,남,57세,상해없음,보행자,여,66세,중상
26440,2020101200100336,2020년 10월 12일 14시,월요일,경기도 성남시 중원구 성남동,경상사고,0,0,1,0,차대사람 - 횡단중,안전운전불이행,포장 - 건조,맑음,기타 - 기타,승용,남,58세,상해없음,보행자,여,41세,경상
26441,2020101200100369,2020년 10월 12일 14시,월요일,경기도 파주시 문산읍,경상사고,0,0,1,0,차대사람 - 길가장자리구역통행중,안전운전불이행,포장 - 건조,맑음,단일로 - 기타,승용,남,75세,상해없음,보행자,여,75세,경상
26442,2020101200100371,2020년 10월 12일 14시,월요일,경기도 구리시 교문동,경상사고,0,0,1,0,차대사람 - 기타,안전운전불이행,포장 - 건조,맑음,교차로 - 교차로부근,승용,여,41세,기타불명,보행자,여,73세,경상
26443,2020101200100383,2020년 10월 12일 15시,월요일,경기도 평택시 통복동,중상사고,0,1,0,0,차대사람 - 기타,안전운전불이행,포장 - 건조,맑음,기타 - 기타,승합,여,58세,기타불명,보행자,여,76세,중상
26444,2020101200100388,2020년 10월 12일 15시,월요일,경기도 수원시 영통구 원천동,부상신고사고,0,0,0,1,차대사람 - 기타,기타,포장 - 건조,맑음,단일로 - 기타,기타불명,기타불명,미분류,기타불명,보행자,남,15세,부상신고
26445,2020101200100429,2020년 10월 12일 16시,월요일,경기도 성남시 중원구 여수동,중상사고,0,1,0,0,차대사람 - 횡단중,보행자보호의무위반,포장 - 건조,맑음,교차로 - 교차로안,화물,남,60세,상해없음,보행자,남,4세,중상
26446,2020101200100529,2020년 10월 12일 18시,월요일,경기도 평택시 팽성읍,중상사고,0,1,0,0,차대사람 - 횡단중,보행자보호의무위반,포장 - 건조,맑음,단일로 - 기타,승용,남,24세,상해없음,보행자,남,39세,중상
26447,2020101200100538,2020년 10월 12일 18시,월요일,경기도 수원시 권선구 오목천동,경상사고,0,0,1,0,차대사람 - 차도통행중,안전운전불이행,포장 - 건조,맑음,단일로 - 기타,이륜,남,25세,상해없음,보행자,남,61세,경상
26448,2020101200100578,2020년 10월 12일 18시,월요일,경기도 고양시 덕양구 성사동,중상사고,0,1,0,0,차대사람 - 횡단중,신호위반,포장 - 건조,기타,교차로 - 교차로횡단보도내,승용,남,46세,상해없음,보행자,여,86세,중상
26449,2020101200100579,2020년 10월 12일 18시,월요일,경기도 남양주시 진접읍,중상사고,0,1,0,0,차대사람 - 차도통행중,안전운전불이행,포장 - 건조,맑음,교차로 - 교차로부근,화물,남,48세,상해없음,보행자,여,32세,중상
26450,2020101200100603,2020년 10월 12일 19시,월요일,경기도 화성시 남양읍,중상사고,0,1,0,0,차대사람 - 기타,안전운전불이행,포장 - 건조,맑음,단일로 - 기타,승용,남,31세,상해없음,보행자,여,38세,중상
26451,2020101200100664,2020년 10월 12일 21시,월요일,경기도 부천시 중동,경상사고,0,0,1,0,차대사람 - 기타,안전운전불이행,포장 - 건조,맑음,단일로 - 기타,승용,남,18세,상해없음,보행자,여,19세,경상
26452,2020101300100016,2020년 10월 13일 01시,화요일,경기도 하남시 신장동,경상사고,0,0,1,0,차대사람 - 기타,안전운전불이행,포장 - 건조,흐림,기타 - 기타,승용,남,29세,상해없음,보행자,남,69세,경상
26453,2020101300100069,2020년 10월 13일 07시,화요일,경기도 의정부시 의정부동,경상사고,0,0,1,0,차대사람 - 길가장자리구역통행중,신호위반,포장 - 건조,맑음,단일로 - 기타,승용,남,22세,상해없음,보행자,남,24세,경상
26454,2020101300100129,2020년 10월 13일 09시,화요일,경기도 부천시 중동,경상사고,0,0,2,0,차대사람 - 보도통행중,기타,포장 - 건조,맑음,단일로 - 기타,개인형이동수단(PM),여,26세,상해없음,보행자,남,5세,경상
26455,2020101300100159,2020년 10월 13일 10시,화요일,경기도 수원시 장안구 연무동,경상사고,0,0,1,0,차대사람 - 횡단중,신호위반,포장 - 건조,맑음,단일로 - 기타,승용,남,57세,상해없음,보행자,남,69세,경상
26456,2020101300100200,2020년 10월 13일 11시,화요일,경기도 평택시 비전동,부상신고사고,0,0,0,1,차대사람 - 기타,기타,포장 - 건조,맑음,단일로 - 기타,승합,남,56세,상해없음,보행자,여,64세,부상신고
26457,2020101300100202,2020년 10월 13일 11시,화요일,경기도 오산시 오산동,경상사고,0,0,1,0,차대사람 - 횡단중,보행자보호의무위반,포장 - 건조,맑음,교차로 - 교차로횡단보도내,승용,여,52세,상해없음,보행자,여,56세,경상
26458,2020101300100203,2020년 10월 13일 11시,화요일,경기도 광명시 소하동,경상사고,0,0,1,0,차대사람 - 횡단중,보행자보호의무위반,포장 - 건조,맑음,교차로 - 교차로횡단보도내,승용,남,55세,기타불명,보행자,여,39세,경상