,사고번호,사고일시,요일,시군구,사고내용,사망자수,중상자수,경상자수,부상신고자수,사고유형,법규위반,노면상태,기상상태,도로형태,가해운전자 차종,가해운전자 성별,가해운전자 연령,가해운전자 상해정도,피해운전자 차종,피해운전자 성별,피해운전자 연령,피해운전자 상해정도
26459,2020101300100262,2020년 10월 13일 12시,화요일,경기도 남양주시 화도읍,경상사고,0,0,1,0,차대사람 - 기타,안전운전불이행,포장 - 건조,맑음,단일로 - 기타,승용,남,52세,상해없음,보행자,여,42세,경상
26460,2020101300100263,2020년 10월 13일 12시,화요일,경기도 파주시 조리읍,중상사고,0,1,0,0,차대사람 - 횡단중,안전운전불이행,포장 - 건조,맑음,단일로 - 기타,화물,남,53세,상해없음,보행자,여,43세,중상
26461,2020101300100303,2020년 10월 13일 13시,화요일,경기도 고양시 덕양구 토당동,경상사고,0,0,1,0,차대사람 - 기타,안전운전불이행,포장 - 건조,맑음,단일로 - 기타,화물,남,46세,상해없음,보행자,여,65세,경상
26462,2020101300100333,2020년 10월 13일 14시,화요일,경기도 구리시 교문동,경상사고,0,0,1,0,차대사람 - 길가장자리구역통행중,안전운전불이행,포장 - 건조,맑음,교차로 - 교차로안,화물,남,57세,상해없음,보행자,남,63세,경상
26463,2020101300100345,2020년 10월 13일 15시,화요일,경기도 양평군 양평읍,중상사고,0,1,0,0,차대사람 - 기타,안전운전불이행,포장 - 건조,맑음,단일로 - 기타,자전거,남,36세,상해없음,보행자,남,72세,중상
26464,2020101300100348,2020년 10월 13일 15시,화요일,경기도 수원시 영통구 망포동,중상사고,0,1,0,0,차대사람 - 기타,안전운전불이행,포장 - 건조,맑음,교차로 - 교차로부근,승합,남,44세,상해없음,보행자,여,47세,중상
26465,2020101300100349,2020년 10월 13일 15시,화요일,경기도 시흥시 신천동,경상사고,0,0,1,0,차대사람 - 차도통행중,안전운전불이행,포장 - 건조,맑음,교차로 - 교차로안,승용,여,56세,상해없음,보행자,여,15세,경상
26466,2020101300100387,2020년 10월 13일 16시,화요일,경기도 김포시 감정동,경상사고,0,0,1,0,차대사람 - 횡단중,보행자보호의무위반,포장 - 건조,맑음,단일로 - 기타,승용,남,20세,상해없음,보행자,남,9세,경상
26467,2020101300100390,2020년 10월 13일 16시,화요일,경기도 안산시 단원구 고잔동,경상사고,0,0,1,0,차대사람 - 기타,안전운전불이행,포장 - 건조,맑음,교차로 - 교차로안,승용,여,37세,기타불명,보행자,여,48세,경상
26468,2020101300100418,2020년 10월 13일 16시,화요일,경기도 가평군 청평면,부상신고사고,0,0,0,1,차대사람 - 횡단중,안전운전불이행,포장 - 건조,맑음,단일로 - 기타,승용,남,69세,상해없음,보행자,여,50세,부상신고
26469,2020101300100438,2020년 10월 13일 17시,화요일,경기도 화성시 진안동,중상사고,0,1,0,0,차대사람 - 기타,안전운전불이행,포장 - 건조,맑음,단일로 - 기타,건설기계,남,50세,상해없음,보행자,여,83세,중상
26470,2020101300100584,2020년 10월 13일 20시,화요일,경기도 광주시 태전동,경상사고,0,0,2,0,차대사람 - 횡단중,보행자보호의무위반,포장 - 건조,맑음,교차로 - 교차로횡단보도내,승용,여,46세,상해없음,보행자,여,63세,경상
26471,2020101300100634,2020년 10월 13일 21시,화요일,경기도 의정부시 신곡동,경상사고,0,0,1,0,차대사람 - 기타,기타,포장 - 건조,맑음,단일로 - 기타,자전거,남,30세,상해없음,보행자,남,73세,경상
26472,2020101300100661,2020년 10월 13일 23시,화요일,경기도 시흥시 정왕동,경상사고,0,0,1,0,차대사람 - 기타,안전운전불이행,포장 - 건조,맑음,단일로 - 기타,이륜,남,29세,상해없음,보행자,남,29세,경상
26473,2020101400100054,2020년 10월 14일 06시,수요일,경기도 부천시 심곡동,경상사고,0,0,1,0,차대사람 - 기타,안전운전불이행,포장 - 건조,맑음,단일로 - 기타,승용,남,51세,상해없음,보행자,남,28세,경상
26474,2020101400100101,2020년 10월 14일 08시,수요일,경기도 화성시 송산면,경상사고,0,0,1,0,차대사람 - 기타,안전운전불이행,포장 - 건조,맑음,기타 - 기타,승용,여,70세,상해없음,보행자,남,83세,경상
26475,2020101400100126,2020년 10월 14일 08시,수요일,경기도 의정부시 호원동,경상사고,0,0,1,0,차대사람 - 기타,안전운전불이행,포장 - 건조,맑음,단일로 - 기타,승용,여,53세,상해없음,보행자,여,46세,경상
26476,2020101400100187,2020년 10월 14일 10시,수요일,경기도 의정부시 호원동,경상사고,0,0,1,0,차대사람 - 보도통행중,기타,포장 - 건조,맑음,단일로 - 기타,개인형이동수단(PM),남,37세,상해없음,보행자,여,79세,경상
26477,2020101400100238,2020년 10월 14일 12시,수요일,경기도 평택시 통복동,부상신고사고,0,0,0,1,차대사람 - 기타,안전운전불이행,포장 - 건조,맑음,단일로 - 기타,승용,남,62세,상해없음,보행자,남,59세,부상신고
26478,2020101400100300,2020년 10월 14일 14시,수요일,경기도 안산시 상록구 이동,경상사고,0,0,1,0,차대사람 - 보도통행중,보행자보호의무위반,포장 - 건조,맑음,교차로 - 교차로안,자전거,남,57세,상해없음,보행자,여,26세,경상
26479,2020101400100332,2020년 10월 14일 15시,수요일,경기도 안산시 상록구 이동,경상사고,0,0,1,0,차대사람 - 보도통행중,보행자보호의무위반,포장 - 건조,맑음,교차로 - 교차로안,승용,여,44세,상해없음,보행자,남,46세,경상
26480,2020101400100333,2020년 10월 14일 15시,수요일,경기도 화성시 향남읍,경상사고,0,0,1,0,차대사람 - 기타,안전운전불이행,포장 - 건조,맑음,단일로 - 기타,승용,남,72세,상해없음,보행자,남,34세,경상
26481,2020101400100368,2020년 10월 14일 16시,수요일,경기도 수원시 장안구 정자동,경상사고,0,0,1,0,차대사람 - 기타,안전운전불이행,포장 - 건조,맑음,단일로 - 기타,승용,남,68세,상해없음,보행자,남,68세,경상
26482,2020101400100371,2020년 10월 14일 16시,수요일,경기도 부천시 송내동,중상사고,0,1,0,0,차대사람 - 기타,안전운전불이행,포장 - 건조,맑음,단일로 - 기타,승용,여,38세,상해없음,보행자,여,73세,중상
26483,2020101400100395,2020년 10월 14일 16시,수요일,경기도 고양시 일산서구 대화동,경상사고,0,0,1,0,차대사람 - 횡단중,보행자보호의무위반,포장 - 건조,맑음,교차로 - 교차로횡단보도내,이륜,남,29세,상해없음,보행자,여,44세,경상
26484,2020101400100440,2020년 10월 14일 17시,수요일,경기도 가평군 청평면,부상신고사고,0,0,0,1,차대사람 - 기타,안전운전불이행,포장 - 건조,맑음,단일로 - 기타,사륜오토바이(ATV),남,65세,상해없음,보행자,남,26세,부상신고
26485,2020101400100495,2020년 10월 14일 18시,수요일,경기도 고양시 덕양구 고양동,경상사고,0,0,1,0,차대사람 - 횡단중,보행자보호의무위반,포장 - 건조,맑음,단일로 - 기타,승용,남,60세,상해없음,보행자,남,60세,경상
26486,2020101400100514,2020년 10월 14일 19시,수요일,경기도 평택시 서정동,중상사고,0,1,0,0,차대사람 - 차도통행중,안전운전불이행,포장 - 건조,맑음,교차로 - 교차로안,승용,남,31세,상해없음,보행자,여,76세,중상
26487,2020101400100515,2020년 10월 14일 19시,수요일,경기도 김포시 마산동,경상사고,0,0,2,0,차대사람 - 기타,신호위반,포장 - 건조,기타,기타 - 기타,이륜,남,17세,상해없음,보행자,남,34세,경상
26488,2020101400100521,2020년 10월 14일 19시,수요일,경기도 수원시 권선구 고색동,경상사고,0,0,1,0,차대사람 - 기타,안전운전불이행,포장 - 건조,맑음,단일로 - 기타,승용,남,45세,상해없음,보행자,남,22세,경상
26489,2020101400100577,2020년 10월 14일 20시,수요일,경기도 고양시 덕양구 행신동,중상사고,0,1,0,0,차대사람 - 횡단중,보행자보호의무위반,포장 - 건조,맑음,교차로 - 교차로횡단보도내,화물,남,51세,상해없음,보행자,남,59세,중상
26490,2020101400100612,2020년 10월 14일 22시,수요일,경기도 부천시 심곡동,부상신고사고,0,0,0,1,차대사람 - 기타,안전운전불이행,포장 - 건조,맑음,단일로 - 기타,이륜,남,20세,부상신고,보행자,남,59세,상해없음
26491,2020101400100634,2020년 10월 14일 23시,수요일,경기도 부천시 고강동,중상사고,0,1,0,0,차대사람 - 횡단중,보행자보호의무위반,포장 - 건조,맑음,교차로 - 교차로부근,화물,남,55세,상해없음,보행자,여,51세,중상
26492,2020101400100640,2020년 10월 14일 23시,수요일,경기도 고양시 덕양구 삼송동,중상사고,0,1,0,0,차대사람 - 기타,안전운전불이행,포장 - 건조,맑음,단일로 - 기타,승용,남,33세,상해없음,보행자,남,50세,중상
26493,2020101500100024,2020년 10월 15일 03시,목요일,경기도 성남시 중원구 중앙동,중상사고,0,1,0,0,차대사람 - 보도통행중,기타,포장 - 건조,맑음,기타 - 기타,이륜,남,25세,상해없음,보행자,여,50세,중상
26494,2020101500100052,2020년 10월 15일 06시,목요일,경기도 화성시 진안동,중상사고,0,1,0,0,차대사람 - 횡단중,보행자보호의무위반,포장 - 건조,맑음,단일로 - 기타,화물,남,43세,기타불명,보행자,여,67세,중상
26495,2020101500100124,2020년 10월 15일 08시,목요일,경기도 파주시 산남동,중상사고,0,1,0,0,차대사람 - 횡단중,보행자보호의무위반,포장 - 건조,맑음,교차로 - 교차로횡단보도내,화물,남,34세,상해없음,보행자,여,32세,중상
26496,2020101500100133,2020년 10월 15일 09시,목요일,경기도 평택시 통복동,중상사고,0,1,0,0,차대사람 - 차도통행중,안전운전불이행,포장 - 건조,맑음,교차로 - 교차로안,화물,남,58세,상해없음,보행자,남,73세,중상
26497,2020101500100174,2020년 10월 15일 10시,목요일,경기도 부천시 심곡동,경상사고,0,0,1,0,차대사람 - 기타,안전운전불이행,포장 - 건조,맑음,교차로 - 교차로안,화물,남,62세,상해없음,보행자,여,68세,경상
26498,2020101500100193,2020년 10월 15일 10시,목요일,경기도 포천시 일동면,사망사고,1,0,0,0,차대사람 - 길가장자리구역통행중,기타,포장 - 건조,맑음,단일로 - 기타,화물,남,39세,상해없음,보행자,여,78세,사망
26499,2020101500100278,2020년 10월 15일 12시,목요일,경기도 구리시 교문동,경상사고,0,0,1,0,차대사람 - 기타,안전운전불이행,포장 - 건조,맑음,단일로 - 기타,승용,남,63세,상해없음,보행자,여,39세,경상
26500,2020101500100290,2020년 10월 15일 13시,목요일,경기도 성남시 중원구 성남동,중상사고,0,1,0,0,차대사람 - 기타,안전운전불이행,포장 - 건조,맑음,기타 - 기타,승용,남,28세,상해없음,보행자,여,57세,중상
26501,2020101500100329,2020년 10월 15일 14시,목요일,경기도 화성시 병점동,부상신고사고,0,0,0,1,차대사람 - 차도통행중,안전운전불이행,포장 - 건조,맑음,단일로 - 기타,기타불명,기타불명,미분류,기타불명,보행자,여,82세,부상신고
26502,2020101500100348,2020년 10월 15일 14시,목요일,경기도 고양시 덕양구 주교동,경상사고,0,0,1,0,차대사람 - 횡단중,보행자보호의무위반,포장 - 건조,맑음,교차로 - 교차로안,승용,남,63세,상해없음,보행자,여,71세,경상
26503,2020101500100363,2020년 10월 15일 15시,목요일,경기도 안산시 단원구 선부동,중상사고,0,1,0,0,차대사람 - 기타,안전운전불이행,포장 - 건조,맑음,단일로 - 기타,승용,남,49세,상해없음,보행자,남,63세,중상
26504,2020101500100364,2020년 10월 15일 15시,목요일,경기도 성남시 분당구 수내동,중상사고,0,1,0,0,차대사람 - 횡단중,보행자보호의무위반,포장 - 건조,맑음,단일로 - 기타,승용,여,40세,상해없음,보행자,남,7세,중상
26505,2020101500100365,2020년 10월 15일 15시,목요일,경기도 안산시 상록구 이동,중상사고,0,1,0,0,차대사람 - 기타,기타,포장 - 건조,맑음,기타 - 기타,개인형이동수단(PM),남,37세,상해없음,보행자,여,64세,중상
26506,2020101500100395,2020년 10월 15일 15시,목요일,경기도 고양시 일산동구 식사동,경상사고,0,0,1,0,차대사람 - 횡단중,보행자보호의무위반,포장 - 건조,맑음,교차로 - 교차로횡단보도내,승합,남,53세,상해없음,보행자,여,8세,경상
26507,2020101500100411,2020년 10월 15일 16시,목요일,경기도 수원시 영통구 망포동,경상사고,0,0,1,0,차대사람 - 횡단중,신호위반,포장 - 건조,맑음,교차로 - 교차로횡단보도내,승용,남,65세,상해없음,보행자,여,63세,경상
26508,2020101500100442,2020년 10월 15일 16시,목요일,경기도 파주시 파주읍,중상사고,0,2,0,0,차대사람 - 기타,기타,포장 - 건조,맑음,교차로 - 교차로부근,승용,여,43세,상해없음,보행자,남,18세,중상
26509,2020101500100496,2020년 10월 15일 17시,목요일,경기도 남양주시 수동면,중상사고,0,1,0,0,차대사람 - 횡단중,안전운전불이행,포장 - 건조,맑음,단일로 - 기타,승용,남,70세,상해없음,보행자,여,75세,중상
26510,2020101500100498,2020년 10월 15일 17시,목요일,경기도 파주시 조리읍,사망사고,1,0,0,0,차대사람 - 길가장자리구역통행중,안전운전불이행,포장 - 건조,맑음,주차장 - 주차장,승용,여,60세,상해없음,보행자,여,83세,사망
26511,2020101500100514,2020년 10월 15일 18시,목요일,경기도 수원시 장안구 영화동,경상사고,0,0,1,0,차대사람 - 횡단중,보행자보호의무위반,포장 - 건조,맑음,교차로 - 교차로안,승용,남,39세,상해없음,보행자,남,45세,경상
26512,2020101500100516,2020년 10월 15일 18시,목요일,경기도 평택시 비전동,경상사고,0,0,1,0,차대사람 - 차도통행중,안전운전불이행,포장 - 건조,맑음,교차로 - 교차로안,승용,남,53세,상해없음,보행자,남,13세,경상
26513,2020101500100594,2020년 10월 15일 19시,목요일,경기도 평택시 고덕면,경상사고,0,0,2,1,차대사람 - 횡단중,신호위반,포장 - 건조,맑음,교차로 - 교차로부근,이륜,남,28세,상해없음,보행자,남,21세,경상
26514,2020101500100633,2020년 10월 15일 20시,목요일,경기도 부천시 소사본동,경상사고,0,0,1,0,차대사람 - 기타,신호위반,포장 - 건조,맑음,교차로 - 교차로부근,이륜,남,44세,상해없음,보행자,남,21세,경상
26515,2020101500100672,2020년 10월 15일 22시,목요일,경기도 안산시 단원구 고잔동,경상사고,0,0,1,0,차대사람 - 횡단중,신호위반,포장 - 건조,맑음,교차로 - 교차로횡단보도내,승용,여,43세,상해없음,보행자,남,45세,경상
26516,2020101600100004,2020년 10월 16일 00시,금요일,경기도 용인시 기흥구 영덕동,중상사고,0,1,0,0,차대사람 - 기타,안전운전불이행,포장 - 건조,맑음,단일로 - 기타,승용,남,66세,상해없음,보행자,남,53세,중상
26517,2020101600100018,2020년 10월 16일 01시,금요일,경기도 하남시 망월동,사망사고,1,0,0,0,차대사람 - 기타,안전운전불이행,포장 - 건조,맑음,기타 - 기타,승용,남,50세,상해없음,보행자,남,37세,사망
26518,2020101600100032,2020년 10월 16일 03시,금요일,경기도 고양시 일산서구 일산동,부상신고사고,0,0,0,1,차대사람 - 기타,안전운전불이행,포장 - 건조,맑음,단일로 - 기타,기타불명,기타불명,미분류,기타불명,보행자,남,24세,부상신고
26519,2020101600100085,2020년 10월 16일 07시,금요일,경기도 남양주시 다산동,경상사고,0,0,1,0,차대사람 - 횡단중,보행자보호의무위반,포장 - 건조,맑음,교차로 - 교차로안,승용,여,43세,상해없음,보행자,남,60세,경상
26520,2020101600100092,2020년 10월 16일 08시,금요일,경기도 성남시 수정구 신흥동,경상사고,0,0,1,0,차대사람 - 기타,기타,포장 - 건조,맑음,단일로 - 기타,화물,남,56세,상해없음,보행자,여,89세,경상
26521,2020101600100094,2020년 10월 16일 08시,금요일,경기도 부천시 중동,경상사고,0,0,1,0,차대사람 - 기타,안전운전불이행,포장 - 건조,맑음,기타 - 기타,기타불명,남,17세,상해없음,보행자,여,32세,경상
26522,2020101600100115,2020년 10월 16일 08시,금요일,경기도 의정부시 의정부동,부상신고사고,0,0,0,1,차대사람 - 횡단중,안전운전불이행,포장 - 건조,맑음,단일로 - 기타,승용,남,61세,상해없음,보행자,여,82세,부상신고
26523,2020101600100125,2020년 10월 16일 09시,금요일,경기도 부천시 중동,경상사고,0,0,1,0,차대사람 - 기타,안전운전불이행,포장 - 건조,흐림,단일로 - 기타,승합,남,44세,상해없음,보행자,여,63세,경상
26524,2020101600100153,2020년 10월 16일 10시,금요일,경기도 부천시 소사본동,경상사고,0,0,2,0,차대사람 - 기타,보행자보호의무위반,포장 - 건조,맑음,교차로 - 교차로횡단보도내,승합,남,70세,상해없음,보행자,여,33세,경상
26525,2020101600100166,2020년 10월 16일 10시,금요일,경기도 남양주시 화도읍,중상사고,0,1,0,0,차대사람 - 횡단중,안전운전불이행,포장 - 건조,맑음,단일로 - 기타,승용,남,78세,상해없음,보행자,여,73세,중상
26526,2020101600100204,2020년 10월 16일 11시,금요일,경기도 의정부시 장암동,중상사고,0,1,0,0,차대사람 - 횡단중,안전운전불이행,포장 - 건조,맑음,단일로 - 기타,화물,남,53세,상해없음,보행자,남,87세,중상
26527,2020101600100252,2020년 10월 16일 13시,금요일,경기도 안산시 단원구 원곡동,중상사고,0,1,0,0,차대사람 - 기타,보행자보호의무위반,포장 - 건조,맑음,단일로 - 기타,승용,남,22세,상해없음,보행자,여,79세,중상
26528,2020101600100253,2020년 10월 16일 13시,금요일,경기도 부천시 여월동,중상사고,0,1,0,0,차대사람 - 기타,안전운전불이행,포장 - 건조,맑음,단일로 - 기타,승합,남,59세,상해없음,보행자,여,52세,중상
26529,2020101600100268,2020년 10월 16일 13시,금요일,경기도 남양주시 평내동,경상사고,0,0,1,0,차대사람 - 기타,안전운전불이행,포장 - 건조,맑음,단일로 - 기타,승용,여,36세,상해없음,보행자,남,44세,경상
26530,2020101600100317,2020년 10월 16일 15시,금요일,경기도 광주시 퇴촌면,중상사고,0,1,0,0,차대사람 - 기타,안전운전불이행,포장 - 건조,맑음,단일로 - 기타,승용,남,61세,상해없음,보행자,여,75세,중상
26531,2020101600100320,2020년 10월 16일 15시,금요일,경기도 성남시 중원구 상대원동,경상사고,0,0,1,0,차대사람 - 길가장자리구역통행중,안전운전불이행,포장 - 건조,맑음,교차로 - 교차로부근,승용,남,34세,상해없음,보행자,여,46세,경상
26532,2020101600100359,2020년 10월 16일 16시,금요일,경기도 용인시 수지구 죽전동,중상사고,0,1,1,0,차대사람 - 보도통행중,기타,포장 - 건조,맑음,교차로 - 교차로부근,승용,여,62세,상해없음,보행자,여,13세,경상
26533,2020101600100398,2020년 10월 16일 17시,금요일,경기도 성남시 중원구 상대원동,경상사고,0,0,1,0,차대사람 - 길가장자리구역통행중,안전운전불이행,포장 - 건조,맑음,단일로 - 기타,승용,남,51세,상해없음,보행자,남,32세,경상
26534,2020101600100463,2020년 10월 16일 18시,금요일,경기도 수원시 팔달구 인계동,경상사고,0,0,1,0,차대사람 - 기타,신호위반,포장 - 건조,맑음,교차로 - 교차로횡단보도내,이륜,남,24세,상해없음,보행자,여,78세,경상
26535,2020101600100522,2020년 10월 16일 18시,금요일,경기도 파주시 야당동,중상사고,0,1,0,0,차대사람 - 기타,안전운전불이행,포장 - 건조,맑음,교차로 - 교차로부근,승용,남,76세,상해없음,보행자,여,72세,중상
26536,2020101600100540,2020년 10월 16일 19시,금요일,경기도 부천시 역곡동,중상사고,0,1,0,0,차대사람 - 기타,안전운전불이행,포장 - 건조,맑음,단일로 - 기타,이륜,남,16세,상해없음,보행자,여,77세,중상
26537,2020101600100569,2020년 10월 16일 19시,금요일,경기도 남양주시 다산동,경상사고,0,0,1,0,차대사람 - 횡단중,신호위반,포장 - 건조,맑음,교차로 - 교차로안,이륜,남,50세,상해없음,보행자,여,49세,경상
26538,2020101600100579,2020년 10월 16일 20시,금요일,경기도 평택시 서정동,경상사고,0,0,1,0,차대사람 - 기타,안전운전불이행,포장 - 건조,맑음,단일로 - 기타,승용,남,56세,기타불명,보행자,남,42세,경상
26539,2020101600100581,2020년 10월 16일 20시,금요일,경기도 여주시 교동,중상사고,0,1,0,0,차대사람 - 차도통행중,안전운전불이행,포장 - 건조,맑음,기타 - 기타,승용,여,42세,상해없음,보행자,남,8세,중상
26540,2020101600100603,2020년 10월 16일 20시,금요일,경기도 양주시 옥정동,중상사고,0,1,0,0,차대사람 - 횡단중,보행자보호의무위반,포장 - 건조,맑음,교차로 - 교차로부근,이륜,남,40세,상해없음,보행자,남,37세,중상
26541,2020101600100611,2020년 10월 16일 21시,금요일,경기도 성남시 중원구 도촌동,중상사고,0,1,0,0,차대사람 - 기타,기타,포장 - 건조,맑음,기타 - 기타,승합,남,47세,상해없음,보행자,여,61세,중상
26542,2020101600100632,2020년 10월 16일 21시,금요일,경기도 고양시 일산동구 중산동,중상사고,0,1,0,0,차대사람 - 기타,안전운전불이행,포장 - 건조,맑음,단일로 - 기타,승용,남,46세,상해없음,보행자,남,65세,중상
26543,2020101600100669,2020년 10월 16일 23시,금요일,경기도 평택시 오성면,경상사고,0,0,1,0,차대사람 - 기타,안전운전불이행,포장 - 건조,맑음,단일로 - 기타,승용,남,38세,상해없음,보행자,남,19세,경상
26544,2020101700100007,2020년 10월 17일 00시,토요일,경기도 평택시 통복동,중상사고,0,1,0,0,차대사람 - 횡단중,안전운전불이행,포장 - 건조,맑음,교차로 - 교차로안,승용,남,25세,상해없음,보행자,여,50세,중상
26545,2020101700100068,2020년 10월 17일 05시,토요일,경기도 의정부시 의정부동,경상사고,0,0,1,0,차대사람 - 길가장자리구역통행중,안전운전불이행,포장 - 건조,맑음,단일로 - 기타,승용,여,60세,상해없음,보행자,남,63세,경상
26546,2020101700100092,2020년 10월 17일 07시,토요일,경기도 의왕시 내손동,중상사고,0,1,0,0,차대사람 - 횡단중,보행자보호의무위반,포장 - 건조,맑음,기타 - 기타,승용,남,48세,상해없음,보행자,남,63세,중상
26547,2020101700100139,2020년 10월 17일 09시,토요일,경기도 성남시 분당구 금곡동,부상신고사고,0,0,0,1,차대사람 - 기타,안전운전불이행,포장 - 건조,맑음,기타 - 기타,자전거,남,46세,상해없음,보행자,남,68세,부상신고
26548,2020101700100167,2020년 10월 17일 10시,토요일,경기도 성남시 수정구 창곡동,경상사고,0,0,1,0,차대사람 - 횡단중,신호위반,포장 - 건조,맑음,교차로 - 교차로부근,승용,남,64세,상해없음,보행자,남,25세,경상
26549,2020101700100168,2020년 10월 17일 10시,토요일,경기도 평택시 서정동,경상사고,0,0,1,0,차대사람 - 기타,안전운전불이행,포장 - 건조,맑음,교차로 - 교차로안,승용,남,22세,상해없음,보행자,남,28세,경상
26550,2020101700100199,2020년 10월 17일 11시,토요일,경기도 부천시 원미동,경상사고,0,0,1,0,차대사람 - 횡단중,교차로운행방법위반,포장 - 건조,맑음,단일로 - 기타,승용,여,40세,상해없음,보행자,남,66세,경상
26551,2020101700100201,2020년 10월 17일 11시,토요일,경기도 하남시 망월동,경상사고,0,0,1,0,차대사람 - 횡단중,보행자보호의무위반,포장 - 건조,맑음,교차로 - 교차로횡단보도내,승용,남,26세,상해없음,보행자,남,63세,경상
26552,2020101700100228,2020년 10월 17일 11시,토요일,경기도 남양주시 와부읍,경상사고,0,0,1,0,차대사람 - 횡단중,안전운전불이행,포장 - 건조,맑음,단일로 - 기타,승용,여,55세,상해없음,보행자,여,55세,경상
26553,2020101700100244,2020년 10월 17일 12시,토요일,경기도 평택시 팽성읍,중상사고,0,1,0,0,차대사람 - 기타,기타,포장 - 건조,맑음,단일로 - 기타,승합,남,55세,상해없음,보행자,여,78세,중상
26554,2020101700100350,2020년 10월 17일 14시,토요일,경기도 화성시 송산면,경상사고,0,0,1,0,차대사람 - 차도통행중,안전운전불이행,포장 - 건조,맑음,단일로 - 기타,기타불명,기타불명,미분류,기타불명,보행자,남,8세,경상
26555,2020101700100375,2020년 10월 17일 14시,토요일,경기도 의정부시 의정부동,중상사고,0,1,0,0,차대사람 - 기타,안전운전불이행,포장 - 건조,맑음,교차로 - 교차로안,승용,남,57세,상해없음,보행자,여,85세,중상
26556,2020101700100376,2020년 10월 17일 14시,토요일,경기도 의정부시 의정부동,경상사고,0,0,1,0,차대사람 - 길가장자리구역통행중,안전운전불이행,포장 - 건조,맑음,단일로 - 기타,승용,여,55세,상해없음,보행자,여,48세,경상
26557,2020101700100389,2020년 10월 17일 15시,토요일,경기도 광명시 하안동,중상사고,0,1,0,0,차대사람 - 횡단중,안전운전불이행,포장 - 건조,맑음,단일로 - 기타,승용,남,53세,상해없음,보행자,남,59세,중상
26558,2020101700100439,2020년 10월 17일 16시,토요일,경기도 광명시 철산동,경상사고,0,0,1,0,차대사람 - 기타,안전운전불이행,포장 - 건조,맑음,교차로 - 교차로안,화물,남,54세,상해없음,보행자,여,67세,경상
26559,2020101700100465,2020년 10월 17일 16시,토요일,경기도 고양시 덕양구 행신동,부상신고사고,0,0,0,1,차대사람 - 기타,안전운전불이행,포장 - 건조,맑음,단일로 - 지하차도(도로)내,기타불명,기타불명,미분류,기타불명,보행자,남,25세,부상신고
26560,2020101700100527,2020년 10월 17일 18시,토요일,경기도 양평군 양서면,중상사고,0,1,0,0,차대사람 - 기타,안전운전불이행,포장 - 건조,맑음,교차로 - 교차로부근,승용,여,54세,상해없음,보행자,여,64세,중상
26561,2020101700100535,2020년 10월 17일 18시,토요일,경기도 수원시 권선구 탑동,중상사고,0,1,0,0,차대사람 - 보도통행중,보행자보호의무위반,포장 - 건조,맑음,교차로 - 교차로횡단보도내,승용,남,35세,상해없음,보행자,여,62세,중상
26562,2020101700100537,2020년 10월 17일 18시,토요일,경기도 화성시 반월동,중상사고,0,1,0,0,차대사람 - 기타,안전운전불이행,포장 - 건조,흐림,단일로 - 기타,승용,남,72세,상해없음,보행자,남,67세,중상
26563,2020101700100589,2020년 10월 17일 19시,토요일,경기도 평택시 서정동,경상사고,0,0,1,0,차대사람 - 길가장자리구역통행중,안전운전불이행,포장 - 건조,맑음,기타 - 기타,승용,여,28세,기타불명,보행자,남,23세,경상
26564,2020101700100593,2020년 10월 17일 19시,토요일,경기도 성남시 분당구 구미동,경상사고,0,0,1,0,차대사람 - 횡단중,안전운전불이행,포장 - 건조,맑음,교차로 - 교차로횡단보도내,이륜,남,35세,상해없음,보행자,남,62세,경상
26565,2020101700100673,2020년 10월 17일 21시,토요일,경기도 부천시 고강동,중상사고,0,1,0,0,차대사람 - 차도통행중,안전운전불이행,포장 - 건조,맑음,교차로 - 교차로안,승용,남,30세,상해없음,보행자,남,50세,중상
26566,2020101700100690,2020년 10월 17일 21시,토요일,경기도 의정부시 가능동,중상사고,0,1,0,0,차대사람 - 기타,안전운전불이행,포장 - 건조,맑음,교차로 - 교차로부근,승용,남,29세,상해없음,보행자,남,60세,중상
26567,2020101700100695,2020년 10월 17일 22시,토요일,경기도 성남시 중원구 성남동,경상사고,0,0,1,0,차대사람 - 횡단중,안전운전불이행,포장 - 건조,맑음,단일로 - 기타,승용,남,30세,상해없음,보행자,여,48세,경상
26568,2020101700100719,2020년 10월 17일 23시,토요일,경기도 광주시 장지동,중상사고,0,1,0,0,차대사람 - 차도통행중,안전운전불이행,포장 - 건조,맑음,단일로 - 기타,승용,남,63세,상해없음,보행자,남,51세,중상
26569,2020101800100017,2020년 10월 18일 00시,일요일,경기도 구리시 수택동,경상사고,0,0,1,0,차대사람 - 기타,안전운전불이행,포장 - 건조,맑음,교차로 - 교차로부근,승용,남,21세,기타불명,보행자,여,24세,경상
26570,2020101800100034,2020년 10월 18일 02시,일요일,경기도 의왕시 청계동,사망사고,1,0,0,0,차대사람 - 차도통행중,과속,포장 - 건조,맑음,단일로 - 기타,승용,남,61세,상해없음,보행자,남,22세,사망