,사고번호,사고일시,요일,시군구,사고내용,사망자수,중상자수,경상자수,부상신고자수,사고유형,법규위반,노면상태,기상상태,도로형태,가해운전자 차종,가해운전자 성별,가해운전자 연령,가해운전자 상해정도,피해운전자 차종,피해운전자 성별,피해운전자 연령,피해운전자 상해정도
26571,2020101800100041,2020년 10월 18일 03시,일요일,경기도 안산시 상록구 본오동,부상신고사고,0,0,0,1,차대사람 - 차도통행중,안전운전불이행,포장 - 건조,맑음,단일로 - 기타,기타불명,기타불명,미분류,기타불명,보행자,남,32세,부상신고
26572,2020101800100046,2020년 10월 18일 03시,일요일,경기도 의정부시 의정부동,경상사고,0,0,1,0,차대사람 - 기타,안전운전불이행,포장 - 건조,맑음,단일로 - 기타,승용,남,61세,상해없음,보행자,여,41세,경상
26573,2020101800100060,2020년 10월 18일 05시,일요일,경기도 이천시 창전동,경상사고,0,0,1,0,차대사람 - 횡단중,보행자보호의무위반,포장 - 건조,맑음,단일로 - 기타,승용,남,38세,상해없음,보행자,남,19세,경상
26574,2020101800100062,2020년 10월 18일 05시,일요일,경기도 광명시 광명동,경상사고,0,0,1,0,차대사람 - 횡단중,보행자보호의무위반,포장 - 건조,맑음,교차로 - 교차로안,승용,남,65세,상해없음,보행자,여,62세,경상
26575,2020101800100071,2020년 10월 18일 06시,일요일,경기도 시흥시 정왕동,중상사고,0,1,0,0,차대사람 - 보도통행중,신호위반,포장 - 건조,맑음,교차로 - 교차로안,건설기계,남,36세,상해없음,보행자,여,37세,중상
26576,2020101800100099,2020년 10월 18일 08시,일요일,경기도 성남시 중원구 하대원동,중상사고,0,1,0,0,차대사람 - 횡단중,안전운전불이행,포장 - 건조,맑음,단일로 - 기타,승용,여,40세,상해없음,보행자,여,48세,중상
26577,2020101800100134,2020년 10월 18일 10시,일요일,경기도 김포시 장기동,중상사고,0,1,0,0,차대사람 - 횡단중,안전운전불이행,포장 - 건조,맑음,교차로 - 교차로횡단보도내,승합,남,54세,상해없음,보행자,여,43세,중상
26578,2020101800100158,2020년 10월 18일 11시,일요일,경기도 양평군 지평면,경상사고,0,0,2,4,차대사람 - 기타,안전운전불이행,포장 - 건조,맑음,단일로 - 기타,승용,남,29세,상해없음,보행자,남,58세,부상신고
26579,2020101800100183,2020년 10월 18일 12시,일요일,경기도 수원시 팔달구 우만동,경상사고,0,0,1,0,차대사람 - 기타,기타,포장 - 건조,맑음,단일로 - 기타,자전거,여,61세,상해없음,보행자,여,49세,경상
26580,2020101800100187,2020년 10월 18일 12시,일요일,경기도 오산시 오산동,중상사고,0,1,0,0,차대사람 - 횡단중,보행자보호의무위반,포장 - 건조,맑음,교차로 - 교차로횡단보도내,승용,남,69세,상해없음,보행자,여,42세,중상
26581,2020101800100188,2020년 10월 18일 12시,일요일,경기도 안산시 단원구 초지동,경상사고,0,0,1,0,차대사람 - 횡단중,보행자보호의무위반,포장 - 건조,맑음,교차로 - 교차로횡단보도내,승용,남,59세,상해없음,보행자,여,35세,경상
26582,2020101800100190,2020년 10월 18일 12시,일요일,경기도 시흥시 하상동,경상사고,0,0,1,0,차대사람 - 기타,보행자보호의무위반,포장 - 건조,맑음,단일로 - 기타,이륜,남,16세,상해없음,보행자,남,4세,경상
26583,2020101800100235,2020년 10월 18일 13시,일요일,경기도 고양시 덕양구 화정동,중상사고,0,1,0,0,차대사람 - 횡단중,안전운전불이행,포장 - 건조,맑음,단일로 - 기타,이륜,남,40세,상해없음,보행자,여,69세,중상
26584,2020101800100240,2020년 10월 18일 14시,일요일,경기도 이천시 창전동,경상사고,0,0,2,0,차대사람 - 횡단중,신호위반,포장 - 건조,맑음,교차로 - 교차로부근,이륜,남,34세,기타불명,보행자,여,43세,경상
26585,2020101800100241,2020년 10월 18일 14시,일요일,경기도 용인시 기흥구 상하동,중상사고,0,1,1,0,차대사람 - 횡단중,보행자보호의무위반,포장 - 건조,맑음,교차로 - 교차로횡단보도내,이륜,남,25세,경상,보행자,여,53세,중상
26586,2020101800100277,2020년 10월 18일 14시,일요일,경기도 파주시 금촌동,경상사고,0,0,1,0,차대사람 - 길가장자리구역통행중,안전운전불이행,포장 - 건조,맑음,교차로 - 교차로부근,자전거,남,57세,상해없음,보행자,여,58세,경상
26587,2020101800100287,2020년 10월 18일 15시,일요일,경기도 여주시 현암동,부상신고사고,0,0,0,1,차대사람 - 횡단중,안전운전불이행,포장 - 건조,맑음,교차로 - 교차로안,화물,남,71세,상해없음,보행자,여,71세,부상신고
26588,2020101800100340,2020년 10월 18일 16시,일요일,경기도 광명시 소하동,중상사고,0,1,0,0,차대사람 - 횡단중,신호위반,포장 - 건조,맑음,교차로 - 교차로횡단보도내,기타불명,기타불명,미분류,기타불명,보행자,여,18세,중상
26589,2020101800100342,2020년 10월 18일 16시,일요일,경기도 시흥시 정왕동,중상사고,0,1,0,0,차대사람 - 길가장자리구역통행중,안전운전불이행,포장 - 건조,맑음,단일로 - 기타,화물,남,58세,상해없음,보행자,남,51세,중상
26590,2020101800100344,2020년 10월 18일 16시,일요일,경기도 화성시 진안동,경상사고,0,0,1,0,차대사람 - 기타,안전운전불이행,포장 - 건조,맑음,기타 - 기타,승용,여,50세,상해없음,보행자,남,65세,경상
26591,2020101800100370,2020년 10월 18일 16시,일요일,경기도 가평군 청평면,중상사고,0,1,0,0,차대사람 - 차도통행중,안전운전불이행,포장 - 건조,맑음,교차로 - 교차로안,승용,여,50세,상해없음,보행자,남,78세,중상
26592,2020101800100389,2020년 10월 18일 17시,일요일,경기도 의왕시 오전동,중상사고,0,1,0,0,차대사람 - 기타,안전운전불이행,포장 - 건조,맑음,단일로 - 기타,승용,남,48세,상해없음,보행자,남,4세,중상
26593,2020101800100470,2020년 10월 18일 19시,일요일,경기도 수원시 팔달구 화서동,경상사고,0,0,1,0,차대사람 - 차도통행중,안전운전불이행,포장 - 건조,맑음,단일로 - 기타,이륜,남,28세,상해없음,보행자,남,52세,경상
26594,2020101800100472,2020년 10월 18일 19시,일요일,경기도 평택시 서정동,경상사고,0,0,1,0,차대사람 - 기타,안전거리미확보,포장 - 기타,맑음,기타 - 기타,승용,여,52세,기타불명,보행자,남,24세,경상
26595,2020101800100473,2020년 10월 18일 19시,일요일,경기도 평택시 진위면,사망사고,1,0,0,0,차대사람 - 차도통행중,과속,포장 - 건조,맑음,단일로 - 기타,승용,남,28세,상해없음,보행자,남,79세,사망
26596,2020101800100474,2020년 10월 18일 19시,일요일,경기도 광주시 경안동,경상사고,0,0,1,0,차대사람 - 기타,안전운전불이행,포장 - 건조,맑음,기타 - 기타,이륜,남,37세,상해없음,보행자,남,62세,경상
26597,2020101800100478,2020년 10월 18일 19시,일요일,경기도 수원시 권선구 권선동,경상사고,0,0,1,0,차대사람 - 횡단중,보행자보호의무위반,포장 - 건조,맑음,교차로 - 교차로횡단보도내,승용,남,40세,상해없음,보행자,여,21세,경상
26598,2020101800100509,2020년 10월 18일 20시,일요일,경기도 의왕시 월암동,중상사고,0,1,0,0,차대사람 - 기타,교차로운행방법위반,포장 - 건조,맑음,교차로 - 교차로부근,화물,남,56세,상해없음,보행자,남,58세,중상
26599,2020101800100541,2020년 10월 18일 22시,일요일,경기도 김포시 감정동,중상사고,0,1,0,0,차대사람 - 횡단중,안전운전불이행,포장 - 건조,맑음,교차로 - 교차로부근,승합,남,58세,상해없음,보행자,남,18세,중상
26600,2020101800100544,2020년 10월 18일 22시,일요일,경기도 성남시 중원구 은행동,경상사고,0,0,1,0,차대사람 - 횡단중,안전운전불이행,포장 - 건조,맑음,교차로 - 교차로횡단보도내,승용,남,50세,상해없음,보행자,여,48세,경상
26601,2020101900100044,2020년 10월 19일 06시,월요일,경기도 오산시 원동,경상사고,0,0,1,0,차대사람 - 횡단중,보행자보호의무위반,포장 - 건조,맑음,교차로 - 교차로횡단보도내,승용,남,26세,상해없음,보행자,여,32세,경상
26602,2020101900100108,2020년 10월 19일 08시,월요일,경기도 안산시 단원구 선부동,경상사고,0,0,1,0,차대사람 - 기타,안전운전불이행,포장 - 건조,맑음,기타 - 기타,자전거,남,30세,상해없음,보행자,여,25세,경상
26603,2020101900100148,2020년 10월 19일 08시,월요일,경기도 고양시 일산동구 풍동,경상사고,0,0,1,0,차대사람 - 횡단중,보행자보호의무위반,포장 - 건조,맑음,교차로 - 교차로안,화물,남,36세,상해없음,보행자,남,21세,경상
26604,2020101900100164,2020년 10월 19일 09시,월요일,경기도 이천시 장호원읍,경상사고,0,0,1,0,차대사람 - 기타,보행자보호의무위반,포장 - 건조,맑음,교차로 - 교차로안,화물,남,18세,상해없음,보행자,여,88세,경상
26605,2020101900100253,2020년 10월 19일 11시,월요일,경기도 수원시 팔달구 교동,부상신고사고,0,0,0,1,차대사람 - 횡단중,안전운전불이행,포장 - 건조,맑음,교차로 - 교차로안,승용,남,63세,상해없음,보행자,남,65세,부상신고
26606,2020101900100308,2020년 10월 19일 12시,월요일,경기도 의정부시 가능동,부상신고사고,0,0,0,1,차대사람 - 횡단중,안전운전불이행,포장 - 건조,맑음,단일로 - 기타,승용,남,38세,상해없음,보행자,남,25세,부상신고
26607,2020101900100311,2020년 10월 19일 12시,월요일,경기도 파주시 조리읍,중상사고,0,1,0,0,차대사람 - 보도통행중,기타,포장 - 건조,맑음,단일로 - 기타,승용,남,42세,상해없음,보행자,여,81세,중상
26608,2020101900100377,2020년 10월 19일 14시,월요일,경기도 용인시 수지구 풍덕천동,중상사고,0,1,0,0,차대사람 - 횡단중,보행자보호의무위반,포장 - 건조,맑음,교차로 - 교차로안,승합,남,50세,상해없음,보행자,여,52세,중상
26609,2020101900100413,2020년 10월 19일 15시,월요일,경기도 평택시 지산동,경상사고,0,0,1,0,차대사람 - 기타,안전운전불이행,포장 - 건조,맑음,교차로 - 교차로부근,이륜,남,61세,상해없음,보행자,여,75세,경상
26610,2020101900100460,2020년 10월 19일 16시,월요일,경기도 이천시 창전동,경상사고,0,0,1,0,차대사람 - 횡단중,보행자보호의무위반,포장 - 건조,맑음,교차로 - 교차로횡단보도내,승용,남,60세,상해없음,보행자,여,62세,경상
26611,2020101900100462,2020년 10월 19일 16시,월요일,경기도 부천시 고강동,중상사고,0,1,0,0,차대사람 - 기타,안전운전불이행,포장 - 건조,맑음,단일로 - 기타,승용,남,63세,상해없음,보행자,여,60세,중상
26612,2020101900100481,2020년 10월 19일 16시,월요일,경기도 포천시 소흘읍,경상사고,0,0,1,0,차대사람 - 기타,안전운전불이행,포장 - 건조,맑음,단일로 - 기타,승용,여,53세,상해없음,보행자,남,78세,경상
26613,2020101900100506,2020년 10월 19일 17시,월요일,경기도 용인시 기흥구 마북동,경상사고,0,0,1,0,차대사람 - 횡단중,보행자보호의무위반,포장 - 건조,맑음,교차로 - 교차로횡단보도내,자전거,남,17세,상해없음,보행자,여,74세,경상
26614,2020101900100507,2020년 10월 19일 17시,월요일,경기도 용인시 수지구 풍덕천동,중상사고,0,1,0,0,차대사람 - 횡단중,안전운전불이행,포장 - 건조,맑음,교차로 - 교차로횡단보도내,승용,여,47세,상해없음,보행자,여,46세,중상
26615,2020101900100546,2020년 10월 19일 18시,월요일,경기도 안양시 동안구 관양동,중상사고,0,1,0,0,차대사람 - 기타,기타,포장 - 건조,맑음,기타 - 기타,개인형이동수단(PM),여,16세,상해없음,보행자,여,31세,중상
26616,2020101900100600,2020년 10월 19일 19시,월요일,경기도 수원시 팔달구 우만동,경상사고,0,0,1,0,차대사람 - 기타,안전운전불이행,포장 - 건조,맑음,단일로 - 기타,승용,남,52세,상해없음,보행자,남,40세,경상
26617,2020101900100606,2020년 10월 19일 19시,월요일,경기도 광명시 노온사동,중상사고,0,1,0,0,차대사람 - 차도통행중,안전운전불이행,포장 - 건조,맑음,교차로 - 교차로안,승용,남,67세,상해없음,보행자,여,26세,중상
26618,2020101900100608,2020년 10월 19일 19시,월요일,경기도 시흥시 대야동,경상사고,0,0,1,0,차대사람 - 기타,안전운전불이행,포장 - 건조,맑음,교차로 - 교차로안,승용,남,28세,상해없음,보행자,남,57세,경상
26619,2020101900100645,2020년 10월 19일 20시,월요일,경기도 평택시 안중읍,중상사고,0,1,0,0,차대사람 - 횡단중,보행자보호의무위반,포장 - 건조,맑음,교차로 - 교차로안,승용,남,26세,상해없음,보행자,남,47세,중상
26620,2020101900100646,2020년 10월 19일 20시,월요일,경기도 평택시 오성면,중상사고,0,1,0,0,차대사람 - 횡단중,신호위반,포장 - 건조,맑음,교차로 - 교차로횡단보도내,화물,남,47세,상해없음,보행자,남,57세,중상
26621,2020101900100648,2020년 10월 19일 20시,월요일,경기도 부천시 상동,경상사고,0,0,1,0,차대사람 - 횡단중,신호위반,포장 - 건조,맑음,교차로 - 교차로부근,승용,남,37세,기타불명,보행자,남,53세,경상
26622,2020101900100681,2020년 10월 19일 21시,월요일,경기도 안산시 상록구 일동,경상사고,0,0,1,0,차대사람 - 횡단중,신호위반,포장 - 건조,맑음,교차로 - 교차로횡단보도내,기타불명,기타불명,미분류,기타불명,보행자,여,21세,경상
26623,2020101900100683,2020년 10월 19일 21시,월요일,경기도 용인시 수지구 죽전동,경상사고,0,0,1,0,차대사람 - 차도통행중,안전운전불이행,포장 - 건조,맑음,교차로 - 교차로부근,승용,여,39세,상해없음,보행자,남,78세,경상
26624,2020101900100736,2020년 10월 19일 23시,월요일,경기도 의정부시 의정부동,경상사고,0,0,1,0,차대사람 - 길가장자리구역통행중,안전운전불이행,포장 - 건조,맑음,단일로 - 기타,승용,여,67세,상해없음,보행자,남,59세,경상
26625,2020102000100013,2020년 10월 20일 01시,화요일,경기도 고양시 덕양구 주교동,중상사고,0,1,0,0,차대사람 - 횡단중,안전운전불이행,포장 - 건조,맑음,단일로 - 기타,승용,남,61세,상해없음,보행자,남,39세,중상
26626,2020102000100032,2020년 10월 20일 05시,화요일,경기도 수원시 팔달구 우만동,사망사고,1,0,0,0,차대사람 - 기타,안전운전불이행,포장 - 건조,맑음,단일로 - 기타,승용,남,76세,상해없음,보행자,여,77세,사망
26627,2020102000100034,2020년 10월 20일 05시,화요일,경기도 성남시 분당구 백현동,경상사고,0,0,1,0,차대사람 - 기타,안전운전불이행,포장 - 건조,맑음,단일로 - 기타,승용,남,47세,상해없음,보행자,남,70세,경상
26628,2020102000100050,2020년 10월 20일 06시,화요일,경기도 안산시 상록구 본오동,경상사고,0,0,1,0,차대사람 - 기타,안전운전불이행,포장 - 건조,맑음,단일로 - 기타,화물,남,58세,상해없음,보행자,남,61세,경상
26629,2020102000100090,2020년 10월 20일 08시,화요일,경기도 안산시 단원구 신길동,부상신고사고,0,0,0,1,차대사람 - 기타,기타,포장 - 건조,맑음,교차로 - 교차로부근,이륜,남,32세,상해없음,보행자,남,36세,부상신고
26630,2020102000100139,2020년 10월 20일 09시,화요일,경기도 평택시 통복동,중상사고,0,1,0,0,차대사람 - 횡단중,안전운전불이행,포장 - 건조,맑음,단일로 - 기타,승용,여,48세,상해없음,보행자,남,71세,중상
26631,2020102000100169,2020년 10월 20일 10시,화요일,경기도 안산시 단원구 선부동,중상사고,0,1,0,0,차대사람 - 횡단중,신호위반,포장 - 건조,맑음,단일로 - 기타,승용,여,69세,상해없음,보행자,여,80세,중상
26632,2020102000100234,2020년 10월 20일 11시,화요일,경기도 구리시 교문동,경상사고,0,0,1,0,차대사람 - 보도통행중,안전운전불이행,포장 - 건조,맑음,단일로 - 기타,승용,여,47세,상해없음,보행자,여,49세,경상
26633,2020102000100244,2020년 10월 20일 12시,화요일,경기도 광주시 중대동,경상사고,0,0,1,0,차대사람 - 기타,안전운전불이행,포장 - 건조,맑음,교차로 - 교차로안,승용,남,28세,상해없음,보행자,남,33세,경상
26634,2020102000100271,2020년 10월 20일 13시,화요일,경기도 하남시 감이동,경상사고,0,0,1,0,차대사람 - 기타,안전운전불이행,포장 - 건조,맑음,단일로 - 기타,승용,남,74세,상해없음,보행자,여,19세,경상
26635,2020102000100279,2020년 10월 20일 13시,화요일,경기도 성남시 분당구 정자동,경상사고,0,0,1,0,차대사람 - 기타,안전운전불이행,포장 - 건조,맑음,단일로 - 기타,승합,남,71세,상해없음,보행자,남,53세,경상
26636,2020102000100303,2020년 10월 20일 13시,화요일,경기도 양주시 백석읍,사망사고,1,0,0,0,차대사람 - 차도통행중,안전운전불이행,포장 - 건조,맑음,단일로 - 기타,농기계,남,71세,상해없음,보행자,여,87세,사망
26637,2020102000100305,2020년 10월 20일 13시,화요일,경기도 고양시 일산서구 주엽동,경상사고,0,0,1,0,차대사람 - 횡단중,보행자보호의무위반,포장 - 건조,맑음,교차로 - 교차로부근,화물,남,50세,상해없음,보행자,여,42세,경상
26638,2020102000100319,2020년 10월 20일 14시,화요일,경기도 평택시 서정동,경상사고,0,0,1,0,차대사람 - 기타,안전운전불이행,포장 - 건조,맑음,단일로 - 기타,화물,남,22세,상해없음,보행자,남,52세,경상
26639,2020102000100359,2020년 10월 20일 14시,화요일,경기도 연천군 전곡읍,경상사고,0,0,1,0,차대사람 - 기타,안전운전불이행,포장 - 건조,맑음,단일로 - 기타,승용,남,55세,상해없음,보행자,여,22세,경상
26640,2020102000100373,2020년 10월 20일 15시,화요일,경기도 김포시 하성면,경상사고,0,0,1,0,차대사람 - 기타,안전운전불이행,포장 - 건조,맑음,교차로 - 교차로안,승용,남,67세,상해없음,보행자,남,68세,경상
26641,2020102000100374,2020년 10월 20일 15시,화요일,경기도 김포시 사우동,경상사고,0,0,1,0,차대사람 - 차도통행중,안전운전불이행,포장 - 건조,맑음,교차로 - 교차로안,승용,남,58세,상해없음,보행자,남,78세,경상
26642,2020102000100412,2020년 10월 20일 15시,화요일,경기도 파주시 동패동,중상사고,0,1,0,0,차대사람 - 보도통행중,보행자보호의무위반,포장 - 건조,맑음,교차로 - 교차로부근,승합,남,73세,상해없음,보행자,남,56세,중상
26643,2020102000100425,2020년 10월 20일 16시,화요일,경기도 안양시 동안구 평촌동,경상사고,0,0,1,0,차대사람 - 보도통행중,기타,포장 - 건조,맑음,기타 - 기타,승용,남,37세,상해없음,보행자,여,13세,경상
26644,2020102000100427,2020년 10월 20일 16시,화요일,경기도 부천시 역곡동,중상사고,0,1,1,0,차대사람 - 횡단중,신호위반,포장 - 건조,맑음,교차로 - 교차로횡단보도내,화물,남,67세,상해없음,보행자,여,9세,중상
26645,2020102000100430,2020년 10월 20일 16시,화요일,경기도 안산시 단원구 와동,경상사고,0,0,1,0,차대사람 - 횡단중,신호위반,포장 - 건조,맑음,단일로 - 기타,원동기,남,17세,상해없음,보행자,여,61세,경상
26646,2020102000100473,2020년 10월 20일 17시,화요일,경기도 안양시 동안구 관양동,경상사고,0,0,1,0,차대사람 - 보도통행중,기타,포장 - 건조,맑음,기타 - 기타,원동기,남,31세,상해없음,보행자,여,19세,경상
26647,2020102000100474,2020년 10월 20일 17시,화요일,경기도 용인시 기흥구 상하동,부상신고사고,0,0,0,1,차대사람 - 기타,안전운전불이행,포장 - 건조,맑음,단일로 - 기타,승용,여,45세,상해없음,보행자,여,73세,부상신고
26648,2020102000100475,2020년 10월 20일 17시,화요일,경기도 오산시 오산동,경상사고,0,0,1,0,차대사람 - 기타,보행자보호의무위반,포장 - 건조,맑음,교차로 - 교차로횡단보도내,승용,남,36세,상해없음,보행자,남,44세,경상
26649,2020102000100530,2020년 10월 20일 18시,화요일,경기도 부천시 송내동,경상사고,0,0,1,0,차대사람 - 기타,교차로운행방법위반,포장 - 건조,맑음,교차로 - 교차로안,승용,남,58세,기타불명,보행자,여,25세,경상
26650,2020102000100532,2020년 10월 20일 18시,화요일,경기도 안산시 단원구 목내동,중상사고,0,1,0,0,차대사람 - 기타,안전운전불이행,포장 - 건조,맑음,단일로 - 기타,승용,남,49세,상해없음,보행자,남,59세,중상
26651,2020102000100603,2020년 10월 20일 19시,화요일,경기도 시흥시 은행동,중상사고,0,1,0,0,차대사람 - 횡단중,안전운전불이행,포장 - 건조,맑음,교차로 - 교차로부근,승용,남,39세,상해없음,보행자,남,14세,중상
26652,2020102000100647,2020년 10월 20일 20시,화요일,경기도 부천시 중동,경상사고,0,0,1,0,차대사람 - 횡단중,보행자보호의무위반,포장 - 건조,맑음,교차로 - 교차로횡단보도내,승용,남,29세,상해없음,보행자,남,39세,경상
26653,2020102000100649,2020년 10월 20일 20시,화요일,경기도 수원시 팔달구 인계동,경상사고,0,0,1,0,차대사람 - 기타,안전운전불이행,포장 - 건조,맑음,교차로 - 교차로안,승용,여,62세,상해없음,보행자,남,68세,경상
26654,2020102100100043,2020년 10월 21일 05시,수요일,경기도 화성시 봉담읍,경상사고,0,0,1,0,차대사람 - 횡단중,신호위반,포장 - 건조,맑음,교차로 - 교차로횡단보도내,승합,남,45세,상해없음,보행자,남,73세,경상
26655,2020102100100057,2020년 10월 21일 05시,수요일,경기도 남양주시 평내동,중상사고,0,1,0,0,차대사람 - 차도통행중,안전운전불이행,포장 - 건조,맑음,단일로 - 기타,승용,남,67세,상해없음,보행자,남,71세,중상
26656,2020102100100085,2020년 10월 21일 07시,수요일,경기도 시흥시 정왕동,중상사고,0,1,0,0,차대사람 - 횡단중,안전운전불이행,포장 - 건조,맑음,단일로 - 기타,승용,남,59세,상해없음,보행자,남,85세,중상
26657,2020102100100124,2020년 10월 21일 08시,수요일,경기도 용인시 처인구 양지면,경상사고,0,0,1,0,차대사람 - 기타,안전운전불이행,포장 - 건조,맑음,단일로 - 기타,승용,남,45세,상해없음,보행자,여,21세,경상
26658,2020102100100125,2020년 10월 21일 08시,수요일,경기도 부천시 춘의동,중상사고,0,1,0,0,차대사람 - 보도통행중,보행자보호의무위반,포장 - 건조,맑음,교차로 - 교차로횡단보도내,승용,여,51세,상해없음,보행자,여,10세,중상
26659,2020102100100224,2020년 10월 21일 11시,수요일,경기도 수원시 팔달구 중동,경상사고,0,0,1,0,차대사람 - 기타,안전운전불이행,포장 - 건조,맑음,단일로 - 기타,승용,여,31세,상해없음,보행자,남,54세,경상
26660,2020102100100242,2020년 10월 21일 11시,수요일,경기도 고양시 덕양구 토당동,경상사고,0,0,1,0,차대사람 - 차도통행중,안전운전불이행,포장 - 건조,맑음,교차로 - 교차로안,승용,여,70세,상해없음,보행자,여,73세,경상
26661,2020102100100253,2020년 10월 21일 12시,수요일,경기도 화성시 산척동,부상신고사고,0,0,0,1,차대사람 - 보도통행중,안전운전불이행,포장 - 건조,맑음,단일로 - 기타,기타불명,기타불명,미분류,기타불명,보행자,남,16세,부상신고
26662,2020102100100317,2020년 10월 21일 14시,수요일,경기도 파주시 야당동,경상사고,0,0,1,0,차대사람 - 기타,안전운전불이행,포장 - 건조,맑음,단일로 - 기타,승합,남,54세,상해없음,보행자,남,59세,경상
26663,2020102100100319,2020년 10월 21일 14시,수요일,경기도 구리시 수택동,경상사고,0,0,1,0,차대사람 - 기타,기타,포장 - 건조,맑음,단일로 - 기타,자전거,여,38세,상해없음,보행자,남,72세,경상
26664,2020102100100335,2020년 10월 21일 15시,수요일,경기도 광주시 오포읍,경상사고,0,0,1,0,차대사람 - 기타,안전운전불이행,포장 - 건조,맑음,주차장 - 주차장,승용,남,56세,상해없음,보행자,남,21세,경상
26665,2020102100100374,2020년 10월 21일 16시,수요일,경기도 광주시 목현동,중상사고,0,1,0,0,차대사람 - 횡단중,보행자보호의무위반,포장 - 건조,맑음,단일로 - 기타,화물,남,24세,상해없음,보행자,여,57세,중상
26666,2020102100100375,2020년 10월 21일 16시,수요일,경기도 광주시 오포읍,경상사고,0,0,1,0,차대사람 - 기타,안전운전불이행,포장 - 건조,맑음,단일로 - 기타,기타불명,기타불명,미분류,기타불명,보행자,남,12세,경상
26667,2020102100100377,2020년 10월 21일 16시,수요일,경기도 광명시 하안동,경상사고,0,0,1,0,차대사람 - 횡단중,안전운전불이행,포장 - 건조,맑음,교차로 - 교차로횡단보도내,승합,남,46세,상해없음,보행자,여,68세,경상
26668,2020102100100402,2020년 10월 21일 17시,수요일,경기도 평택시 서정동,경상사고,0,0,1,0,차대사람 - 기타,안전운전불이행,포장 - 건조,맑음,단일로 - 기타,승용,남,68세,상해없음,보행자,남,13세,경상
26669,2020102100100534,2020년 10월 21일 18시,수요일,경기도 남양주시 진접읍,부상신고사고,0,0,0,1,차대사람 - 기타,안전운전불이행,포장 - 건조,맑음,단일로 - 기타,승합,남,50세,상해없음,보행자,여,70세,부상신고
26670,2020102100100629,2020년 10월 21일 20시,수요일,경기도 고양시 일산동구 풍동,경상사고,0,0,1,0,차대사람 - 횡단중,신호위반,포장 - 건조,맑음,교차로 - 교차로안,이륜,남,19세,상해없음,보행자,여,15세,경상
26671,2020102100100637,2020년 10월 21일 21시,수요일,경기도 수원시 팔달구 신풍동,경상사고,0,0,1,0,차대사람 - 기타,안전운전불이행,포장 - 건조,맑음,교차로 - 교차로부근,승용,여,34세,상해없음,보행자,남,22세,경상
26672,2020102100100638,2020년 10월 21일 21시,수요일,경기도 평택시 이충동,중상사고,0,1,0,0,차대사람 - 횡단중,신호위반,포장 - 건조,맑음,교차로 - 교차로부근,승합,남,59세,상해없음,보행자,남,29세,중상
26673,2020102100100641,2020년 10월 21일 21시,수요일,경기도 용인시 기흥구 구갈동,중상사고,0,1,0,0,차대사람 - 기타,안전운전불이행,포장 - 건조,맑음,단일로 - 기타,승용,남,41세,상해없음,보행자,남,52세,중상
26674,2020102100100642,2020년 10월 21일 21시,수요일,경기도 용인시 처인구 고림동,중상사고,0,1,0,0,차대사람 - 횡단중,보행자보호의무위반,포장 - 건조,맑음,교차로 - 교차로안,승용,여,48세,상해없음,보행자,여,52세,중상
26675,2020102100100679,2020년 10월 21일 22시,수요일,경기도 군포시 당정동,경상사고,0,0,1,0,차대사람 - 기타,안전운전불이행,포장 - 건조,맑음,단일로 - 기타,승합,남,67세,상해없음,보행자,여,57세,경상
26676,2020102100100681,2020년 10월 21일 22시,수요일,경기도 수원시 팔달구 고등동,경상사고,0,0,1,0,차대사람 - 횡단중,보행자보호의무위반,포장 - 건조,맑음,단일로 - 기타,승용,남,21세,상해없음,보행자,남,55세,경상
26677,2020102200100006,2020년 10월 22일 00시,목요일,경기도 부천시 역곡동,경상사고,0,0,1,0,차대사람 - 기타,안전운전불이행,포장 - 건조,맑음,교차로 - 교차로횡단보도내,승용,남,31세,상해없음,보행자,여,75세,경상
26678,2020102200100047,2020년 10월 22일 05시,목요일,경기도 안성시 삼죽면,경상사고,0,0,1,0,차대사람 - 기타,안전운전불이행,포장 - 젖음/습기,안개,단일로 - 기타,승용,남,50세,상해없음,보행자,남,52세,경상
26679,2020102200100049,2020년 10월 22일 05시,목요일,경기도 수원시 팔달구 교동,중상사고,0,1,0,0,차대사람 - 횡단중,안전운전불이행,포장 - 건조,맑음,교차로 - 교차로횡단보도내,승용,남,73세,상해없음,보행자,남,81세,중상
26680,2020102200100062,2020년 10월 22일 06시,목요일,경기도 용인시 처인구 포곡읍,중상사고,0,1,0,0,차대사람 - 기타,안전운전불이행,포장 - 건조,맑음,단일로 - 기타,승용,남,49세,상해없음,보행자,여,65세,중상
26681,2020102200100066,2020년 10월 22일 06시,목요일,경기도 안양시 만안구 안양동,중상사고,0,1,0,0,차대사람 - 횡단중,중앙선침범,포장 - 건조,맑음,교차로 - 교차로횡단보도내,승용,남,45세,상해없음,보행자,남,65세,중상
26682,2020102200100082,2020년 10월 22일 07시,목요일,경기도 평택시 서정동,중상사고,0,1,0,0,차대사람 - 기타,기타,포장 - 건조,맑음,기타 - 기타,승용,남,45세,상해없음,보행자,여,76세,중상