,사고번호,사고일시,요일,시군구,사고내용,사망자수,중상자수,경상자수,부상신고자수,사고유형,법규위반,노면상태,기상상태,도로형태,가해운전자 차종,가해운전자 성별,가해운전자 연령,가해운전자 상해정도,피해운전자 차종,피해운전자 성별,피해운전자 연령,피해운전자 상해정도
26683,2020102200100108,2020년 10월 22일 08시,목요일,경기도 용인시 기흥구 상하동,경상사고,0,0,1,0,차대사람 - 횡단중,안전운전불이행,포장 - 건조,맑음,단일로 - 기타,승용,남,52세,상해없음,보행자,여,45세,경상
26684,2020102200100110,2020년 10월 22일 08시,목요일,경기도 군포시 당정동,경상사고,0,0,1,0,차대사람 - 기타,안전운전불이행,포장 - 건조,흐림,단일로 - 기타,승용,남,46세,상해없음,보행자,여,24세,경상
26685,2020102200100144,2020년 10월 22일 08시,목요일,경기도 가평군 청평면,경상사고,0,0,1,0,차대사람 - 횡단중,신호위반,포장 - 건조,맑음,교차로 - 교차로안,승용,여,45세,상해없음,보행자,여,36세,경상
26686,2020102200100178,2020년 10월 22일 10시,목요일,경기도 수원시 권선구 세류동,경상사고,0,0,1,0,차대사람 - 횡단중,보행자보호의무위반,포장 - 건조,맑음,단일로 - 기타,승용,남,73세,상해없음,보행자,남,63세,경상
26687,2020102200100210,2020년 10월 22일 11시,목요일,경기도 안양시 만안구 박달동,중상사고,0,1,0,0,차대사람 - 횡단중,안전운전불이행,포장 - 건조,맑음,단일로 - 기타,이륜,남,40세,상해없음,보행자,남,65세,중상
26688,2020102200100237,2020년 10월 22일 12시,목요일,경기도 안성시 죽산면,경상사고,0,0,1,0,차대사람 - 기타,기타,포장 - 건조,맑음,교차로 - 교차로부근,승용,여,50세,상해없음,보행자,여,20세,경상
26689,2020102200100238,2020년 10월 22일 12시,목요일,경기도 김포시 북변동,경상사고,0,0,1,0,차대사람 - 기타,교차로운행방법위반,포장 - 건조,맑음,단일로 - 기타,승용,여,45세,상해없음,보행자,남,56세,경상
26690,2020102200100240,2020년 10월 22일 12시,목요일,경기도 수원시 권선구 서둔동,부상신고사고,0,0,0,1,차대사람 - 기타,안전운전불이행,포장 - 건조,맑음,단일로 - 기타,화물,남,39세,상해없음,보행자,여,61세,부상신고
26691,2020102200100277,2020년 10월 22일 13시,목요일,경기도 광명시 철산동,경상사고,0,0,1,0,차대사람 - 횡단중,보행자보호의무위반,포장 - 건조,맑음,교차로 - 교차로안,승용,남,62세,상해없음,보행자,여,79세,경상
26692,2020102200100378,2020년 10월 22일 16시,목요일,경기도 여주시 점동면,경상사고,0,0,1,0,차대사람 - 기타,안전운전불이행,포장 - 건조,맑음,단일로 - 기타,화물,남,68세,상해없음,보행자,남,68세,경상
26693,2020102200100381,2020년 10월 22일 16시,목요일,경기도 오산시 오산동,경상사고,0,0,1,0,차대사람 - 기타,안전운전불이행,포장 - 건조,맑음,단일로 - 기타,승용,남,68세,상해없음,보행자,남,8세,경상
26694,2020102200100416,2020년 10월 22일 17시,목요일,경기도 수원시 장안구 연무동,경상사고,0,0,1,0,차대사람 - 길가장자리구역통행중,안전운전불이행,포장 - 건조,맑음,단일로 - 기타,승용,남,78세,상해없음,보행자,여,64세,경상
26695,2020102200100469,2020년 10월 22일 18시,목요일,경기도 안산시 상록구 일동,경상사고,0,0,1,0,차대사람 - 횡단중,안전운전불이행,포장 - 건조,맑음,교차로 - 교차로부근,승용,남,59세,상해없음,보행자,남,42세,경상
26696,2020102200100470,2020년 10월 22일 18시,목요일,경기도 화성시 향남읍,중상사고,0,2,0,1,차대사람 - 기타,신호위반,포장 - 건조,맑음,교차로 - 교차로부근,승용,남,98세 이상,상해없음,보행자,남,10세,중상
26697,2020102200100534,2020년 10월 22일 19시,목요일,경기도 김포시 풍무동,중상사고,0,1,2,1,차대사람 - 기타,안전운전불이행,포장 - 기타,맑음,기타 - 기타,승용,여,36세,상해없음,보행자,여,58세,경상
26698,2020102200100535,2020년 10월 22일 19시,목요일,경기도 김포시 장기동,경상사고,0,0,1,0,차대사람 - 횡단중,안전운전불이행,포장 - 건조,맑음,교차로 - 교차로부근,기타불명,기타불명,미분류,기타불명,보행자,남,38세,경상
26699,2020102200100536,2020년 10월 22일 19시,목요일,경기도 김포시 고촌읍,경상사고,0,0,1,0,차대사람 - 횡단중,보행자보호의무위반,포장 - 건조,맑음,교차로 - 교차로횡단보도내,승용,여,34세,상해없음,보행자,여,47세,경상
26700,2020102200100541,2020년 10월 22일 19시,목요일,경기도 안산시 상록구 월피동,경상사고,0,0,1,0,차대사람 - 차도통행중,안전운전불이행,포장 - 건조,맑음,단일로 - 기타,이륜,남,19세,경상,보행자,남,56세,상해없음
26701,2020102200100622,2020년 10월 22일 22시,목요일,경기도 시흥시 정왕동,경상사고,0,0,1,0,차대사람 - 차도통행중,안전운전불이행,포장 - 건조,흐림,단일로 - 기타,화물,남,56세,상해없음,보행자,남,39세,경상
26702,2020102200100623,2020년 10월 22일 22시,목요일,경기도 안산시 상록구 사동,경상사고,0,0,1,0,차대사람 - 횡단중,신호위반,포장 - 건조,맑음,교차로 - 교차로안,승용,남,70세,상해없음,보행자,남,52세,경상
26703,2020102200100625,2020년 10월 22일 22시,목요일,경기도 화성시 봉담읍,경상사고,0,0,1,0,차대사람 - 기타,안전운전불이행,포장 - 건조,맑음,주차장 - 주차장,이륜,남,19세,상해없음,보행자,남,55세,경상
26704,2020102300100025,2020년 10월 23일 01시,금요일,경기도 의정부시 의정부동,중상사고,0,1,0,0,차대사람 - 횡단중,안전운전불이행,포장 - 건조,맑음,교차로 - 교차로안,승용,여,53세,상해없음,보행자,여,65세,중상
26705,2020102300100028,2020년 10월 23일 01시,금요일,경기도 파주시 동패동,사망사고,1,0,0,0,차대사람 - 기타,과속,포장 - 건조,맑음,단일로 - 기타,승합,남,56세,상해없음,보행자,남,49세,사망
26706,2020102300100061,2020년 10월 23일 06시,금요일,경기도 평택시 지산동,경상사고,0,0,1,0,차대사람 - 길가장자리구역통행중,안전운전불이행,포장 - 건조,맑음,기타 - 기타,화물,남,29세,상해없음,보행자,여,44세,경상
26707,2020102300100080,2020년 10월 23일 07시,금요일,경기도 성남시 분당구 야탑동,부상신고사고,0,0,0,1,차대사람 - 기타,안전운전불이행,포장 - 건조,맑음,단일로 - 기타,화물,남,50세,상해없음,보행자,여,74세,부상신고
26708,2020102300100112,2020년 10월 23일 07시,금요일,경기도 포천시 설운동,경상사고,0,0,1,0,차대사람 - 차도통행중,안전운전불이행,포장 - 건조,맑음,단일로 - 기타,화물,남,47세,상해없음,보행자,여,61세,경상
26709,2020102300100126,2020년 10월 23일 08시,금요일,경기도 광주시 탄벌동,중상사고,0,1,0,0,차대사람 - 횡단중,보행자보호의무위반,포장 - 건조,맑음,교차로 - 교차로안,승합,남,60세,상해없음,보행자,여,76세,중상
26710,2020102300100132,2020년 10월 23일 08시,금요일,경기도 수원시 권선구 구운동,경상사고,0,0,1,0,차대사람 - 기타,안전운전불이행,포장 - 건조,맑음,단일로 - 기타,승합,남,68세,상해없음,보행자,여,55세,경상
26711,2020102300100135,2020년 10월 23일 08시,금요일,경기도 안양시 만안구 안양동,중상사고,0,1,0,0,차대사람 - 기타,안전운전불이행,포장 - 건조,맑음,기타 - 기타,개인형이동수단(PM),남,44세,상해없음,보행자,여,52세,중상
26712,2020102300100272,2020년 10월 23일 11시,금요일,경기도 가평군 상면,중상사고,0,1,0,0,차대사람 - 기타,안전운전불이행,포장 - 건조,맑음,단일로 - 기타,건설기계,남,42세,상해없음,보행자,여,72세,중상
26713,2020102300100282,2020년 10월 23일 12시,금요일,경기도 평택시 지산동,경상사고,0,0,2,0,차대사람 - 횡단중,보행자보호의무위반,포장 - 건조,맑음,기타 - 기타,승용,남,52세,상해없음,보행자,여,46세,경상
26714,2020102300100285,2020년 10월 23일 12시,금요일,경기도 부천시 오정동,사망사고,1,0,0,0,차대사람 - 횡단중,안전운전불이행,포장 - 건조,맑음,교차로 - 교차로부근,승용,여,36세,상해없음,보행자,남,52세,사망
26715,2020102300100320,2020년 10월 23일 13시,금요일,경기도 부천시 심곡동,중상사고,0,1,0,0,차대사람 - 기타,안전운전불이행,포장 - 건조,맑음,단일로 - 기타,승용,여,59세,상해없음,보행자,남,64세,중상
26716,2020102300100360,2020년 10월 23일 14시,금요일,경기도 성남시 수정구 태평동,경상사고,0,0,1,0,차대사람 - 보도통행중,안전운전불이행,포장 - 건조,맑음,단일로 - 기타,승용,여,28세,상해없음,보행자,남,46세,경상
26717,2020102300100364,2020년 10월 23일 14시,금요일,경기도 수원시 팔달구 인계동,경상사고,0,0,1,0,차대사람 - 기타,안전운전불이행,포장 - 건조,맑음,기타 - 기타,개인형이동수단(PM),여,30세,기타불명,보행자,여,52세,경상
26718,2020102300100368,2020년 10월 23일 14시,금요일,경기도 화성시 영천동,경상사고,0,0,1,0,차대사람 - 횡단중,안전운전불이행,포장 - 건조,맑음,교차로 - 교차로안,승용,여,36세,상해없음,보행자,남,8세,경상
26719,2020102300100411,2020년 10월 23일 15시,금요일,경기도 군포시 산본동,경상사고,0,0,1,0,차대사람 - 기타,안전운전불이행,포장 - 기타,맑음,기타 - 기타,승용,여,60세,상해없음,보행자,여,13세,경상
26720,2020102300100448,2020년 10월 23일 15시,금요일,경기도 의정부시 의정부동,경상사고,0,0,1,0,차대사람 - 길가장자리구역통행중,안전운전불이행,포장 - 건조,맑음,교차로 - 교차로부근,화물,남,41세,상해없음,보행자,여,71세,경상
26721,2020102300100449,2020년 10월 23일 15시,금요일,경기도 구리시 인창동,경상사고,0,0,1,0,차대사람 - 횡단중,보행자보호의무위반,포장 - 건조,맑음,교차로 - 교차로횡단보도내,이륜,남,25세,상해없음,보행자,여,45세,경상
26722,2020102300100463,2020년 10월 23일 16시,금요일,경기도 안산시 단원구 고잔동,경상사고,0,0,1,0,차대사람 - 횡단중,보행자보호의무위반,포장 - 건조,맑음,단일로 - 기타,승용,여,50세,상해없음,보행자,남,46세,경상
26723,2020102300100464,2020년 10월 23일 16시,금요일,경기도 성남시 분당구 이매동,경상사고,0,0,2,0,차대사람 - 기타,안전운전불이행,포장 - 건조,맑음,단일로 - 기타,승용,남,28세,경상,보행자,남,41세,경상
26724,2020102300100507,2020년 10월 23일 16시,금요일,경기도 파주시 조리읍,중상사고,0,1,0,0,차대사람 - 길가장자리구역통행중,안전운전불이행,포장 - 건조,맑음,단일로 - 기타,화물,남,71세,상해없음,보행자,여,80세,중상
26725,2020102300100508,2020년 10월 23일 16시,금요일,경기도 파주시 상지석동,경상사고,0,0,1,0,차대사람 - 기타,보행자보호의무위반,포장 - 건조,맑음,교차로 - 교차로안,승용,여,53세,상해없음,보행자,여,42세,경상
26726,2020102300100509,2020년 10월 23일 16시,금요일,경기도 구리시 수택동,경상사고,0,0,1,0,차대사람 - 기타,안전운전불이행,포장 - 건조,맑음,교차로 - 교차로안,승용,여,47세,상해없음,보행자,남,81세,경상
26727,2020102300100527,2020년 10월 23일 17시,금요일,경기도 의왕시 삼동,중상사고,0,1,0,0,차대사람 - 기타,안전운전불이행,포장 - 건조,맑음,단일로 - 기타,승용,남,29세,상해없음,보행자,여,61세,중상
26728,2020102300100596,2020년 10월 23일 18시,금요일,경기도 안산시 단원구 초지동,경상사고,0,0,1,0,차대사람 - 횡단중,안전운전불이행,포장 - 건조,맑음,교차로 - 교차로안,승용,남,54세,상해없음,보행자,남,60세,경상
26729,2020102300100600,2020년 10월 23일 18시,금요일,경기도 성남시 분당구 운중동,중상사고,0,1,0,0,차대사람 - 기타,보행자보호의무위반,포장 - 건조,맑음,교차로 - 교차로안,승용,남,38세,상해없음,보행자,남,9세,중상
26730,2020102300100605,2020년 10월 23일 18시,금요일,경기도 하남시 초이동,부상신고사고,0,0,0,1,차대사람 - 횡단중,안전운전불이행,포장 - 건조,맑음,단일로 - 기타,승용,남,46세,상해없음,보행자,남,17세,부상신고
26731,2020102300100667,2020년 10월 23일 18시,금요일,경기도 의정부시 의정부동,중상사고,0,1,6,0,차대사람 - 기타,안전운전불이행,포장 - 건조,맑음,단일로 - 기타,승용,여,48세,상해없음,보행자,여,22세,경상
26732,2020102300100668,2020년 10월 23일 18시,금요일,경기도 고양시 덕양구 주교동,경상사고,0,0,1,0,차대사람 - 횡단중,안전운전불이행,포장 - 건조,맑음,단일로 - 기타,승용,남,46세,상해없음,보행자,여,54세,경상
26733,2020102300100683,2020년 10월 23일 19시,금요일,경기도 수원시 팔달구 우만동,중상사고,0,1,0,0,차대사람 - 기타,안전운전불이행,포장 - 건조,맑음,단일로 - 기타,이륜,여,23세,상해없음,보행자,남,60세,중상
26734,2020102300100692,2020년 10월 23일 19시,금요일,경기도 군포시 당동,경상사고,0,0,1,0,차대사람 - 횡단중,불법유턴,포장 - 건조,맑음,교차로 - 교차로안,승합,남,58세,상해없음,보행자,남,50세,경상
26735,2020102300100696,2020년 10월 23일 19시,금요일,경기도 수원시 팔달구 매산로1가,경상사고,0,0,1,0,차대사람 - 보도통행중,기타,포장 - 건조,맑음,기타 - 기타,이륜,남,36세,상해없음,보행자,여,17세,경상
26736,2020102300100724,2020년 10월 23일 19시,금요일,경기도 의정부시 신곡동,경상사고,0,0,1,0,차대사람 - 기타,기타,포장 - 건조,맑음,교차로 - 교차로안,승합,남,55세,상해없음,보행자,여,62세,경상
26737,2020102300100741,2020년 10월 23일 20시,금요일,경기도 김포시 통진읍,경상사고,0,0,1,0,차대사람 - 기타,안전운전불이행,포장 - 건조,맑음,교차로 - 교차로안,화물,남,52세,상해없음,보행자,남,38세,경상
26738,2020102300100743,2020년 10월 23일 20시,금요일,경기도 수원시 권선구 서둔동,중상사고,0,1,0,0,차대사람 - 보도통행중,기타,포장 - 건조,맑음,단일로 - 기타,승용,여,34세,상해없음,보행자,여,37세,중상
26739,2020102300100832,2020년 10월 23일 23시,금요일,경기도 김포시 양촌읍,부상신고사고,0,0,0,1,차대사람 - 차도통행중,안전운전불이행,포장 - 건조,맑음,교차로 - 교차로안,이륜,남,31세,부상신고,보행자,여,51세,상해없음
26740,2020102300100840,2020년 10월 23일 23시,금요일,경기도 안양시 만안구 안양동,경상사고,0,0,1,0,차대사람 - 기타,안전운전불이행,포장 - 건조,맑음,단일로 - 기타,자전거,남,17세,상해없음,보행자,여,42세,경상
26741,2020102300100854,2020년 10월 23일 23시,금요일,경기도 의정부시 가능동,경상사고,0,0,1,0,차대사람 - 횡단중,신호위반,포장 - 건조,맑음,단일로 - 기타,이륜,남,60세,상해없음,보행자,여,32세,경상
26742,2020102400100013,2020년 10월 24일 00시,토요일,경기도 수원시 팔달구 인계동,경상사고,0,0,1,0,차대사람 - 기타,안전운전불이행,포장 - 건조,맑음,단일로 - 기타,승용,남,52세,상해없음,보행자,남,22세,경상
26743,2020102400100036,2020년 10월 24일 01시,토요일,경기도 의정부시 의정부동,중상사고,0,1,0,0,차대사람 - 횡단중,신호위반,포장 - 건조,맑음,교차로 - 교차로안,승용,남,36세,상해없음,보행자,남,56세,중상
26744,2020102400100056,2020년 10월 24일 03시,토요일,경기도 화성시 진안동,경상사고,0,0,1,0,차대사람 - 기타,교차로운행방법위반,포장 - 건조,맑음,교차로 - 교차로안,승용,남,58세,상해없음,보행자,남,19세,경상
26745,2020102400100102,2020년 10월 24일 07시,토요일,경기도 화성시 능동,중상사고,0,1,0,0,차대사람 - 기타,안전운전불이행,포장 - 건조,맑음,단일로 - 기타,승용,남,47세,상해없음,보행자,남,61세,중상
26746,2020102400100144,2020년 10월 24일 09시,토요일,경기도 양평군 양평읍,중상사고,0,1,0,0,차대사람 - 기타,안전운전불이행,포장 - 건조,맑음,단일로 - 기타,승용,남,44세,상해없음,보행자,남,46세,중상
26747,2020102400100170,2020년 10월 24일 10시,토요일,경기도 안양시 동안구 호계동,경상사고,0,0,1,0,차대사람 - 횡단중,신호위반,포장 - 건조,맑음,교차로 - 교차로횡단보도내,승용,여,27세,상해없음,보행자,남,5세,경상
26748,2020102400100249,2020년 10월 24일 12시,토요일,경기도 광주시 역동,중상사고,0,1,0,0,차대사람 - 차도통행중,안전운전불이행,포장 - 건조,맑음,단일로 - 기타,승용,남,60세,상해없음,보행자,여,65세,중상
26749,2020102400100251,2020년 10월 24일 12시,토요일,경기도 양평군 지평면,부상신고사고,0,0,0,1,차대사람 - 기타,안전운전불이행,포장 - 건조,맑음,단일로 - 기타,승용,남,61세,상해없음,보행자,남,32세,부상신고
26750,2020102400100297,2020년 10월 24일 13시,토요일,경기도 안산시 단원구 선부동,중상사고,0,1,0,0,차대사람 - 횡단중,신호위반,포장 - 기타,기타,교차로 - 교차로안,이륜,남,26세,상해없음,보행자,여,75세,중상
26751,2020102400100346,2020년 10월 24일 14시,토요일,경기도 오산시 궐동,경상사고,0,0,1,0,차대사람 - 기타,안전운전불이행,포장 - 건조,맑음,단일로 - 기타,승용,남,44세,상해없음,보행자,남,46세,경상
26752,2020102400100351,2020년 10월 24일 14시,토요일,경기도 부천시 고강동,부상신고사고,0,0,0,1,차대사람 - 기타,안전운전불이행,포장 - 건조,맑음,단일로 - 기타,승용,남,29세,상해없음,보행자,남,63세,부상신고
26753,2020102400100450,2020년 10월 24일 16시,토요일,경기도 용인시 수지구 동천동,중상사고,0,1,0,0,차대사람 - 횡단중,신호위반,포장 - 건조,맑음,교차로 - 교차로안,승용,남,71세,상해없음,보행자,여,77세,중상
26754,2020102400100470,2020년 10월 24일 16시,토요일,경기도 의정부시 가능동,경상사고,0,0,1,0,차대사람 - 횡단중,안전운전불이행,포장 - 건조,맑음,교차로 - 교차로부근,이륜,남,71세,상해없음,보행자,남,54세,경상
26755,2020102400100471,2020년 10월 24일 16시,토요일,경기도 파주시 아동동,경상사고,0,0,1,0,차대사람 - 기타,기타,포장 - 건조,맑음,단일로 - 기타,승합,남,59세,상해없음,보행자,여,68세,경상
26756,2020102400100473,2020년 10월 24일 16시,토요일,경기도 포천시 선단동,경상사고,0,0,1,0,차대사람 - 횡단중,신호위반,포장 - 건조,맑음,교차로 - 교차로안,화물,여,61세,상해없음,보행자,남,78세,경상
26757,2020102400100474,2020년 10월 24일 16시,토요일,경기도 포천시 영북면,중상사고,0,1,0,0,차대사람 - 길가장자리구역통행중,안전운전불이행,포장 - 건조,맑음,단일로 - 기타,승용,여,50세,상해없음,보행자,남,7세,중상
26758,2020102400100481,2020년 10월 24일 17시,토요일,경기도 평택시 신대동,중상사고,0,1,0,0,차대사람 - 기타,안전운전불이행,포장 - 건조,맑음,단일로 - 기타,자전거,남,14세,상해없음,보행자,여,60세,중상
26759,2020102400100557,2020년 10월 24일 18시,토요일,경기도 파주시 야당동,경상사고,0,0,1,0,차대사람 - 길가장자리구역통행중,안전운전불이행,포장 - 건조,맑음,단일로 - 기타,자전거,남,44세,상해없음,보행자,여,48세,경상
26760,2020102400100598,2020년 10월 24일 20시,토요일,경기도 수원시 장안구 영화동,경상사고,0,0,1,0,차대사람 - 기타,보행자보호의무위반,포장 - 건조,맑음,교차로 - 교차로부근,승용,여,64세,상해없음,보행자,남,46세,경상
26761,2020102400100599,2020년 10월 24일 20시,토요일,경기도 성남시 수정구 복정동,경상사고,0,0,1,0,차대사람 - 기타,신호위반,포장 - 건조,맑음,단일로 - 기타,승용,남,52세,상해없음,보행자,여,32세,경상
26762,2020102400100604,2020년 10월 24일 20시,토요일,경기도 성남시 중원구 상대원동,부상신고사고,0,0,0,1,차대사람 - 기타,기타,포장 - 건조,맑음,단일로 - 기타,이륜,남,37세,부상신고,보행자,남,45세,상해없음
26763,2020102400100622,2020년 10월 24일 20시,토요일,경기도 의정부시 금오동,경상사고,0,0,1,0,차대사람 - 보도통행중,기타,포장 - 건조,맑음,기타 - 기타,원동기,남,17세,상해없음,보행자,여,51세,경상
26764,2020102400100665,2020년 10월 24일 22시,토요일,경기도 양주시 백석읍,경상사고,0,0,1,0,차대사람 - 기타,안전운전불이행,포장 - 건조,맑음,기타 - 기타,승용,남,40세,상해없음,보행자,남,29세,경상
26765,2020102500100005,2020년 10월 25일 00시,일요일,경기도 수원시 팔달구 인계동,경상사고,0,0,1,0,차대사람 - 기타,안전운전불이행,포장 - 건조,맑음,단일로 - 기타,승용,남,24세,상해없음,보행자,남,34세,경상
26766,2020102500100021,2020년 10월 25일 01시,일요일,경기도 안양시 동안구 관양동,중상사고,0,1,0,0,차대사람 - 횡단중,안전운전불이행,포장 - 건조,맑음,단일로 - 기타,승용,남,54세,상해없음,보행자,여,41세,중상
26767,2020102500100054,2020년 10월 25일 03시,일요일,경기도 고양시 덕양구 화정동,부상신고사고,0,0,0,1,차대사람 - 기타,안전운전불이행,포장 - 건조,맑음,단일로 - 기타,승용,남,51세,상해없음,보행자,남,47세,부상신고
26768,2020102500100069,2020년 10월 25일 05시,일요일,경기도 수원시 팔달구 인계동,경상사고,0,0,1,0,차대사람 - 기타,안전운전불이행,포장 - 건조,맑음,단일로 - 기타,승용,남,51세,상해없음,보행자,남,25세,경상
26769,2020102500100093,2020년 10월 25일 07시,일요일,경기도 남양주시 진건읍,중상사고,0,1,0,0,차대사람 - 기타,안전운전불이행,포장 - 건조,맑음,단일로 - 기타,자전거,남,41세,상해없음,보행자,여,64세,중상
26770,2020102500100094,2020년 10월 25일 07시,일요일,경기도 가평군 설악면,경상사고,0,0,1,0,차대사람 - 횡단중,안전운전불이행,포장 - 건조,맑음,교차로 - 교차로부근,승용,남,43세,상해없음,보행자,여,54세,경상
26771,2020102500100098,2020년 10월 25일 08시,일요일,경기도 광주시 곤지암읍,사망사고,1,0,0,0,차대사람 - 횡단중,신호위반,포장 - 건조,맑음,단일로 - 기타,승합,남,68세,상해없음,보행자,여,91세,사망
26772,2020102500100129,2020년 10월 25일 09시,일요일,경기도 남양주시 호평동,경상사고,0,0,1,0,차대사람 - 기타,안전운전불이행,포장 - 건조,맑음,기타 - 기타,자전거,남,42세,상해없음,보행자,남,43세,경상
26773,2020102500100140,2020년 10월 25일 10시,일요일,경기도 화성시 기산동,중상사고,0,1,0,0,차대사람 - 기타,기타,포장 - 건조,맑음,단일로 - 기타,자전거,남,9세,상해없음,보행자,여,66세,중상
26774,2020102500100225,2020년 10월 25일 13시,일요일,경기도 양평군 용문면,경상사고,0,0,1,0,차대사람 - 기타,안전운전불이행,포장 - 건조,맑음,단일로 - 기타,승합,남,39세,상해없음,보행자,남,83세,경상
26775,2020102500100226,2020년 10월 25일 13시,일요일,경기도 양평군 양평읍,경상사고,0,0,1,0,차대사람 - 기타,안전운전불이행,포장 - 건조,맑음,교차로 - 교차로안,승용,남,78세,상해없음,보행자,남,12세,경상
26776,2020102500100227,2020년 10월 25일 13시,일요일,경기도 부천시 역곡동,경상사고,0,0,1,0,차대사람 - 횡단중,안전운전불이행,포장 - 건조,맑음,단일로 - 기타,화물,남,59세,상해없음,보행자,남,27세,경상
26777,2020102500100231,2020년 10월 25일 13시,일요일,경기도 수원시 팔달구 매산로3가,경상사고,0,0,1,0,차대사람 - 횡단중,안전운전불이행,포장 - 건조,맑음,교차로 - 교차로부근,승용,남,32세,상해없음,보행자,남,84세,경상
26778,2020102500100263,2020년 10월 25일 14시,일요일,경기도 김포시 고촌읍,경상사고,0,0,1,0,차대사람 - 기타,기타,포장 - 건조,맑음,단일로 - 기타,승합,남,54세,상해없음,보행자,여,25세,경상
26779,2020102500100329,2020년 10월 25일 16시,일요일,경기도 수원시 장안구 정자동,경상사고,0,0,1,0,차대사람 - 기타,안전운전불이행,포장 - 건조,맑음,단일로 - 기타,승용,남,41세,상해없음,보행자,여,51세,경상
26780,2020102500100413,2020년 10월 25일 18시,일요일,경기도 수원시 팔달구 팔달로3가,부상신고사고,0,0,0,1,차대사람 - 횡단중,안전운전불이행,포장 - 건조,맑음,단일로 - 기타,승용,남,51세,상해없음,보행자,남,40세,부상신고
26781,2020102500100414,2020년 10월 25일 18시,일요일,경기도 평택시 현덕면,중상사고,0,1,1,0,차대사람 - 횡단중,안전운전불이행,포장 - 건조,맑음,교차로 - 교차로부근,승용,남,67세,상해없음,보행자,남,47세,중상
26782,2020102500100424,2020년 10월 25일 18시,일요일,경기도 화성시 남양읍,중상사고,0,1,0,0,차대사람 - 기타,안전운전불이행,포장 - 건조,맑음,단일로 - 기타,기타불명,기타불명,미분류,기타불명,보행자,남,61세,중상
26783,2020102500100459,2020년 10월 25일 18시,일요일,경기도 의정부시 가능동,중상사고,0,1,0,0,차대사람 - 횡단중,안전운전불이행,포장 - 건조,맑음,교차로 - 교차로부근,이륜,남,24세,상해없음,보행자,남,75세,중상
26784,2020102500100475,2020년 10월 25일 19시,일요일,경기도 부천시 심곡동,경상사고,0,0,1,0,차대사람 - 기타,안전운전불이행,포장 - 건조,맑음,단일로 - 기타,승용,남,31세,상해없음,보행자,여,58세,경상
26785,2020102500100526,2020년 10월 25일 20시,일요일,경기도 의정부시 민락동,부상신고사고,0,0,0,1,차대사람 - 차도통행중,안전운전불이행,포장 - 건조,맑음,교차로 - 교차로안,승용,남,28세,상해없음,보행자,남,51세,부상신고
26786,2020102500100527,2020년 10월 25일 20시,일요일,경기도 의정부시 금오동,중상사고,0,1,0,0,차대사람 - 횡단중,안전운전불이행,포장 - 건조,맑음,교차로 - 교차로횡단보도내,화물,남,64세,상해없음,보행자,남,68세,중상
26787,2020102500100531,2020년 10월 25일 20시,일요일,경기도 파주시 조리읍,경상사고,0,0,1,0,차대사람 - 기타,기타,포장 - 건조,맑음,단일로 - 기타,승용,여,59세,상해없음,보행자,남,45세,경상
26788,2020102500100536,2020년 10월 25일 21시,일요일,경기도 이천시 관고동,중상사고,0,1,0,0,차대사람 - 기타,안전운전불이행,포장 - 건조,맑음,단일로 - 기타,승용,남,62세,상해없음,보행자,남,59세,중상
26789,2020102500100541,2020년 10월 25일 21시,일요일,경기도 시흥시 정왕동,경상사고,0,0,1,0,차대사람 - 기타,안전운전불이행,포장 - 건조,맑음,단일로 - 기타,승용,남,27세,상해없음,보행자,남,25세,경상
26790,2020102600100044,2020년 10월 26일 06시,월요일,경기도 부천시 상동,중상사고,0,1,0,0,차대사람 - 횡단중,보행자보호의무위반,포장 - 건조,맑음,교차로 - 교차로안,승용,남,68세,상해없음,보행자,여,59세,중상
26791,2020102600100068,2020년 10월 26일 07시,월요일,경기도 용인시 수지구 풍덕천동,중상사고,0,1,0,0,차대사람 - 기타,기타,포장 - 건조,맑음,단일로 - 기타,승합,남,67세,상해없음,보행자,여,54세,중상
26792,2020102600100088,2020년 10월 26일 07시,월요일,경기도 고양시 일산서구 일산동,중상사고,0,1,0,0,차대사람 - 기타,안전운전불이행,포장 - 건조,맑음,교차로 - 교차로횡단보도내,화물,남,57세,상해없음,보행자,남,71세,중상
26793,2020102600100106,2020년 10월 26일 08시,월요일,경기도 김포시 고촌읍,중상사고,0,1,0,0,차대사람 - 기타,기타,포장 - 건조,맑음,기타 - 기타,승합,남,49세,상해없음,보행자,여,76세,중상
26794,2020102600100107,2020년 10월 26일 08시,월요일,경기도 부천시 괴안동,중상사고,0,1,0,0,차대사람 - 기타,보행자보호의무위반,포장 - 건조,맑음,교차로 - 교차로부근,승용,여,51세,상해없음,보행자,여,38세,중상
26795,2020102600100153,2020년 10월 26일 08시,월요일,경기도 고양시 덕양구 성사동,경상사고,0,0,1,0,차대사람 - 횡단중,안전운전불이행,포장 - 기타,맑음,단일로 - 기타,승용,여,59세,상해없음,보행자,남,76세,경상