,사고번호,사고일시,요일,시군구,사고내용,사망자수,중상자수,경상자수,부상신고자수,사고유형,법규위반,노면상태,기상상태,도로형태,가해운전자 차종,가해운전자 성별,가해운전자 연령,가해운전자 상해정도,피해운전자 차종,피해운전자 성별,피해운전자 연령,피해운전자 상해정도
26908,2020103000100317,2020년 10월 30일 13시,금요일,경기도 성남시 분당구 수내동,경상사고,0,0,1,0,차대사람 - 횡단중,보행자보호의무위반,포장 - 건조,맑음,교차로 - 교차로횡단보도내,승용,여,42세,상해없음,보행자,남,74세,경상
26909,2020103000100319,2020년 10월 30일 13시,금요일,경기도 용인시 수지구 상현동,중상사고,0,1,0,0,차대사람 - 기타,기타,포장 - 건조,맑음,교차로 - 교차로횡단보도내,건설기계,남,63세,상해없음,보행자,여,8세,중상
26910,2020103000100348,2020년 10월 30일 13시,금요일,경기도 양주시 장흥면,부상신고사고,0,0,0,1,차대사람 - 횡단중,신호위반,포장 - 건조,맑음,교차로 - 교차로안,화물,남,55세,상해없음,보행자,남,22세,부상신고
26911,2020103000100398,2020년 10월 30일 15시,금요일,경기도 용인시 처인구 포곡읍,중상사고,0,1,0,0,차대사람 - 횡단중,보행자보호의무위반,포장 - 건조,맑음,단일로 - 기타,승용,여,43세,상해없음,보행자,여,71세,중상
26912,2020103000100404,2020년 10월 30일 15시,금요일,경기도 화성시 서신면,사망사고,1,0,0,0,차대사람 - 횡단중,안전운전불이행,포장 - 건조,맑음,단일로 - 기타,화물,남,60세,상해없음,보행자,남,25세,사망
26913,2020103000100431,2020년 10월 30일 15시,금요일,경기도 파주시 금촌동,중상사고,0,1,0,0,차대사람 - 횡단중,보행자보호의무위반,포장 - 건조,맑음,교차로 - 교차로안,이륜,남,37세,상해없음,보행자,여,60세,중상
26914,2020103000100441,2020년 10월 30일 16시,금요일,경기도 평택시 비전동,중상사고,0,1,0,0,차대사람 - 기타,안전운전불이행,포장 - 기타,맑음,기타 - 기타,승용,여,78세,상해없음,보행자,남,79세,중상
26915,2020103000100450,2020년 10월 30일 16시,금요일,경기도 수원시 권선구 세류동,경상사고,0,0,1,0,차대사람 - 기타,안전운전불이행,포장 - 건조,맑음,단일로 - 기타,승용,남,23세,상해없음,보행자,남,11세,경상
26916,2020103000100496,2020년 10월 30일 17시,금요일,경기도 광주시 역동,경상사고,0,0,1,0,차대사람 - 기타,안전운전불이행,포장 - 건조,맑음,단일로 - 기타,승용,남,66세,상해없음,보행자,남,64세,경상
26917,2020103000100560,2020년 10월 30일 18시,금요일,경기도 부천시 중동,경상사고,0,0,1,0,차대사람 - 기타,안전운전불이행,포장 - 기타,맑음,기타 - 기타,개인형이동수단(PM),남,16세,기타불명,보행자,여,22세,경상
26918,2020103000100618,2020년 10월 30일 18시,금요일,경기도 남양주시 진접읍,경상사고,0,0,1,0,차대사람 - 기타,기타,포장 - 건조,맑음,기타 - 기타,자전거,남,67세,상해없음,보행자,여,51세,경상
26919,2020103000100744,2020년 10월 30일 21시,금요일,경기도 파주시 목동동,부상신고사고,0,0,0,1,차대사람 - 횡단중,보행자보호의무위반,포장 - 건조,맑음,교차로 - 교차로부근,기타불명,기타불명,미분류,기타불명,보행자,남,13세,부상신고
26920,2020103000100793,2020년 10월 30일 23시,금요일,경기도 평택시 평택동,경상사고,0,0,1,0,차대사람 - 기타,안전운전불이행,포장 - 건조,맑음,교차로 - 교차로안,승용,남,20세,상해없음,보행자,남,26세,경상
26921,2020103100100010,2020년 10월 31일 00시,토요일,경기도 수원시 팔달구 교동,경상사고,0,0,1,0,차대사람 - 횡단중,안전운전불이행,포장 - 건조,맑음,교차로 - 교차로안,화물,남,60세,상해없음,보행자,남,31세,경상
26922,2020103100100024,2020년 10월 31일 01시,토요일,경기도 성남시 중원구 상대원동,부상신고사고,0,0,0,1,차대사람 - 기타,안전운전불이행,포장 - 건조,맑음,기타 - 기타,기타불명,기타불명,미분류,기타불명,보행자,여,27세,부상신고
26923,2020103100100026,2020년 10월 31일 01시,토요일,경기도 안양시 만안구 박달동,중상사고,0,1,2,0,차대사람 - 길가장자리구역통행중,신호위반,포장 - 건조,맑음,교차로 - 교차로부근,승용,남,28세,상해없음,보행자,남,30세,경상
26924,2020103100100035,2020년 10월 31일 01시,토요일,경기도 고양시 일산서구 주엽동,중상사고,0,1,0,0,차대사람 - 횡단중,안전운전불이행,포장 - 건조,맑음,교차로 - 교차로횡단보도내,승용,남,64세,상해없음,보행자,여,26세,중상
26925,2020103100100040,2020년 10월 31일 02시,토요일,경기도 수원시 권선구 금곡동,사망사고,1,0,0,0,차대사람 - 기타,중앙선침범,포장 - 건조,맑음,단일로 - 기타,승용,남,45세,기타불명,보행자,남,51세,사망
26926,2020103100100068,2020년 10월 31일 05시,토요일,경기도 수원시 팔달구 인계동,부상신고사고,0,0,0,1,차대사람 - 기타,안전운전불이행,포장 - 건조,맑음,단일로 - 기타,승용,남,27세,상해없음,보행자,남,20세,부상신고
26927,2020103100100109,2020년 10월 31일 08시,토요일,경기도 안산시 상록구 성포동,중상사고,0,1,0,0,차대사람 - 횡단중,보행자보호의무위반,포장 - 건조,맑음,교차로 - 교차로횡단보도내,승용,남,67세,상해없음,보행자,여,82세,중상
26928,2020103100100129,2020년 10월 31일 09시,토요일,경기도 수원시 장안구 영화동,경상사고,0,0,1,0,차대사람 - 기타,안전운전불이행,포장 - 건조,맑음,단일로 - 기타,화물,여,52세,상해없음,보행자,여,31세,경상
26929,2020103100100132,2020년 10월 31일 09시,토요일,경기도 용인시 처인구 양지면,중상사고,0,1,0,0,차대사람 - 횡단중,안전운전불이행,포장 - 건조,맑음,단일로 - 기타,화물,남,55세,상해없음,보행자,남,58세,중상
26930,2020103100100167,2020년 10월 31일 10시,토요일,경기도 평택시 서정동,경상사고,0,0,1,0,차대사람 - 기타,안전운전불이행,포장 - 건조,맑음,단일로 - 기타,화물,남,57세,상해없음,보행자,여,47세,경상
26931,2020103100100171,2020년 10월 31일 10시,토요일,경기도 양평군 양평읍,경상사고,0,0,1,0,차대사람 - 기타,안전운전불이행,포장 - 건조,맑음,단일로 - 기타,자전거,남,43세,상해없음,보행자,남,55세,경상
26932,2020103100100195,2020년 10월 31일 10시,토요일,경기도 남양주시 화도읍,중상사고,0,1,0,0,차대사람 - 횡단중,안전운전불이행,포장 - 건조,맑음,주차장 - 주차장,화물,남,66세,상해없음,보행자,여,68세,중상
26933,2020103100100207,2020년 10월 31일 11시,토요일,경기도 여주시 하동,부상신고사고,0,0,0,1,차대사람 - 차도통행중,안전운전불이행,포장 - 건조,맑음,교차로 - 교차로안,화물,남,28세,상해없음,보행자,남,61세,부상신고
26934,2020103100100280,2020년 10월 31일 12시,토요일,경기도 가평군 가평읍,경상사고,0,0,1,0,차대사람 - 횡단중,안전운전불이행,포장 - 건조,맑음,단일로 - 기타,승용,남,30세,상해없음,보행자,남,11세,경상
26935,2020103100100298,2020년 10월 31일 13시,토요일,경기도 의왕시 왕곡동,경상사고,0,0,1,0,차대사람 - 기타,안전운전불이행,포장 - 건조,맑음,단일로 - 기타,승용,남,66세,기타불명,보행자,여,28세,경상
26936,2020103100100350,2020년 10월 31일 14시,토요일,경기도 수원시 권선구 탑동,중상사고,0,1,0,0,차대사람 - 보도통행중,기타,포장 - 건조,맑음,기타 - 기타,기타불명,기타불명,미분류,기타불명,보행자,여,83세,중상
26937,2020103100100406,2020년 10월 31일 15시,토요일,경기도 의정부시 의정부동,중상사고,0,1,0,0,차대사람 - 기타,안전운전불이행,포장 - 건조,맑음,단일로 - 기타,승용,남,72세,상해없음,보행자,여,29세,중상
26938,2020103100100418,2020년 10월 31일 16시,토요일,경기도 시흥시 논곡동,중상사고,0,1,0,0,차대사람 - 기타,안전운전불이행,포장 - 건조,맑음,교차로 - 교차로안,승용,여,46세,상해없음,보행자,남,67세,중상
26939,2020103100100452,2020년 10월 31일 17시,토요일,경기도 광명시 철산동,경상사고,0,0,1,0,차대사람 - 보도통행중,기타,포장 - 건조,맑음,기타 - 기타,자전거,남,13세,상해없음,보행자,여,45세,경상
26940,2020103100100453,2020년 10월 31일 17시,토요일,경기도 안산시 단원구 원곡동,중상사고,0,1,0,0,차대사람 - 기타,안전운전불이행,포장 - 건조,맑음,단일로 - 기타,승합,남,40세,상해없음,보행자,남,63세,중상
26941,2020103100100454,2020년 10월 31일 17시,토요일,경기도 수원시 팔달구 매산로3가,경상사고,0,0,1,0,차대사람 - 횡단중,보행자보호의무위반,포장 - 건조,맑음,교차로 - 교차로횡단보도내,이륜,남,49세,상해없음,보행자,여,35세,경상
26942,2020103100100503,2020년 10월 31일 18시,토요일,경기도 안양시 동안구 관양동,사망사고,1,1,0,0,차대사람 - 횡단중,신호위반,포장 - 건조,맑음,교차로 - 교차로횡단보도내,원동기,남,16세,상해없음,보행자,남,71세,사망
26943,2020103100100506,2020년 10월 31일 18시,토요일,경기도 광주시 중대동,경상사고,0,0,1,0,차대사람 - 횡단중,보행자보호의무위반,포장 - 건조,맑음,단일로 - 기타,승용,남,40세,상해없음,보행자,여,14세,경상
26944,2020103100100566,2020년 10월 31일 19시,토요일,경기도 수원시 팔달구 인계동,중상사고,0,1,0,0,차대사람 - 차도통행중,기타,포장 - 건조,맑음,기타 - 기타,이륜,남,32세,상해없음,보행자,여,8세,중상
26945,2020103100100568,2020년 10월 31일 19시,토요일,경기도 수원시 권선구 탑동,경상사고,0,0,1,0,차대사람 - 기타,안전운전불이행,포장 - 건조,맑음,단일로 - 기타,승용,남,60세,상해없음,보행자,남,38세,경상
26946,2020103100100594,2020년 10월 31일 19시,토요일,경기도 의정부시 의정부동,경상사고,0,0,1,0,차대사람 - 길가장자리구역통행중,안전운전불이행,포장 - 건조,맑음,단일로 - 기타,승용,남,18세,상해없음,보행자,여,31세,경상
26947,2020103100100606,2020년 10월 31일 20시,토요일,경기도 시흥시 정왕동,경상사고,0,0,1,0,차대사람 - 보도통행중,기타,포장 - 건조,맑음,단일로 - 기타,이륜,남,34세,상해없음,보행자,남,7세,경상
26948,2020103100100662,2020년 10월 31일 22시,토요일,경기도 광주시 오포읍,경상사고,0,0,1,0,차대사람 - 기타,안전운전불이행,포장 - 건조,맑음,교차로 - 교차로부근,승용,남,46세,상해없음,보행자,여,29세,경상
26949,2020103100100665,2020년 10월 31일 22시,토요일,경기도 화성시 봉담읍,경상사고,0,0,1,0,차대사람 - 기타,안전운전불이행,포장 - 건조,맑음,기타 - 기타,승용,남,64세,상해없음,보행자,남,34세,경상
26950,2020103100100683,2020년 10월 31일 22시,토요일,경기도 의정부시 의정부동,경상사고,0,0,1,0,차대사람 - 기타,안전운전불이행,포장 - 건조,맑음,교차로 - 교차로안,승용,남,28세,상해없음,보행자,남,53세,경상
26951,2020110100100005,2020년 11월 1일 00시,일요일,경기도 시흥시 정왕동,경상사고,0,0,1,0,차대사람 - 횡단중,보행자보호의무위반,포장 - 건조,맑음,교차로 - 교차로횡단보도내,승용,남,41세,상해없음,보행자,남,57세,경상
26952,2020110100100038,2020년 11월 1일 03시,일요일,경기도 시흥시 계수동,중상사고,0,1,2,0,차대사람 - 차도통행중,안전운전불이행,포장 - 건조,맑음,단일로 - 기타,승용,남,50세,상해없음,보행자,남,52세,중상
26953,2020110100100067,2020년 11월 1일 05시,일요일,경기도 과천시 문원동,사망사고,1,0,0,0,차대사람 - 차도통행중,안전운전불이행,포장 - 젖음/습기,비,단일로 - 기타,승용,남,76세,상해없음,보행자,남,37세,사망
26954,2020110100100126,2020년 11월 1일 10시,일요일,경기도 오산시 원동,중상사고,0,1,0,0,차대사람 - 기타,안전운전불이행,포장 - 건조,맑음,교차로 - 교차로횡단보도내,승용,남,30세,상해없음,보행자,여,78세,중상
26955,2020110100100179,2020년 11월 1일 12시,일요일,경기도 화성시 능동,중상사고,0,1,0,0,차대사람 - 기타,안전운전불이행,포장 - 건조,맑음,단일로 - 기타,승용,남,35세,상해없음,보행자,남,36세,중상
26956,2020110100100344,2020년 11월 1일 17시,일요일,경기도 안산시 상록구 사동,경상사고,0,0,1,0,차대사람 - 횡단중,안전운전불이행,포장 - 건조,맑음,교차로 - 교차로횡단보도내,화물,남,62세,상해없음,보행자,여,15세,경상
26957,2020110100100346,2020년 11월 1일 17시,일요일,경기도 하남시 신장동,중상사고,0,1,0,0,차대사람 - 횡단중,안전운전불이행,포장 - 건조,맑음,교차로 - 교차로안,승용,여,36세,상해없음,보행자,여,80세,중상
26958,2020110100100426,2020년 11월 1일 19시,일요일,경기도 광명시 하안동,경상사고,0,0,1,0,차대사람 - 횡단중,신호위반,포장 - 건조,맑음,교차로 - 교차로횡단보도내,승용,남,37세,상해없음,보행자,여,71세,경상
26959,2020110100100522,2020년 11월 1일 23시,일요일,경기도 용인시 처인구 김량장동,경상사고,0,0,1,0,차대사람 - 횡단중,보행자보호의무위반,포장 - 젖음/습기,기타,교차로 - 교차로횡단보도내,승합,남,68세,상해없음,보행자,여,20세,경상
26960,2020110200100038,2020년 11월 2일 05시,월요일,경기도 안양시 동안구 비산동,중상사고,0,1,0,0,차대사람 - 횡단중,신호위반,포장 - 건조,맑음,교차로 - 교차로횡단보도내,승합,남,68세,상해없음,보행자,남,19세,중상
26961,2020110200100042,2020년 11월 2일 05시,월요일,경기도 수원시 권선구 세류동,중상사고,0,1,0,0,차대사람 - 기타,보행자보호의무위반,포장 - 건조,맑음,교차로 - 교차로횡단보도내,화물,남,58세,상해없음,보행자,여,52세,중상
26962,2020110200100043,2020년 11월 2일 05시,월요일,경기도 시흥시 신천동,경상사고,0,0,1,0,차대사람 - 기타,안전운전불이행,포장 - 건조,맑음,단일로 - 기타,기타불명,기타불명,미분류,기타불명,보행자,남,40세,경상
26963,2020110200100058,2020년 11월 2일 06시,월요일,경기도 김포시 감정동,중상사고,0,1,0,0,차대사람 - 횡단중,신호위반,포장 - 건조,맑음,교차로 - 교차로횡단보도내,승용,여,59세,상해없음,보행자,여,32세,중상
26964,2020110200100077,2020년 11월 2일 07시,월요일,경기도 부천시 심곡동,경상사고,0,0,1,0,차대사람 - 기타,안전운전불이행,포장 - 건조,맑음,교차로 - 교차로안,화물,남,36세,상해없음,보행자,여,22세,경상
26965,2020110200100113,2020년 11월 2일 08시,월요일,경기도 화성시 향남읍,경상사고,0,0,1,0,차대사람 - 차도통행중,안전운전불이행,포장 - 건조,맑음,교차로 - 교차로부근,승용,남,25세,상해없음,보행자,여,17세,경상
26966,2020110200100167,2020년 11월 2일 09시,월요일,경기도 파주시 조리읍,사망사고,1,0,0,0,차대사람 - 횡단중,안전운전불이행,포장 - 건조,맑음,교차로 - 교차로안,화물,남,37세,상해없음,보행자,여,78세,사망
26967,2020110200100175,2020년 11월 2일 10시,월요일,경기도 안양시 동안구 비산동,중상사고,0,1,0,0,차대사람 - 횡단중,신호위반,포장 - 건조,맑음,교차로 - 교차로횡단보도내,승용,여,63세,상해없음,보행자,여,70세,중상
26968,2020110200100177,2020년 11월 2일 10시,월요일,경기도 용인시 기흥구 구갈동,중상사고,0,1,0,0,차대사람 - 횡단중,보행자보호의무위반,포장 - 건조,맑음,단일로 - 기타,승용,남,73세,상해없음,보행자,남,88세,중상
26969,2020110200100180,2020년 11월 2일 10시,월요일,경기도 수원시 권선구 당수동,경상사고,0,0,1,0,차대사람 - 기타,안전운전불이행,포장 - 건조,맑음,단일로 - 기타,승용,남,55세,상해없음,보행자,여,83세,경상
26970,2020110200100246,2020년 11월 2일 12시,월요일,경기도 김포시 마산동,중상사고,0,1,0,0,차대사람 - 기타,기타,포장 - 건조,맑음,기타 - 기타,승용,여,36세,상해없음,보행자,여,45세,중상
26971,2020110200100247,2020년 11월 2일 12시,월요일,경기도 부천시 심곡동,중상사고,0,1,1,0,차대사람 - 기타,안전운전불이행,포장 - 건조,맑음,단일로 - 기타,승용,여,49세,상해없음,보행자,남,53세,중상
26972,2020110200100249,2020년 11월 2일 12시,월요일,경기도 군포시 대야미동,경상사고,0,0,1,0,차대사람 - 기타,안전운전불이행,포장 - 건조,맑음,단일로 - 기타,승용,남,62세,기타불명,보행자,여,23세,경상
26973,2020110200100252,2020년 11월 2일 12시,월요일,경기도 안양시 만안구 석수동,경상사고,0,0,1,0,차대사람 - 기타,기타,포장 - 건조,맑음,기타 - 기타,승합,남,61세,상해없음,보행자,여,74세,경상
26974,2020110200100287,2020년 11월 2일 13시,월요일,경기도 광주시 경안동,경상사고,0,0,1,0,차대사람 - 기타,안전운전불이행,포장 - 건조,맑음,교차로 - 교차로안,승용,여,51세,상해없음,보행자,남,41세,경상
26975,2020110200100306,2020년 11월 2일 13시,월요일,경기도 남양주시 진접읍,중상사고,0,1,0,0,차대사람 - 보도통행중,보행자보호의무위반,포장 - 건조,맑음,교차로 - 교차로안,화물,남,57세,상해없음,보행자,남,81세,중상
26976,2020110200100359,2020년 11월 2일 15시,월요일,경기도 안산시 상록구 본오동,경상사고,0,0,1,0,차대사람 - 기타,안전운전불이행,포장 - 건조,맑음,단일로 - 기타,승용,여,40세,상해없음,보행자,남,31세,경상
26977,2020110200100382,2020년 11월 2일 15시,월요일,경기도 남양주시 다산동,경상사고,0,0,1,0,차대사람 - 횡단중,보행자보호의무위반,포장 - 건조,맑음,교차로 - 교차로횡단보도내,승용,남,46세,상해없음,보행자,남,79세,경상
26978,2020110200100391,2020년 11월 2일 16시,월요일,경기도 안양시 동안구 비산동,중상사고,0,1,0,0,차대사람 - 기타,안전운전불이행,포장 - 건조,맑음,교차로 - 교차로부근,승용,여,57세,상해없음,보행자,여,74세,중상
26979,2020110200100415,2020년 11월 2일 16시,월요일,경기도 의정부시 의정부동,경상사고,0,0,1,0,차대사람 - 기타,안전운전불이행,포장 - 건조,맑음,단일로 - 기타,승용,남,48세,상해없음,보행자,여,68세,경상
26980,2020110200100416,2020년 11월 2일 16시,월요일,경기도 파주시 야당동,경상사고,0,0,1,0,차대사람 - 기타,안전운전불이행,포장 - 건조,맑음,단일로 - 기타,승용,남,63세,상해없음,보행자,여,64세,경상
26981,2020110200100435,2020년 11월 2일 17시,월요일,경기도 수원시 권선구 권선동,경상사고,0,0,1,0,차대사람 - 기타,안전운전불이행,포장 - 건조,맑음,단일로 - 기타,승용,남,37세,상해없음,보행자,남,23세,경상
26982,2020110200100485,2020년 11월 2일 18시,월요일,경기도 광주시 오포읍,중상사고,0,1,0,0,차대사람 - 횡단중,보행자보호의무위반,포장 - 건조,맑음,교차로 - 교차로부근,이륜,남,17세,상해없음,보행자,여,56세,중상
26983,2020110200100536,2020년 11월 2일 18시,월요일,경기도 남양주시 화도읍,경상사고,0,0,1,0,차대사람 - 횡단중,안전운전불이행,포장 - 건조,맑음,단일로 - 기타,화물,남,27세,상해없음,보행자,여,61세,경상
26984,2020110200100550,2020년 11월 2일 19시,월요일,경기도 수원시 팔달구 우만동,중상사고,0,1,0,0,차대사람 - 기타,안전운전불이행,포장 - 건조,맑음,교차로 - 교차로안,승합,남,65세,상해없음,보행자,남,38세,중상
26985,2020110200100552,2020년 11월 2일 19시,월요일,경기도 용인시 처인구 김량장동,경상사고,0,0,1,0,차대사람 - 차도통행중,안전운전불이행,포장 - 건조,맑음,단일로 - 기타,승용,남,55세,상해없음,보행자,남,58세,경상
26986,2020110200100554,2020년 11월 2일 19시,월요일,경기도 양평군 옥천면,경상사고,0,0,1,0,차대사람 - 기타,안전운전불이행,포장 - 건조,맑음,기타 - 기타,자전거,남,54세,상해없음,보행자,남,59세,경상
26987,2020110200100557,2020년 11월 2일 19시,월요일,경기도 성남시 분당구 야탑동,경상사고,0,0,1,0,차대사람 - 기타,보행자보호의무위반,포장 - 건조,맑음,교차로 - 교차로안,승용,남,21세,상해없음,보행자,여,30세,경상
26988,2020110200100558,2020년 11월 2일 19시,월요일,경기도 시흥시 신천동,경상사고,0,0,1,0,차대사람 - 기타,안전운전불이행,포장 - 건조,맑음,단일로 - 기타,승용,남,61세,상해없음,보행자,남,52세,경상
26989,2020110200100595,2020년 11월 2일 20시,월요일,경기도 평택시 포승읍,경상사고,0,0,1,0,차대사람 - 기타,안전운전불이행,포장 - 건조,맑음,단일로 - 기타,승용,남,35세,상해없음,보행자,남,33세,경상
26990,2020110200100597,2020년 11월 2일 20시,월요일,경기도 김포시 구래동,경상사고,0,0,1,0,차대사람 - 횡단중,보행자보호의무위반,포장 - 건조,맑음,교차로 - 교차로횡단보도내,원동기,남,64세,상해없음,보행자,여,30세,경상
26991,2020110200100598,2020년 11월 2일 20시,월요일,경기도 안산시 단원구 원곡동,중상사고,0,1,0,0,차대사람 - 기타,기타,포장 - 건조,맑음,단일로 - 기타,승합,남,51세,상해없음,보행자,남,55세,중상
26992,2020110200100617,2020년 11월 2일 20시,월요일,경기도 의정부시 의정부동,경상사고,0,0,1,0,차대사람 - 길가장자리구역통행중,안전운전불이행,포장 - 건조,맑음,교차로 - 교차로안,원동기,남,28세,상해없음,보행자,여,53세,경상
26993,2020110200100618,2020년 11월 2일 20시,월요일,경기도 의정부시 의정부동,경상사고,0,0,1,0,차대사람 - 기타,안전운전불이행,포장 - 건조,맑음,교차로 - 교차로부근,승용,여,35세,상해없음,보행자,남,39세,경상
26994,2020110200100636,2020년 11월 2일 21시,월요일,경기도 남양주시 다산동,경상사고,0,0,1,0,차대사람 - 기타,안전운전불이행,포장 - 건조,맑음,교차로 - 교차로부근,승용,여,34세,상해없음,보행자,남,18세,경상
26995,2020110300100007,2020년 11월 3일 00시,화요일,경기도 용인시 처인구 김량장동,중상사고,0,1,1,0,차대사람 - 기타,안전운전불이행,포장 - 젖음/습기,비,단일로 - 기타,이륜,남,41세,경상,보행자,남,69세,중상
26996,2020110300100008,2020년 11월 3일 00시,화요일,경기도 부천시 중동,경상사고,0,0,1,0,차대사람 - 횡단중,보행자보호의무위반,포장 - 젖음/습기,흐림,단일로 - 기타,승용,남,63세,상해없음,보행자,남,32세,경상
26997,2020110300100011,2020년 11월 3일 00시,화요일,경기도 시흥시 월곶동,경상사고,0,0,1,0,차대사람 - 기타,안전운전불이행,포장 - 젖음/습기,비,교차로 - 교차로안,승용,여,48세,상해없음,보행자,남,50세,경상
26998,2020110300100018,2020년 11월 3일 01시,화요일,경기도 수원시 권선구 금곡동,부상신고사고,0,0,0,1,차대사람 - 기타,안전운전불이행,포장 - 젖음/습기,비,교차로 - 교차로안,승용,남,40세,상해없음,보행자,남,57세,부상신고
26999,2020110300100043,2020년 11월 3일 05시,화요일,경기도 부천시 심곡본동,경상사고,0,0,1,0,차대사람 - 기타,안전운전불이행,포장 - 기타,흐림,교차로 - 교차로안,승용,남,46세,상해없음,보행자,남,49세,경상
27000,2020110300100055,2020년 11월 3일 06시,화요일,경기도 화성시 반송동,중상사고,0,1,0,0,차대사람 - 횡단중,안전운전불이행,포장 - 건조,맑음,단일로 - 기타,승용,남,77세,상해없음,보행자,여,67세,중상
27001,2020110300100102,2020년 11월 3일 08시,화요일,경기도 김포시 통진읍,중상사고,0,1,0,0,차대사람 - 기타,안전운전불이행,포장 - 건조,맑음,단일로 - 기타,승용,남,42세,상해없음,보행자,여,51세,중상
27002,2020110300100103,2020년 11월 3일 08시,화요일,경기도 양평군 양평읍,경상사고,0,0,1,0,차대사람 - 기타,안전운전불이행,포장 - 건조,맑음,단일로 - 기타,승용,여,46세,상해없음,보행자,남,9세,경상
27003,2020110300100107,2020년 11월 3일 08시,화요일,경기도 안산시 단원구 와동,경상사고,0,0,1,0,차대사람 - 기타,안전운전불이행,포장 - 기타,기타,기타 - 기타,자전거,기타불명,미분류,기타불명,보행자,남,16세,경상
27004,2020110300100154,2020년 11월 3일 09시,화요일,경기도 이천시 부발읍,사망사고,1,0,0,0,차대사람 - 차도통행중,안전운전불이행,포장 - 건조,맑음,교차로 - 교차로부근,승용,여,51세,상해없음,보행자,남,2세,사망
27005,2020110300100155,2020년 11월 3일 09시,화요일,경기도 광주시 초월읍,중상사고,0,1,0,0,차대사람 - 길가장자리구역통행중,안전운전불이행,포장 - 건조,맑음,단일로 - 기타,승용,남,70세,상해없음,보행자,여,63세,중상
27006,2020110300100157,2020년 11월 3일 09시,화요일,경기도 부천시 심곡동,경상사고,0,0,1,0,차대사람 - 횡단중,안전운전불이행,포장 - 건조,맑음,단일로 - 기타,승용,여,25세,상해없음,보행자,여,50세,경상
27007,2020110300100159,2020년 11월 3일 09시,화요일,경기도 성남시 중원구 상대원동,중상사고,0,1,0,0,차대사람 - 기타,안전운전불이행,포장 - 건조,맑음,단일로 - 기타,기타불명,기타불명,미분류,기타불명,보행자,남,46세,중상
27008,2020110300100192,2020년 11월 3일 09시,화요일,경기도 양주시 덕정동,경상사고,0,0,1,0,차대사람 - 차도통행중,안전운전불이행,포장 - 건조,맑음,단일로 - 기타,승용,남,55세,상해없음,보행자,남,20세,경상
27009,2020110300100193,2020년 11월 3일 09시,화요일,경기도 구리시 수택동,중상사고,0,1,0,0,차대사람 - 횡단중,보행자보호의무위반,포장 - 건조,맑음,단일로 - 기타,승용,여,50세,상해없음,보행자,여,78세,중상
27010,2020110300100224,2020년 11월 3일 10시,화요일,경기도 의정부시 가능동,경상사고,0,0,1,0,차대사람 - 횡단중,신호위반,포장 - 건조,맑음,단일로 - 기타,화물,남,56세,상해없음,보행자,남,75세,경상
27011,2020110300100226,2020년 11월 3일 10시,화요일,경기도 구리시 교문동,중상사고,0,1,0,0,차대사람 - 횡단중,보행자보호의무위반,포장 - 건조,맑음,교차로 - 교차로안,승용,여,44세,상해없음,보행자,여,61세,중상
27012,2020110300100227,2020년 11월 3일 10시,화요일,경기도 구리시 수택동,중상사고,0,1,0,0,차대사람 - 기타,보행자보호의무위반,포장 - 건조,맑음,교차로 - 교차로부근,승용,여,56세,상해없음,보행자,남,52세,중상
27013,2020110300100268,2020년 11월 3일 12시,화요일,경기도 수원시 팔달구 인계동,경상사고,0,0,1,0,차대사람 - 보도통행중,기타,포장 - 건조,맑음,단일로 - 기타,승합,남,60세,상해없음,보행자,여,53세,경상
27014,2020110300100293,2020년 11월 3일 12시,화요일,경기도 고양시 일산서구 대화동,중상사고,0,1,0,0,차대사람 - 기타,안전운전불이행,포장 - 건조,맑음,단일로 - 기타,화물,남,51세,상해없음,보행자,여,69세,중상
27015,2020110300100303,2020년 11월 3일 13시,화요일,경기도 수원시 팔달구 지동,경상사고,0,0,1,0,차대사람 - 기타,안전운전불이행,포장 - 건조,맑음,단일로 - 교량,승용,여,53세,상해없음,보행자,여,61세,경상
27016,2020110300100326,2020년 11월 3일 13시,화요일,경기도 구리시 인창동,사망사고,1,0,0,0,차대사람 - 횡단중,보행자보호의무위반,포장 - 건조,맑음,단일로 - 기타,화물,남,37세,상해없음,보행자,여,75세,사망
27017,2020110300100357,2020년 11월 3일 14시,화요일,경기도 고양시 일산동구 백석동,경상사고,0,0,1,0,차대사람 - 기타,안전운전불이행,포장 - 건조,맑음,단일로 - 기타,승용,남,54세,상해없음,보행자,남,32세,경상
27018,2020110300100369,2020년 11월 3일 15시,화요일,경기도 이천시 신둔면,경상사고,0,0,2,0,차대사람 - 기타,불법유턴,포장 - 건조,맑음,주차장 - 주차장,승용,남,46세,상해없음,보행자,여,42세,경상
27019,2020110300100412,2020년 11월 3일 16시,화요일,경기도 수원시 팔달구 화서동,경상사고,0,0,1,0,차대사람 - 횡단중,안전운전불이행,포장 - 건조,맑음,교차로 - 교차로부근,승용,남,50세,상해없음,보행자,여,77세,경상
27020,2020110300100418,2020년 11월 3일 16시,화요일,경기도 부천시 소사동,경상사고,0,0,1,0,차대사람 - 기타,안전운전불이행,포장 - 기타,맑음,기타 - 기타,승용,남,69세,상해없음,보행자,여,60세,경상