,사고번호,사고일시,요일,시군구,사고내용,사망자수,중상자수,경상자수,부상신고자수,사고유형,법규위반,노면상태,기상상태,도로형태,가해운전자 차종,가해운전자 성별,가해운전자 연령,가해운전자 상해정도,피해운전자 차종,피해운전자 성별,피해운전자 연령,피해운전자 상해정도
27134,2020110700100175,2020년 11월 7일 10시,토요일,경기도 구리시 수택동,중상사고,0,1,0,0,차대사람 - 보도통행중,안전운전불이행,포장 - 건조,맑음,기타 - 기타,화물,남,69세,상해없음,보행자,여,83세,중상
27135,2020110700100190,2020년 11월 7일 11시,토요일,경기도 광주시 송정동,경상사고,0,0,1,0,차대사람 - 기타,안전운전불이행,포장 - 건조,맑음,기타 - 기타,이륜,남,63세,상해없음,보행자,남,48세,경상
27136,2020110700100237,2020년 11월 7일 12시,토요일,경기도 용인시 처인구 고림동,경상사고,0,0,1,0,차대사람 - 차도통행중,안전운전불이행,포장 - 건조,맑음,단일로 - 기타,승용,여,42세,상해없음,보행자,여,66세,경상
27137,2020110700100241,2020년 11월 7일 12시,토요일,경기도 광명시 하안동,중상사고,0,1,0,0,차대사람 - 보도통행중,기타,포장 - 건조,맑음,교차로 - 교차로부근,승용,여,62세,상해없음,보행자,여,68세,중상
27138,2020110700100406,2020년 11월 7일 16시,토요일,경기도 부천시 소사본동,중상사고,0,1,0,0,차대사람 - 횡단중,보행자보호의무위반,포장 - 건조,맑음,교차로 - 교차로안,화물,남,60세,상해없음,보행자,여,68세,중상
27139,2020110700100502,2020년 11월 7일 18시,토요일,경기도 수원시 영통구 매탄동,경상사고,0,0,1,0,차대사람 - 기타,안전운전불이행,포장 - 건조,맑음,단일로 - 기타,승용,남,29세,상해없음,보행자,남,55세,경상
27140,2020110700100568,2020년 11월 7일 19시,토요일,경기도 화성시 석우동,경상사고,0,0,1,0,차대사람 - 보도통행중,신호위반,포장 - 건조,맑음,교차로 - 교차로안,이륜,남,40세,상해없음,보행자,남,41세,경상
27141,2020110700100595,2020년 11월 7일 20시,토요일,경기도 부천시 원미동,부상신고사고,0,0,0,1,차대사람 - 기타,안전운전불이행,포장 - 건조,맑음,교차로 - 교차로안,이륜,남,34세,상해없음,보행자,남,55세,부상신고
27142,2020110700100598,2020년 11월 7일 20시,토요일,경기도 용인시 기흥구 마북동,중상사고,0,1,0,0,차대사람 - 기타,안전운전불이행,포장 - 건조,맑음,기타 - 기타,승용,남,47세,상해없음,보행자,여,77세,중상
27143,2020110700100646,2020년 11월 7일 21시,토요일,경기도 고양시 덕양구 지축동,경상사고,0,0,1,0,차대사람 - 횡단중,안전운전불이행,포장 - 건조,맑음,단일로 - 기타,자전거,남,43세,경상,보행자,여,5세,상해없음
27144,2020110700100657,2020년 11월 7일 22시,토요일,경기도 화성시 방교동,경상사고,0,0,1,0,차대사람 - 기타,안전거리미확보,포장 - 건조,맑음,단일로 - 기타,승용,남,28세,상해없음,보행자,남,35세,경상
27145,2020110800100011,2020년 11월 8일 00시,일요일,경기도 성남시 중원구 성남동,경상사고,0,0,1,0,차대사람 - 길가장자리구역통행중,안전운전불이행,포장 - 건조,맑음,기타 - 기타,승용,남,59세,상해없음,보행자,여,31세,경상
27146,2020110800100038,2020년 11월 8일 01시,일요일,경기도 고양시 일산동구 장항동,경상사고,0,0,1,0,차대사람 - 기타,안전운전불이행,포장 - 건조,맑음,단일로 - 기타,승용,남,51세,상해없음,보행자,남,18세,경상
27147,2020110800100069,2020년 11월 8일 05시,일요일,경기도 하남시 풍산동,중상사고,0,1,0,0,차대사람 - 기타,안전운전불이행,포장 - 건조,맑음,기타 - 기타,이륜,남,17세,상해없음,보행자,남,49세,중상
27148,2020110800100088,2020년 11월 8일 08시,일요일,경기도 광주시 경안동,중상사고,0,1,0,0,차대사람 - 기타,안전운전불이행,포장 - 건조,맑음,기타 - 기타,화물,남,58세,상해없음,보행자,여,64세,중상
27149,2020110800100100,2020년 11월 8일 09시,일요일,경기도 군포시 당동,부상신고사고,0,0,0,1,차대사람 - 기타,안전운전불이행,포장 - 건조,맑음,기타 - 기타,승합,남,73세,상해없음,보행자,남,48세,부상신고
27150,2020110800100101,2020년 11월 8일 09시,일요일,경기도 수원시 권선구 서둔동,경상사고,0,0,1,0,차대사람 - 기타,안전운전불이행,포장 - 건조,맑음,단일로 - 기타,승용,여,54세,상해없음,보행자,여,11세,경상
27151,2020110800100142,2020년 11월 8일 10시,일요일,경기도 남양주시 진접읍,경상사고,0,0,1,0,차대사람 - 횡단중,보행자보호의무위반,포장 - 건조,맑음,교차로 - 교차로횡단보도내,승용,남,51세,상해없음,보행자,여,20세,경상
27152,2020110800100260,2020년 11월 8일 14시,일요일,경기도 부천시 상동,경상사고,0,0,1,0,차대사람 - 횡단중,보행자보호의무위반,포장 - 건조,맑음,교차로 - 교차로부근,승용,남,24세,상해없음,보행자,남,40세,경상
27153,2020110800100267,2020년 11월 8일 14시,일요일,경기도 화성시 청계동,중상사고,0,1,0,0,차대사람 - 횡단중,보행자보호의무위반,포장 - 건조,맑음,교차로 - 교차로횡단보도내,승합,남,59세,상해없음,보행자,남,61세,중상
27154,2020110800100318,2020년 11월 8일 15시,일요일,경기도 남양주시 와부읍,중상사고,0,1,0,0,차대사람 - 횡단중,안전운전불이행,포장 - 건조,맑음,교차로 - 교차로안,승용,여,60세,상해없음,보행자,남,74세,중상
27155,2020110800100319,2020년 11월 8일 15시,일요일,경기도 파주시 금촌동,경상사고,0,0,1,0,차대사람 - 기타,안전운전불이행,포장 - 건조,맑음,단일로 - 기타,승용,여,39세,상해없음,보행자,여,31세,경상
27156,2020110800100331,2020년 11월 8일 16시,일요일,경기도 안양시 동안구 호계동,중상사고,0,1,0,0,차대사람 - 횡단중,안전운전불이행,포장 - 건조,맑음,단일로 - 기타,화물,남,36세,상해없음,보행자,남,4세,중상
27157,2020110800100335,2020년 11월 8일 16시,일요일,경기도 여주시 홍문동,중상사고,0,1,0,0,차대사람 - 기타,안전운전불이행,포장 - 건조,맑음,단일로 - 기타,승용,남,41세,상해없음,보행자,남,40세,중상
27158,2020110800100361,2020년 11월 8일 16시,일요일,경기도 의정부시 호원동,경상사고,0,0,1,0,차대사람 - 기타,안전운전불이행,포장 - 건조,맑음,단일로 - 기타,승용,남,47세,상해없음,보행자,남,31세,경상
27159,2020110800100378,2020년 11월 8일 17시,일요일,경기도 화성시 남양읍,경상사고,0,0,1,0,차대사람 - 보도통행중,안전운전불이행,포장 - 건조,맑음,기타 - 기타,승용,남,43세,상해없음,보행자,남,49세,경상
27160,2020110800100472,2020년 11월 8일 19시,일요일,경기도 여주시 대신면,중상사고,0,2,0,0,차대사람 - 길가장자리구역통행중,안전운전불이행,포장 - 건조,맑음,단일로 - 기타,승용,남,40세,상해없음,보행자,남,67세,중상
27161,2020110800100534,2020년 11월 8일 21시,일요일,경기도 고양시 덕양구 화정동,사망사고,1,0,0,0,차대사람 - 보도통행중,안전운전불이행,포장 - 건조,맑음,단일로 - 기타,승용,남,54세,상해없음,보행자,남,58세,사망
27162,2020110800100544,2020년 11월 8일 22시,일요일,경기도 하남시 천현동,경상사고,0,0,1,0,차대사람 - 횡단중,보행자보호의무위반,포장 - 건조,맑음,교차로 - 교차로횡단보도내,승용,여,51세,상해없음,보행자,남,33세,경상
27163,2020110800100558,2020년 11월 8일 23시,일요일,경기도 성남시 분당구 운중동,경상사고,0,0,1,0,차대사람 - 기타,보행자보호의무위반,포장 - 건조,맑음,교차로 - 교차로횡단보도내,승용,남,72세,상해없음,보행자,남,61세,경상
27164,2020110900100093,2020년 11월 9일 08시,월요일,경기도 광주시 탄벌동,경상사고,0,0,1,0,차대사람 - 횡단중,신호위반,포장 - 건조,맑음,교차로 - 교차로안,승용,남,61세,상해없음,보행자,남,10세,경상
27165,2020110900100215,2020년 11월 9일 10시,월요일,경기도 고양시 덕양구 내유동,중상사고,0,1,0,0,차대사람 - 기타,안전운전불이행,포장 - 기타,맑음,주차장 - 주차장,승합,남,51세,상해없음,보행자,남,49세,중상
27166,2020110900100225,2020년 11월 9일 11시,월요일,경기도 수원시 팔달구 화서동,경상사고,0,0,1,0,차대사람 - 기타,안전운전불이행,포장 - 건조,맑음,단일로 - 기타,자전거,남,48세,상해없음,보행자,남,75세,경상
27167,2020110900100342,2020년 11월 9일 14시,월요일,경기도 과천시 별양동,경상사고,0,0,1,0,차대사람 - 기타,안전운전불이행,비포장 - 건조,맑음,주차장 - 주차장,화물,남,42세,상해없음,보행자,여,72세,경상
27168,2020110900100385,2020년 11월 9일 15시,월요일,경기도 용인시 처인구 모현읍,부상신고사고,0,0,0,1,차대사람 - 보도통행중,기타,포장 - 건조,맑음,단일로 - 기타,기타불명,기타불명,미분류,기타불명,보행자,남,12세,부상신고
27169,2020110900100388,2020년 11월 9일 15시,월요일,경기도 안산시 상록구 부곡동,경상사고,0,0,1,0,차대사람 - 횡단중,안전운전불이행,포장 - 건조,맑음,단일로 - 기타,승용,여,40세,상해없음,보행자,남,17세,경상
27170,2020110900100430,2020년 11월 9일 16시,월요일,경기도 평택시 세교동,경상사고,0,0,1,0,차대사람 - 기타,보행자보호의무위반,포장 - 건조,맑음,교차로 - 교차로부근,승합,남,56세,상해없음,보행자,여,21세,경상
27171,2020110900100433,2020년 11월 9일 16시,월요일,경기도 오산시 수청동,경상사고,0,0,1,0,차대사람 - 횡단중,기타,포장 - 건조,맑음,단일로 - 기타,승용,여,57세,상해없음,보행자,남,70세,경상
27172,2020110900100463,2020년 11월 9일 16시,월요일,경기도 파주시 파주읍,중상사고,0,2,0,0,차대사람 - 기타,교차로운행방법위반,포장 - 건조,맑음,교차로 - 교차로안,승용,여,61세,상해없음,보행자,남,60세,중상
27173,2020110900100464,2020년 11월 9일 16시,월요일,경기도 고양시 일산서구 주엽동,경상사고,0,0,1,0,차대사람 - 보도통행중,기타,포장 - 건조,맑음,기타 - 기타,기타불명,기타불명,미분류,기타불명,보행자,여,60세,경상
27174,2020110900100465,2020년 11월 9일 16시,월요일,경기도 고양시 일산서구 주엽동,경상사고,0,0,1,0,차대사람 - 기타,안전운전불이행,포장 - 건조,맑음,기타 - 기타,자전거,남,62세,상해없음,보행자,여,28세,경상
27175,2020110900100520,2020년 11월 9일 17시,월요일,경기도 의정부시 의정부동,중상사고,0,1,0,0,차대사람 - 횡단중,안전운전불이행,포장 - 건조,맑음,단일로 - 기타,화물,남,70세,상해없음,보행자,남,48세,중상
27176,2020110900100536,2020년 11월 9일 18시,월요일,경기도 용인시 기흥구 상하동,중상사고,0,1,0,0,차대사람 - 횡단중,안전운전불이행,포장 - 건조,맑음,단일로 - 기타,이륜,남,41세,상해없음,보행자,여,78세,중상
27177,2020110900100538,2020년 11월 9일 18시,월요일,경기도 수원시 팔달구 인계동,경상사고,0,0,1,0,차대사람 - 기타,안전운전불이행,포장 - 건조,맑음,교차로 - 교차로안,화물,남,28세,상해없음,보행자,남,66세,경상
27178,2020110900100541,2020년 11월 9일 18시,월요일,경기도 시흥시 정왕동,경상사고,0,0,1,0,차대사람 - 기타,안전운전불이행,포장 - 건조,맑음,단일로 - 기타,이륜,남,47세,상해없음,보행자,남,42세,경상
27179,2020110900100588,2020년 11월 9일 19시,월요일,경기도 광주시 역동,경상사고,0,0,1,0,차대사람 - 횡단중,보행자보호의무위반,포장 - 건조,맑음,교차로 - 교차로횡단보도내,승합,남,22세,상해없음,보행자,여,18세,경상
27180,2020110900100591,2020년 11월 9일 19시,월요일,경기도 안산시 상록구 사동,중상사고,0,1,0,0,차대사람 - 횡단중,보행자보호의무위반,포장 - 건조,맑음,교차로 - 교차로부근,이륜,남,32세,기타불명,보행자,남,52세,중상
27181,2020110900100614,2020년 11월 9일 19시,월요일,경기도 의정부시 의정부동,중상사고,0,1,0,0,차대사람 - 횡단중,안전운전불이행,포장 - 건조,맑음,단일로 - 기타,이륜,남,43세,상해없음,보행자,여,82세,중상
27182,2020110900100615,2020년 11월 9일 19시,월요일,경기도 고양시 덕양구 고양동,중상사고,0,1,1,0,차대사람 - 횡단중,안전운전불이행,포장 - 건조,기타,단일로 - 기타,이륜,남,23세,경상,보행자,남,59세,중상
27183,2020110900100668,2020년 11월 9일 22시,월요일,경기도 부천시 원종동,경상사고,0,0,1,0,차대사람 - 기타,안전운전불이행,포장 - 건조,맑음,기타 - 기타,승용,남,30세,상해없음,보행자,여,41세,경상
27184,2020110900100683,2020년 11월 9일 23시,월요일,경기도 수원시 영통구 영통동,중상사고,0,1,0,0,차대사람 - 기타,안전운전불이행,포장 - 건조,맑음,단일로 - 기타,승용,여,25세,상해없음,보행자,남,19세,중상
27185,2020110900100684,2020년 11월 9일 23시,월요일,경기도 시흥시 정왕동,경상사고,0,0,1,0,차대사람 - 길가장자리구역통행중,안전운전불이행,포장 - 건조,맑음,단일로 - 기타,승용,남,38세,상해없음,보행자,남,39세,경상
27186,2020111000100014,2020년 11월 10일 01시,화요일,경기도 수원시 영통구 이의동,경상사고,0,0,1,0,차대사람 - 기타,신호위반,포장 - 건조,맑음,단일로 - 지하차도(도로)내,이륜,남,22세,상해없음,보행자,남,19세,경상
27187,2020111000100026,2020년 11월 10일 02시,화요일,경기도 성남시 중원구 상대원동,경상사고,0,0,1,0,차대사람 - 기타,안전운전불이행,포장 - 건조,맑음,교차로 - 교차로안,승용,남,55세,상해없음,보행자,남,41세,경상
27188,2020111000100051,2020년 11월 10일 05시,화요일,경기도 용인시 수지구 죽전동,중상사고,0,1,0,0,차대사람 - 차도통행중,신호위반,포장 - 건조,맑음,단일로 - 기타,이륜,남,26세,상해없음,보행자,여,46세,중상
27189,2020111000100109,2020년 11월 10일 08시,화요일,경기도 이천시 중리동,경상사고,0,0,1,0,차대사람 - 차도통행중,안전운전불이행,포장 - 건조,맑음,기타 - 기타,승용,남,26세,상해없음,보행자,남,34세,경상
27190,2020111000100111,2020년 11월 10일 08시,화요일,경기도 양평군 양평읍,경상사고,0,0,1,0,차대사람 - 횡단중,안전운전불이행,포장 - 건조,맑음,기타 - 기타,승용,여,40세,상해없음,보행자,남,32세,경상
27191,2020111000100161,2020년 11월 10일 09시,화요일,경기도 성남시 분당구 정자동,중상사고,0,1,0,0,차대사람 - 기타,기타,포장 - 건조,맑음,단일로 - 기타,승합,남,58세,상해없음,보행자,여,84세,중상
27192,2020111000100271,2020년 11월 10일 12시,화요일,경기도 수원시 장안구 연무동,부상신고사고,0,0,0,1,차대사람 - 기타,안전운전불이행,포장 - 건조,맑음,교차로 - 교차로안,승용,남,45세,상해없음,보행자,남,49세,부상신고
27193,2020111000100297,2020년 11월 10일 13시,화요일,경기도 성남시 수정구 신흥동,경상사고,0,0,1,0,차대사람 - 횡단중,보행자보호의무위반,포장 - 건조,맑음,교차로 - 교차로부근,개인형이동수단(PM),남,37세,상해없음,보행자,여,9세,경상
27194,2020111000100306,2020년 11월 10일 13시,화요일,경기도 용인시 수지구 상현동,경상사고,0,0,1,0,차대사람 - 기타,안전운전불이행,포장 - 건조,맑음,기타 - 기타,승용,남,61세,상해없음,보행자,남,43세,경상
27195,2020111000100340,2020년 11월 10일 14시,화요일,경기도 수원시 장안구 천천동,경상사고,0,0,2,0,차대사람 - 기타,안전운전불이행,포장 - 건조,맑음,단일로 - 기타,이륜,남,19세,경상,보행자,남,18세,경상
27196,2020111000100347,2020년 11월 10일 14시,화요일,경기도 시흥시 신천동,중상사고,0,1,0,0,차대사람 - 보도통행중,기타,포장 - 건조,맑음,단일로 - 기타,화물,남,65세,상해없음,보행자,여,61세,중상
27197,2020111000100348,2020년 11월 10일 14시,화요일,경기도 용인시 수지구 상현동,경상사고,0,0,1,0,차대사람 - 기타,기타,포장 - 건조,맑음,기타 - 기타,승용,남,31세,상해없음,보행자,여,39세,경상
27198,2020111000100374,2020년 11월 10일 15시,화요일,경기도 수원시 장안구 송죽동,경상사고,0,0,1,0,차대사람 - 횡단중,보행자보호의무위반,포장 - 건조,맑음,교차로 - 교차로안,승용,여,48세,상해없음,보행자,여,42세,경상
27199,2020111000100377,2020년 11월 10일 15시,화요일,경기도 김포시 풍무동,경상사고,0,0,1,0,차대사람 - 기타,안전운전불이행,포장 - 건조,맑음,교차로 - 교차로부근,승용,남,19세,상해없음,보행자,남,30세,경상
27200,2020111000100378,2020년 11월 10일 15시,화요일,경기도 부천시 소사본동,경상사고,0,0,1,0,차대사람 - 기타,보행자보호의무위반,포장 - 건조,맑음,교차로 - 교차로횡단보도내,화물,남,63세,상해없음,보행자,여,11세,경상
27201,2020111000100383,2020년 11월 10일 15시,화요일,경기도 안양시 만안구 안양동,경상사고,0,0,1,0,차대사람 - 차도통행중,안전운전불이행,포장 - 건조,맑음,단일로 - 기타,화물,남,53세,상해없음,보행자,여,64세,경상
27202,2020111000100432,2020년 11월 10일 16시,화요일,경기도 하남시 신장동,경상사고,0,0,1,0,차대사람 - 기타,안전운전불이행,포장 - 건조,맑음,교차로 - 교차로안,승용,남,51세,상해없음,보행자,여,30세,경상
27203,2020111000100475,2020년 11월 10일 17시,화요일,경기도 용인시 처인구 백암면,경상사고,0,0,1,0,차대사람 - 길가장자리구역통행중,보행자보호의무위반,포장 - 건조,맑음,단일로 - 기타,승용,여,46세,상해없음,보행자,남,65세,경상
27204,2020111000100477,2020년 11월 10일 17시,화요일,경기도 양평군 강상면,중상사고,0,1,0,0,차대사람 - 기타,안전운전불이행,포장 - 건조,맑음,기타 - 기타,자전거,남,62세,상해없음,보행자,남,87세,중상
27205,2020111000100479,2020년 11월 10일 17시,화요일,경기도 성남시 분당구 서현동,중상사고,0,1,0,0,차대사람 - 기타,안전운전불이행,포장 - 건조,맑음,교차로 - 교차로안,승용,여,42세,상해없음,보행자,여,33세,중상
27206,2020111000100553,2020년 11월 10일 18시,화요일,경기도 용인시 기흥구 중동,경상사고,0,0,1,0,차대사람 - 보도통행중,안전운전불이행,포장 - 건조,기타,교차로 - 교차로횡단보도내,승용,여,44세,상해없음,보행자,여,47세,경상
27207,2020111000100554,2020년 11월 10일 18시,화요일,경기도 오산시 수청동,경상사고,0,0,1,0,차대사람 - 기타,보행자보호의무위반,포장 - 건조,맑음,교차로 - 교차로안,개인형이동수단(PM),남,41세,상해없음,보행자,남,5세,경상
27208,2020111000100611,2020년 11월 10일 19시,화요일,경기도 안산시 단원구 초지동,경상사고,0,0,2,0,차대사람 - 횡단중,신호위반,포장 - 건조,맑음,교차로 - 교차로안,승용,남,52세,상해없음,보행자,여,29세,경상
27209,2020111000100682,2020년 11월 10일 21시,화요일,경기도 용인시 처인구 남사면,경상사고,0,0,1,0,차대사람 - 횡단중,신호위반,포장 - 건조,맑음,교차로 - 교차로안,승용,남,45세,상해없음,보행자,여,40세,경상
27210,2020111000100685,2020년 11월 10일 21시,화요일,경기도 시흥시 정왕동,경상사고,0,0,1,0,차대사람 - 기타,안전운전불이행,포장 - 건조,맑음,단일로 - 기타,승용,남,42세,상해없음,보행자,남,14세,경상
27211,2020111000100688,2020년 11월 10일 21시,화요일,경기도 수원시 권선구 호매실동,경상사고,0,0,1,0,차대사람 - 기타,기타,포장 - 건조,맑음,기타 - 기타,이륜,남,46세,상해없음,보행자,여,38세,경상
27212,2020111000100708,2020년 11월 10일 21시,화요일,경기도 구리시 수택동,경상사고,0,0,1,0,차대사람 - 보도통행중,보행자보호의무위반,포장 - 건조,맑음,교차로 - 교차로횡단보도내,이륜,남,36세,상해없음,보행자,여,57세,경상
27213,2020111000100730,2020년 11월 10일 23시,화요일,경기도 성남시 분당구 야탑동,경상사고,0,0,1,0,차대사람 - 보도통행중,안전운전불이행,포장 - 건조,맑음,교차로 - 교차로안,승합,남,59세,상해없음,보행자,남,56세,경상
27214,2020111100100091,2020년 11월 11일 08시,수요일,경기도 평택시 지산동,부상신고사고,0,0,0,1,차대사람 - 기타,안전운전불이행,포장 - 건조,맑음,단일로 - 기타,기타불명,기타불명,미분류,기타불명,보행자,여,83세,부상신고
27215,2020111100100129,2020년 11월 11일 08시,수요일,경기도 고양시 덕양구 주교동,부상신고사고,0,0,0,1,차대사람 - 횡단중,안전운전불이행,포장 - 건조,맑음,교차로 - 교차로부근,승용,여,54세,상해없음,보행자,남,54세,부상신고
27216,2020111100100132,2020년 11월 11일 08시,수요일,경기도 남양주시 다산동,경상사고,0,0,1,1,차대사람 - 기타,기타,포장 - 건조,맑음,단일로 - 기타,개인형이동수단(PM),여,22세,부상신고,보행자,남,4세,경상
27217,2020111100100142,2020년 11월 11일 09시,수요일,경기도 김포시 구래동,중상사고,0,1,0,0,차대사람 - 기타,안전운전불이행,포장 - 건조,맑음,기타 - 기타,개인형이동수단(PM),여,24세,상해없음,보행자,여,66세,중상
27218,2020111100100213,2020년 11월 11일 10시,수요일,경기도 고양시 덕양구 토당동,경상사고,0,0,1,0,차대사람 - 기타,안전운전불이행,포장 - 건조,맑음,단일로 - 기타,화물,남,48세,상해없음,보행자,여,83세,경상
27219,2020111100100214,2020년 11월 11일 10시,수요일,경기도 동두천시 생연동,중상사고,0,1,0,0,차대사람 - 횡단중,안전운전불이행,포장 - 건조,맑음,교차로 - 교차로부근,승용,남,88세,상해없음,보행자,남,72세,중상
27220,2020111100100227,2020년 11월 11일 11시,수요일,경기도 부천시 중동,경상사고,0,0,1,0,차대사람 - 기타,안전운전불이행,포장 - 건조,맑음,기타 - 기타,화물,남,58세,상해없음,보행자,남,68세,경상
27221,2020111100100230,2020년 11월 11일 11시,수요일,경기도 안양시 만안구 안양동,중상사고,0,1,0,0,차대사람 - 횡단중,안전운전불이행,포장 - 건조,맑음,교차로 - 교차로부근,화물,남,58세,상해없음,보행자,여,66세,중상
27222,2020111100100264,2020년 11월 11일 11시,수요일,경기도 남양주시 진건읍,중상사고,0,1,0,0,차대사람 - 기타,안전운전불이행,포장 - 건조,맑음,단일로 - 기타,건설기계,남,27세,상해없음,보행자,남,77세,중상
27223,2020111100100274,2020년 11월 11일 12시,수요일,경기도 수원시 팔달구 남수동,중상사고,0,1,0,0,차대사람 - 횡단중,안전운전불이행,포장 - 건조,맑음,교차로 - 교차로안,화물,남,64세,상해없음,보행자,여,79세,중상
27224,2020111100100276,2020년 11월 11일 12시,수요일,경기도 평택시 안중읍,중상사고,0,1,0,0,차대사람 - 기타,안전운전불이행,포장 - 건조,맑음,교차로 - 교차로부근,승용,남,63세,상해없음,보행자,남,60세,중상
27225,2020111100100279,2020년 11월 11일 12시,수요일,경기도 김포시 북변동,중상사고,0,1,0,0,차대사람 - 보도통행중,보행자보호의무위반,포장 - 건조,맑음,단일로 - 기타,자전거,남,38세,상해없음,보행자,여,51세,중상
27226,2020111100100318,2020년 11월 11일 13시,수요일,경기도 성남시 분당구 수내동,경상사고,0,0,1,0,차대사람 - 기타,안전운전불이행,포장 - 건조,맑음,기타 - 기타,승용,여,39세,상해없음,보행자,여,10세,경상
27227,2020111100100395,2020년 11월 11일 15시,수요일,경기도 수원시 장안구 정자동,중상사고,0,1,0,0,차대사람 - 기타,안전운전불이행,포장 - 건조,맑음,기타 - 기타,승용,남,67세,상해없음,보행자,남,37세,중상
27228,2020111100100400,2020년 11월 11일 15시,수요일,경기도 부천시 원종동,경상사고,0,0,1,0,차대사람 - 기타,안전운전불이행,포장 - 건조,맑음,단일로 - 기타,승용,여,44세,상해없음,보행자,남,66세,경상
27229,2020111100100443,2020년 11월 11일 16시,수요일,경기도 평택시 비전동,경상사고,0,0,2,0,차대사람 - 횡단중,보행자보호의무위반,포장 - 기타,맑음,교차로 - 교차로부근,승용,여,59세,상해없음,보행자,남,18세,경상
27230,2020111100100444,2020년 11월 11일 16시,수요일,경기도 용인시 처인구 원삼면,경상사고,0,0,2,0,차대사람 - 기타,안전운전불이행,포장 - 건조,맑음,단일로 - 기타,승용,남,74세,경상,보행자,남,79세,경상
27231,2020111100100446,2020년 11월 11일 16시,수요일,경기도 오산시 원동,경상사고,0,0,1,0,차대사람 - 횡단중,신호위반,포장 - 건조,맑음,단일로 - 기타,승용,남,68세,상해없음,보행자,여,33세,경상
27232,2020111100100492,2020년 11월 11일 17시,수요일,경기도 이천시 진리동,사망사고,1,0,0,0,차대사람 - 기타,기타,포장 - 건조,맑음,교차로 - 교차로부근,승용,여,59세,상해없음,보행자,남,53세,사망
27233,2020111100100495,2020년 11월 11일 17시,수요일,경기도 시흥시 정왕동,부상신고사고,0,0,0,1,차대사람 - 기타,안전운전불이행,포장 - 건조,맑음,기타 - 기타,화물,남,44세,상해없음,보행자,남,43세,부상신고
27234,2020111100100527,2020년 11월 11일 17시,수요일,경기도 고양시 일산서구 대화동,중상사고,0,1,0,0,차대사람 - 차도통행중,안전운전불이행,포장 - 건조,맑음,단일로 - 기타,화물,남,51세,상해없음,보행자,남,23세,중상
27235,2020111100100542,2020년 11월 11일 18시,수요일,경기도 광명시 소하동,경상사고,0,0,1,0,차대사람 - 기타,안전운전불이행,포장 - 건조,맑음,교차로 - 교차로부근,승용,여,40세,상해없음,보행자,여,35세,경상
27236,2020111100100600,2020년 11월 11일 18시,수요일,경기도 고양시 덕양구 행신동,중상사고,0,1,0,0,차대사람 - 횡단중,안전운전불이행,포장 - 건조,맑음,교차로 - 교차로부근,승용,남,59세,상해없음,보행자,남,79세,중상
27237,2020111100100665,2020년 11월 11일 20시,수요일,경기도 성남시 수정구 단대동,중상사고,0,1,0,0,차대사람 - 횡단중,신호위반,포장 - 건조,맑음,단일로 - 기타,승용,남,27세,상해없음,보행자,여,13세,중상
27238,2020111100100670,2020년 11월 11일 20시,수요일,경기도 김포시 감정동,경상사고,0,0,1,0,차대사람 - 기타,안전운전불이행,포장 - 기타,맑음,단일로 - 기타,승용,여,23세,상해없음,보행자,남,24세,경상
27239,2020111100100698,2020년 11월 11일 21시,수요일,경기도 안산시 상록구 일동,경상사고,0,0,1,0,차대사람 - 기타,안전운전불이행,포장 - 건조,맑음,단일로 - 기타,승용,남,46세,상해없음,보행자,여,28세,경상
27240,2020111100100734,2020년 11월 11일 22시,수요일,경기도 포천시 신북면,중상사고,0,1,0,0,차대사람 - 횡단중,안전운전불이행,포장 - 건조,맑음,단일로 - 기타,승합,남,65세,상해없음,보행자,남,28세,중상
27241,2020111200100051,2020년 11월 12일 05시,목요일,경기도 용인시 수지구 죽전동,경상사고,0,0,1,0,차대사람 - 기타,안전운전불이행,포장 - 건조,맑음,교차로 - 교차로안,승용,남,27세,상해없음,보행자,남,73세,경상
27242,2020111200100145,2020년 11월 12일 08시,목요일,경기도 고양시 일산동구 식사동,경상사고,0,0,1,0,차대사람 - 횡단중,보행자보호의무위반,포장 - 건조,맑음,교차로 - 교차로부근,승용,여,48세,상해없음,보행자,남,56세,경상
27243,2020111200100163,2020년 11월 12일 09시,목요일,경기도 광주시 경안동,경상사고,0,0,1,0,차대사람 - 횡단중,보행자보호의무위반,포장 - 건조,맑음,단일로 - 기타,승용,남,52세,상해없음,보행자,여,88세,경상
27244,2020111200100187,2020년 11월 12일 09시,목요일,경기도 고양시 덕양구 고양동,중상사고,0,1,0,0,차대사람 - 횡단중,신호위반,포장 - 건조,맑음,단일로 - 기타,승용,여,41세,상해없음,보행자,남,22세,중상
27245,2020111200100188,2020년 11월 12일 09시,목요일,경기도 남양주시 오남읍,중상사고,0,1,0,0,차대사람 - 횡단중,보행자보호의무위반,포장 - 건조,맑음,교차로 - 교차로안,승합,여,55세,상해없음,보행자,여,30세,중상
27246,2020111200100215,2020년 11월 12일 11시,목요일,경기도 광주시 경안동,사망사고,1,0,0,0,차대사람 - 기타,중앙선침범,포장 - 건조,맑음,교차로 - 교차로부근,승용,여,44세,상해없음,보행자,남,84세,사망