,사고번호,사고일시,요일,시군구,사고내용,사망자수,중상자수,경상자수,부상신고자수,사고유형,법규위반,노면상태,기상상태,도로형태,가해운전자 차종,가해운전자 성별,가해운전자 연령,가해운전자 상해정도,피해운전자 차종,피해운전자 성별,피해운전자 연령,피해운전자 상해정도
27359,2020111700100166,2020년 11월 17일 10시,화요일,경기도 성남시 분당구 서현동,경상사고,0,0,1,0,차대사람 - 기타,신호위반,포장 - 건조,맑음,교차로 - 교차로안,승용,남,57세,상해없음,보행자,남,24세,경상
27360,2020111700100190,2020년 11월 17일 10시,화요일,경기도 의정부시 의정부동,경상사고,0,0,1,0,차대사람 - 기타,안전운전불이행,포장 - 건조,맑음,교차로 - 교차로안,기타불명,기타불명,미분류,기타불명,보행자,여,73세,경상
27361,2020111700100204,2020년 11월 17일 11시,화요일,경기도 수원시 팔달구 화서동,경상사고,0,0,1,0,차대사람 - 기타,안전운전불이행,포장 - 건조,맑음,단일로 - 기타,승용,남,52세,상해없음,보행자,여,70세,경상
27362,2020111700100208,2020년 11월 17일 11시,화요일,경기도 오산시 수청동,부상신고사고,0,0,0,1,차대사람 - 횡단중,안전운전불이행,포장 - 건조,맑음,기타 - 기타,승용,여,30세,상해없음,보행자,여,18세,부상신고
27363,2020111700100209,2020년 11월 17일 11시,화요일,경기도 수원시 영통구 하동,경상사고,0,0,1,0,차대사람 - 기타,안전운전불이행,포장 - 건조,맑음,기타 - 기타,승용,남,34세,상해없음,보행자,남,62세,경상
27364,2020111700100252,2020년 11월 17일 13시,화요일,경기도 김포시 북변동,중상사고,0,1,0,0,차대사람 - 기타,안전운전불이행,포장 - 건조,맑음,교차로 - 교차로부근,승합,남,49세,상해없음,보행자,여,75세,중상
27365,2020111700100284,2020년 11월 17일 14시,화요일,경기도 수원시 장안구 천천동,중상사고,0,1,0,0,차대사람 - 기타,보행자보호의무위반,포장 - 건조,맑음,교차로 - 교차로횡단보도내,화물,남,47세,상해없음,보행자,여,57세,중상
27366,2020111700100310,2020년 11월 17일 14시,화요일,경기도 고양시 덕양구 화정동,부상신고사고,0,0,0,1,차대사람 - 보도통행중,안전운전불이행,포장 - 건조,맑음,기타 - 기타,승용,여,23세,상해없음,보행자,여,54세,부상신고
27367,2020111700100327,2020년 11월 17일 15시,화요일,경기도 시흥시 신천동,경상사고,0,0,1,0,차대사람 - 길가장자리구역통행중,안전운전불이행,포장 - 건조,맑음,단일로 - 기타,승용,남,75세,상해없음,보행자,남,58세,경상
27368,2020111700100330,2020년 11월 17일 15시,화요일,경기도 용인시 기흥구 보정동,부상신고사고,0,0,0,1,차대사람 - 기타,기타,포장 - 건조,맑음,단일로 - 기타,승합,남,57세,상해없음,보행자,여,80세,부상신고
27369,2020111700100331,2020년 11월 17일 15시,화요일,경기도 화성시 반월동,경상사고,0,0,1,0,차대사람 - 길가장자리구역통행중,안전운전불이행,포장 - 건조,맑음,단일로 - 기타,화물,남,58세,상해없음,보행자,여,48세,경상
27370,2020111700100381,2020년 11월 17일 16시,화요일,경기도 고양시 일산서구 덕이동,경상사고,0,0,1,0,차대사람 - 횡단중,보행자보호의무위반,포장 - 건조,맑음,단일로 - 기타,승용,남,26세,상해없음,보행자,여,20세,경상
27371,2020111700100399,2020년 11월 17일 17시,화요일,경기도 안산시 상록구 월피동,경상사고,0,0,1,0,차대사람 - 기타,안전운전불이행,포장 - 건조,맑음,단일로 - 기타,원동기,남,16세,기타불명,보행자,여,52세,경상
27372,2020111700100468,2020년 11월 17일 18시,화요일,경기도 수원시 영통구 매탄동,경상사고,0,0,1,0,차대사람 - 기타,보행자보호의무위반,포장 - 건조,맑음,교차로 - 교차로횡단보도내,승용,남,63세,상해없음,보행자,남,27세,경상
27373,2020111700100472,2020년 11월 17일 18시,화요일,경기도 수원시 팔달구 매산로3가,경상사고,0,0,1,0,차대사람 - 기타,안전운전불이행,포장 - 건조,맑음,단일로 - 기타,이륜,남,38세,상해없음,보행자,여,40세,경상
27374,2020111700100572,2020년 11월 17일 19시,화요일,경기도 포천시 신읍동,중상사고,0,1,0,0,차대사람 - 횡단중,안전운전불이행,포장 - 건조,맑음,단일로 - 기타,이륜,남,21세,상해없음,보행자,남,59세,중상
27375,2020111700100581,2020년 11월 17일 20시,화요일,경기도 평택시 용이동,경상사고,0,0,1,0,차대사람 - 기타,안전운전불이행,포장 - 건조,맑음,교차로 - 교차로안,승용,남,60세,상해없음,보행자,남,57세,경상
27376,2020111700100584,2020년 11월 17일 20시,화요일,경기도 수원시 권선구 권선동,경상사고,0,0,1,0,차대사람 - 횡단중,안전운전불이행,포장 - 건조,맑음,교차로 - 교차로안,승용,남,44세,상해없음,보행자,여,71세,경상
27377,2020111700100615,2020년 11월 17일 21시,화요일,경기도 부천시 괴안동,경상사고,0,0,1,0,차대사람 - 횡단중,보행자보호의무위반,포장 - 건조,흐림,교차로 - 교차로횡단보도내,화물,남,65세,상해없음,보행자,남,48세,경상
27378,2020111700100616,2020년 11월 17일 21시,화요일,경기도 수원시 팔달구 매산로2가,중상사고,0,1,0,0,차대사람 - 기타,신호위반,포장 - 젖음/습기,비,단일로 - 기타,기타불명,기타불명,미분류,기타불명,보행자,여,54세,중상
27379,2020111700100652,2020년 11월 17일 23시,화요일,경기도 시흥시 정왕동,경상사고,0,0,1,0,차대사람 - 차도통행중,안전운전불이행,포장 - 젖음/습기,비,단일로 - 기타,승용,남,28세,상해없음,보행자,남,43세,경상
27380,2020111800100045,2020년 11월 18일 05시,수요일,경기도 수원시 팔달구 인계동,중상사고,0,1,0,0,차대사람 - 기타,보행자보호의무위반,포장 - 젖음/습기,비,교차로 - 교차로횡단보도내,승용,남,63세,상해없음,보행자,여,59세,중상
27381,2020111800100060,2020년 11월 18일 06시,수요일,경기도 화성시 청계동,중상사고,0,1,0,0,차대사람 - 횡단중,신호위반,포장 - 건조,맑음,교차로 - 교차로횡단보도내,승용,여,47세,상해없음,보행자,여,74세,중상
27382,2020111800100083,2020년 11월 18일 07시,수요일,경기도 수원시 팔달구 지동,경상사고,0,0,1,0,차대사람 - 횡단중,보행자보호의무위반,포장 - 건조,맑음,교차로 - 교차로안,승용,남,42세,상해없음,보행자,남,60세,경상
27383,2020111800100088,2020년 11월 18일 07시,수요일,경기도 수원시 영통구 망포동,중상사고,0,1,0,0,차대사람 - 횡단중,안전운전불이행,포장 - 건조,맑음,교차로 - 교차로부근,승용,남,45세,상해없음,보행자,여,17세,중상
27384,2020111800100112,2020년 11월 18일 08시,수요일,경기도 평택시 비전동,경상사고,0,0,1,0,차대사람 - 횡단중,안전운전불이행,포장 - 젖음/습기,흐림,교차로 - 교차로안,승용,남,38세,상해없음,보행자,여,69세,경상
27385,2020111800100115,2020년 11월 18일 08시,수요일,경기도 안산시 단원구 원시동,중상사고,0,1,0,0,차대사람 - 기타,안전운전불이행,포장 - 건조,맑음,기타 - 기타,승용,남,31세,상해없음,보행자,여,48세,중상
27386,2020111800100116,2020년 11월 18일 08시,수요일,경기도 안산시 상록구 본오동,부상신고사고,0,0,0,1,차대사람 - 기타,안전운전불이행,포장 - 건조,맑음,단일로 - 기타,기타불명,기타불명,미분류,기타불명,보행자,여,83세,부상신고
27387,2020111800100164,2020년 11월 18일 09시,수요일,경기도 화성시 능동,중상사고,0,1,0,0,차대사람 - 횡단중,안전운전불이행,포장 - 건조,맑음,주차장 - 주차장,승용,여,37세,상해없음,보행자,남,48세,중상
27388,2020111800100194,2020년 11월 18일 10시,수요일,경기도 수원시 장안구 영화동,경상사고,0,0,1,0,차대사람 - 길가장자리구역통행중,안전운전불이행,포장 - 건조,맑음,단일로 - 기타,승용,남,40세,상해없음,보행자,남,50세,경상
27389,2020111800100200,2020년 11월 18일 10시,수요일,경기도 성남시 중원구 중앙동,중상사고,0,1,0,0,차대사람 - 차도통행중,안전운전불이행,포장 - 건조,맑음,단일로 - 기타,승용,남,38세,상해없음,보행자,여,71세,중상
27390,2020111800100201,2020년 11월 18일 10시,수요일,경기도 성남시 분당구 삼평동,중상사고,0,1,0,0,차대사람 - 기타,안전운전불이행,포장 - 건조,맑음,단일로 - 기타,자전거,남,29세,상해없음,보행자,여,69세,중상
27391,2020111800100202,2020년 11월 18일 10시,수요일,경기도 성남시 분당구 야탑동,중상사고,0,1,0,0,차대사람 - 기타,보행자보호의무위반,포장 - 건조,맑음,교차로 - 교차로안,승용,남,71세,상해없음,보행자,남,76세,중상
27392,2020111800100215,2020년 11월 18일 10시,수요일,경기도 양주시 덕계동,경상사고,0,0,1,0,차대사람 - 기타,안전운전불이행,포장 - 건조,맑음,기타 - 기타,승용,여,62세,상해없음,보행자,남,79세,경상
27393,2020111800100224,2020년 11월 18일 11시,수요일,경기도 용인시 기흥구 중동,중상사고,0,1,0,0,차대사람 - 횡단중,신호위반,포장 - 젖음/습기,기타,교차로 - 교차로안,이륜,남,47세,상해없음,보행자,여,66세,중상
27394,2020111800100230,2020년 11월 18일 11시,수요일,경기도 시흥시 정왕동,경상사고,0,0,1,0,차대사람 - 횡단중,안전운전불이행,포장 - 건조,맑음,단일로 - 기타,승용,여,54세,상해없음,보행자,남,52세,경상
27395,2020111800100324,2020년 11월 18일 14시,수요일,경기도 안산시 단원구 초지동,중상사고,0,1,0,0,차대사람 - 기타,보행자보호의무위반,포장 - 건조,맑음,기타 - 기타,이륜,남,61세,상해없음,보행자,남,55세,중상
27396,2020111800100326,2020년 11월 18일 14시,수요일,경기도 화성시 반월동,부상신고사고,0,0,0,1,차대사람 - 기타,안전운전불이행,포장 - 건조,맑음,단일로 - 기타,기타불명,기타불명,미분류,기타불명,보행자,남,49세,부상신고
27397,2020111800100393,2020년 11월 18일 16시,수요일,경기도 광명시 광명동,경상사고,0,0,1,0,차대사람 - 차도통행중,안전운전불이행,포장 - 젖음/습기,비,단일로 - 기타,승용,남,53세,상해없음,보행자,남,17세,경상
27398,2020111800100394,2020년 11월 18일 16시,수요일,경기도 수원시 권선구 장지동,중상사고,0,1,0,0,차대사람 - 기타,안전운전불이행,포장 - 젖음/습기,비,단일로 - 기타,승합,남,52세,상해없음,보행자,남,81세,중상
27399,2020111800100437,2020년 11월 18일 17시,수요일,경기도 수원시 장안구 정자동,사망사고,1,0,0,0,차대사람 - 횡단중,보행자보호의무위반,포장 - 젖음/습기,흐림,교차로 - 교차로횡단보도내,승합,남,52세,상해없음,보행자,남,88세,사망
27400,2020111800100497,2020년 11월 18일 18시,수요일,경기도 군포시 당동,중상사고,0,1,0,0,차대사람 - 횡단중,안전운전불이행,포장 - 젖음/습기,흐림,단일로 - 기타,승용,남,46세,기타불명,보행자,여,35세,중상
27401,2020111800100498,2020년 11월 18일 18시,수요일,경기도 성남시 분당구 삼평동,중상사고,0,1,0,0,차대사람 - 기타,안전운전불이행,포장 - 젖음/습기,흐림,교차로 - 교차로부근,기타불명,기타불명,미분류,기타불명,보행자,남,64세,중상
27402,2020111800100499,2020년 11월 18일 18시,수요일,경기도 화성시 남양읍,경상사고,0,0,1,0,차대사람 - 횡단중,보행자보호의무위반,포장 - 젖음/습기,흐림,교차로 - 교차로횡단보도내,승용,여,38세,상해없음,보행자,남,36세,경상
27403,2020111800100544,2020년 11월 18일 18시,수요일,경기도 고양시 덕양구 토당동,중상사고,0,1,0,0,차대사람 - 횡단중,보행자보호의무위반,포장 - 건조,맑음,교차로 - 교차로횡단보도내,승용,여,40세,상해없음,보행자,여,62세,중상
27404,2020111800100547,2020년 11월 18일 18시,수요일,경기도 가평군 가평읍,경상사고,0,0,1,0,차대사람 - 횡단중,안전운전불이행,포장 - 젖음/습기,비,교차로 - 교차로안,승용,남,25세,상해없음,보행자,남,32세,경상
27405,2020111800100566,2020년 11월 18일 19시,수요일,경기도 광주시 초월읍,경상사고,0,0,1,0,차대사람 - 차도통행중,안전운전불이행,포장 - 젖음/습기,비,교차로 - 교차로안,승용,남,50세,상해없음,보행자,남,54세,경상
27406,2020111800100612,2020년 11월 18일 20시,수요일,경기도 화성시 봉담읍,중상사고,0,1,0,0,차대사람 - 횡단중,보행자보호의무위반,포장 - 젖음/습기,비,교차로 - 교차로횡단보도내,승용,남,53세,상해없음,보행자,남,72세,중상
27407,2020111800100628,2020년 11월 18일 20시,수요일,경기도 고양시 일산동구 사리현동,중상사고,0,1,0,0,차대사람 - 기타,안전운전불이행,포장 - 젖음/습기,비,교차로 - 교차로부근,승합,남,54세,상해없음,보행자,남,62세,중상
27408,2020111800100629,2020년 11월 18일 20시,수요일,경기도 남양주시 다산동,경상사고,0,0,1,0,차대사람 - 횡단중,신호위반,포장 - 건조,흐림,교차로 - 교차로횡단보도내,승용,남,32세,상해없음,보행자,남,19세,경상
27409,2020111800100642,2020년 11월 18일 21시,수요일,경기도 성남시 분당구 서현동,경상사고,0,0,1,0,차대사람 - 횡단중,보행자보호의무위반,포장 - 젖음/습기,비,기타 - 기타,승용,여,33세,상해없음,보행자,여,59세,경상
27410,2020111800100668,2020년 11월 18일 22시,수요일,경기도 부천시 괴안동,경상사고,0,0,1,0,차대사람 - 횡단중,보행자보호의무위반,포장 - 젖음/습기,비,교차로 - 교차로부근,승용,남,44세,상해없음,보행자,남,35세,경상
27411,2020111800100690,2020년 11월 18일 23시,수요일,경기도 이천시 창전동,경상사고,0,0,1,0,차대사람 - 기타,기타,포장 - 건조,맑음,단일로 - 기타,승용,남,34세,상해없음,보행자,남,27세,경상
27412,2020111800100692,2020년 11월 18일 23시,수요일,경기도 광명시 철산동,경상사고,0,0,1,0,차대사람 - 차도통행중,안전운전불이행,포장 - 젖음/습기,비,단일로 - 기타,승용,남,59세,상해없음,보행자,남,48세,경상
27413,2020111900100006,2020년 11월 19일 00시,목요일,경기도 광명시 철산동,중상사고,0,1,0,0,차대사람 - 횡단중,안전운전불이행,포장 - 젖음/습기,비,교차로 - 교차로부근,승용,여,49세,상해없음,보행자,남,74세,중상
27414,2020111900100007,2020년 11월 19일 00시,목요일,경기도 수원시 영통구 영통동,중상사고,0,1,0,0,차대사람 - 횡단중,보행자보호의무위반,포장 - 건조,맑음,교차로 - 교차로횡단보도내,승용,남,45세,상해없음,보행자,남,34세,중상
27415,2020111900100034,2020년 11월 19일 02시,목요일,경기도 광명시 광명동,중상사고,0,1,0,0,차대사람 - 기타,안전운전불이행,포장 - 젖음/습기,비,교차로 - 교차로부근,승용,남,62세,상해없음,보행자,여,61세,중상
27416,2020111900100053,2020년 11월 19일 04시,목요일,경기도 의정부시 의정부동,부상신고사고,0,0,0,1,차대사람 - 횡단중,안전운전불이행,포장 - 젖음/습기,비,교차로 - 교차로안,승용,남,53세,상해없음,보행자,남,50세,부상신고
27417,2020111900100060,2020년 11월 19일 05시,목요일,경기도 부천시 심곡본동,경상사고,0,0,1,0,차대사람 - 기타,안전운전불이행,포장 - 젖음/습기,비,단일로 - 기타,화물,남,54세,상해없음,보행자,여,56세,경상
27418,2020111900100061,2020년 11월 19일 05시,목요일,경기도 광명시 광명동,경상사고,0,0,1,0,차대사람 - 횡단중,중앙선침범,포장 - 젖음/습기,비,교차로 - 교차로횡단보도내,승용,남,53세,기타불명,보행자,남,43세,경상
27419,2020111900100074,2020년 11월 19일 06시,목요일,경기도 광주시 곤지암읍,부상신고사고,0,0,0,1,차대사람 - 횡단중,신호위반,포장 - 건조,맑음,교차로 - 교차로안,승용,남,61세,상해없음,보행자,남,81세,부상신고
27420,2020111900100108,2020년 11월 19일 07시,목요일,경기도 평택시 소사동,중상사고,0,1,0,0,차대사람 - 보도통행중,보행자보호의무위반,포장 - 건조,맑음,단일로 - 기타,승용,남,55세,상해없음,보행자,여,60세,중상
27421,2020111900100110,2020년 11월 19일 07시,목요일,경기도 안양시 동안구 비산동,중상사고,0,1,0,0,차대사람 - 차도통행중,안전운전불이행,포장 - 젖음/습기,비,단일로 - 기타,승용,남,55세,상해없음,보행자,남,65세,중상
27422,2020111900100117,2020년 11월 19일 07시,목요일,경기도 안양시 만안구 안양동,중상사고,0,1,0,0,차대사람 - 기타,신호위반,포장 - 젖음/습기,비,교차로 - 교차로횡단보도내,승용,남,63세,상해없음,보행자,남,71세,중상
27423,2020111900100135,2020년 11월 19일 07시,목요일,경기도 포천시 신읍동,경상사고,0,0,1,0,차대사람 - 횡단중,보행자보호의무위반,포장 - 건조,맑음,단일로 - 기타,승용,남,30세,상해없음,보행자,여,54세,경상
27424,2020111900100194,2020년 11월 19일 08시,목요일,경기도 남양주시 퇴계원면,경상사고,0,0,1,0,차대사람 - 길가장자리구역통행중,안전운전불이행,포장 - 젖음/습기,비,단일로 - 기타,승용,여,28세,상해없음,보행자,여,14세,경상
27425,2020111900100244,2020년 11월 19일 10시,목요일,경기도 시흥시 신천동,경상사고,0,0,1,0,차대사람 - 기타,안전운전불이행,포장 - 젖음/습기,흐림,교차로 - 교차로안,승용,남,55세,상해없음,보행자,남,44세,경상
27426,2020111900100315,2020년 11월 19일 12시,목요일,경기도 화성시 목동,중상사고,0,1,0,0,차대사람 - 횡단중,신호위반,포장 - 젖음/습기,비,교차로 - 교차로안,이륜,여,33세,상해없음,보행자,남,7세,중상
27427,2020111900100345,2020년 11월 19일 13시,목요일,경기도 이천시 창전동,경상사고,0,0,2,0,차대사람 - 기타,안전운전불이행,포장 - 건조,맑음,교차로 - 교차로부근,승용,여,15세,상해없음,보행자,여,61세,경상
27428,2020111900100378,2020년 11월 19일 14시,목요일,경기도 안양시 만안구 박달동,경상사고,0,0,1,0,차대사람 - 차도통행중,보행자보호의무위반,포장 - 건조,맑음,교차로 - 교차로안,승용,남,63세,상해없음,보행자,남,62세,경상
27429,2020111900100402,2020년 11월 19일 14시,목요일,경기도 파주시 문산읍,경상사고,0,0,1,0,차대사람 - 기타,안전운전불이행,포장 - 건조,흐림,단일로 - 기타,승용,여,36세,상해없음,보행자,여,52세,경상
27430,2020111900100410,2020년 11월 19일 15시,목요일,경기도 용인시 기흥구 상하동,경상사고,0,0,1,0,차대사람 - 기타,안전운전불이행,포장 - 건조,맑음,단일로 - 기타,승용,남,22세,상해없음,보행자,남,76세,경상
27431,2020111900100412,2020년 11월 19일 15시,목요일,경기도 안산시 상록구 본오동,경상사고,0,0,1,0,차대사람 - 차도통행중,안전운전불이행,포장 - 건조,맑음,단일로 - 기타,화물,남,49세,상해없음,보행자,남,45세,경상
27432,2020111900100481,2020년 11월 19일 17시,목요일,경기도 평택시 통복동,경상사고,0,0,1,0,차대사람 - 기타,안전운전불이행,포장 - 건조,맑음,단일로 - 기타,이륜,남,21세,상해없음,보행자,여,70세,경상
27433,2020111900100513,2020년 11월 19일 17시,목요일,경기도 고양시 덕양구 행신동,경상사고,0,0,1,0,차대사람 - 보도통행중,기타,포장 - 기타,맑음,단일로 - 기타,기타불명,기타불명,미분류,기타불명,보행자,여,22세,경상
27434,2020111900100516,2020년 11월 19일 17시,목요일,경기도 연천군 연천읍,중상사고,0,1,0,0,차대사람 - 기타,안전운전불이행,포장 - 건조,흐림,단일로 - 기타,승용,남,33세,상해없음,보행자,남,71세,중상
27435,2020111900100531,2020년 11월 19일 18시,목요일,경기도 광주시 오포읍,사망사고,1,0,0,0,차대사람 - 기타,안전운전불이행,포장 - 젖음/습기,비,기타 - 기타,승용,남,43세,상해없음,보행자,남,57세,사망
27436,2020111900100569,2020년 11월 19일 18시,목요일,경기도 고양시 일산동구 장항동,경상사고,0,0,1,0,차대사람 - 횡단중,보행자보호의무위반,포장 - 건조,맑음,교차로 - 교차로부근,승용,여,25세,상해없음,보행자,남,37세,경상
27437,2020111900100584,2020년 11월 19일 19시,목요일,경기도 성남시 분당구 서현동,경상사고,0,0,1,0,차대사람 - 기타,안전운전불이행,포장 - 건조,맑음,기타 - 기타,승용,여,32세,상해없음,보행자,여,21세,경상
27438,2020111900100589,2020년 11월 19일 19시,목요일,경기도 부천시 원종동,중상사고,0,1,0,0,차대사람 - 기타,안전운전불이행,포장 - 건조,맑음,교차로 - 교차로안,승용,남,29세,상해없음,보행자,여,41세,중상
27439,2020111900100641,2020년 11월 19일 21시,목요일,경기도 용인시 처인구 포곡읍,경상사고,0,0,1,0,차대사람 - 차도통행중,안전운전불이행,포장 - 건조,맑음,단일로 - 기타,승용,여,29세,상해없음,보행자,여,39세,경상
27440,2020111900100645,2020년 11월 19일 21시,목요일,경기도 시흥시 정왕동,부상신고사고,0,0,0,1,차대사람 - 기타,신호위반,포장 - 건조,맑음,교차로 - 교차로안,기타불명,기타불명,미분류,기타불명,보행자,여,55세,부상신고
27441,2020111900100688,2020년 11월 19일 23시,목요일,경기도 수원시 팔달구 인계동,경상사고,0,0,1,0,차대사람 - 차도통행중,안전운전불이행,포장 - 건조,맑음,교차로 - 교차로안,승용,남,21세,상해없음,보행자,여,20세,경상
27442,2020112000100008,2020년 11월 20일 00시,금요일,경기도 성남시 중원구 성남동,부상신고사고,0,0,0,1,차대사람 - 횡단중,안전운전불이행,포장 - 건조,맑음,기타 - 기타,승용,남,52세,상해없음,보행자,남,45세,부상신고
27443,2020112000100026,2020년 11월 20일 01시,금요일,경기도 성남시 분당구 서현동,중상사고,0,1,0,0,차대사람 - 횡단중,안전운전불이행,포장 - 젖음/습기,흐림,단일로 - 기타,승용,남,62세,상해없음,보행자,남,40세,중상
27444,2020112000100048,2020년 11월 20일 04시,금요일,경기도 화성시 반송동,중상사고,0,1,0,0,차대사람 - 횡단중,안전운전불이행,포장 - 건조,맑음,단일로 - 기타,승용,여,58세,상해없음,보행자,남,24세,중상
27445,2020112000100069,2020년 11월 20일 06시,금요일,경기도 수원시 권선구 권선동,경상사고,0,0,1,0,차대사람 - 기타,안전운전불이행,포장 - 건조,맑음,기타 - 기타,승용,여,47세,상해없음,보행자,남,22세,경상
27446,2020112000100091,2020년 11월 20일 07시,금요일,경기도 군포시 당정동,경상사고,0,0,1,0,차대사람 - 기타,안전운전불이행,포장 - 건조,맑음,기타 - 기타,승용,남,54세,상해없음,보행자,여,64세,경상
27447,2020112000100132,2020년 11월 20일 08시,금요일,경기도 고양시 일산동구 중산동,경상사고,0,0,1,0,차대사람 - 횡단중,신호위반,포장 - 건조,흐림,단일로 - 기타,승용,여,68세,상해없음,보행자,여,26세,경상
27448,2020112000100149,2020년 11월 20일 09시,금요일,경기도 안산시 상록구 사동,경상사고,0,0,1,0,차대사람 - 횡단중,보행자보호의무위반,포장 - 건조,맑음,교차로 - 교차로횡단보도내,승용,여,40세,상해없음,보행자,여,54세,경상
27449,2020112000100171,2020년 11월 20일 10시,금요일,경기도 하남시 춘궁동,경상사고,0,0,1,0,차대사람 - 기타,안전운전불이행,포장 - 건조,맑음,주차장 - 주차장,승용,여,72세,기타불명,보행자,여,52세,경상
27450,2020112000100193,2020년 11월 20일 11시,금요일,경기도 성남시 수정구 복정동,경상사고,0,0,1,0,차대사람 - 횡단중,보행자보호의무위반,포장 - 건조,맑음,교차로 - 교차로횡단보도내,승용,남,66세,기타불명,보행자,남,22세,경상
27451,2020112000100195,2020년 11월 20일 11시,금요일,경기도 평택시 지산동,경상사고,0,0,1,0,차대사람 - 차도통행중,안전운전불이행,포장 - 건조,맑음,교차로 - 교차로부근,승용,여,39세,상해없음,보행자,남,81세,경상
27452,2020112000100196,2020년 11월 20일 11시,금요일,경기도 안성시 공도읍,경상사고,0,0,1,0,차대사람 - 횡단중,보행자보호의무위반,포장 - 건조,맑음,교차로 - 교차로안,승합,여,41세,상해없음,보행자,여,26세,경상
27453,2020112000100235,2020년 11월 20일 12시,금요일,경기도 광주시 곤지암읍,중상사고,0,1,0,0,차대사람 - 기타,안전운전불이행,포장 - 건조,맑음,기타 - 기타,승용,남,30세,상해없음,보행자,남,86세,중상
27454,2020112000100269,2020년 11월 20일 13시,금요일,경기도 평택시 세교동,경상사고,0,0,1,0,차대사람 - 기타,안전운전불이행,포장 - 건조,맑음,단일로 - 기타,건설기계,남,55세,상해없음,보행자,여,65세,경상
27455,2020112000100272,2020년 11월 20일 13시,금요일,경기도 김포시 사우동,부상신고사고,0,0,0,1,차대사람 - 차도통행중,안전운전불이행,포장 - 건조,맑음,기타 - 기타,기타불명,기타불명,미분류,기타불명,보행자,남,71세,부상신고
27456,2020112000100343,2020년 11월 20일 15시,금요일,경기도 양평군 양평읍,경상사고,0,0,1,0,차대사람 - 차도통행중,안전운전불이행,포장 - 건조,맑음,단일로 - 기타,화물,남,60세,상해없음,보행자,남,5세,경상
27457,2020112000100369,2020년 11월 20일 15시,금요일,경기도 남양주시 오남읍,경상사고,0,0,1,0,차대사람 - 기타,안전운전불이행,포장 - 건조,흐림,단일로 - 기타,화물,남,58세,상해없음,보행자,남,50세,경상
27458,2020112000100413,2020년 11월 20일 16시,금요일,경기도 양주시 산북동,경상사고,0,0,1,0,차대사람 - 기타,안전운전불이행,포장 - 건조,맑음,기타 - 기타,승용,남,28세,상해없음,보행자,남,38세,경상
27459,2020112000100429,2020년 11월 20일 17시,금요일,경기도 광명시 일직동,경상사고,0,0,1,0,차대사람 - 기타,안전운전불이행,포장 - 건조,맑음,단일로 - 기타,승용,남,36세,상해없음,보행자,남,43세,경상
27460,2020112000100434,2020년 11월 20일 17시,금요일,경기도 하남시 초이동,경상사고,0,0,1,0,차대사람 - 기타,안전운전불이행,포장 - 건조,맑음,교차로 - 교차로부근,승용,남,57세,상해없음,보행자,남,49세,경상
27461,2020112000100435,2020년 11월 20일 17시,금요일,경기도 하남시 풍산동,경상사고,0,0,1,0,차대사람 - 기타,안전운전불이행,포장 - 건조,맑음,기타 - 기타,자전거,남,12세,상해없음,보행자,여,59세,경상
27462,2020112000100436,2020년 11월 20일 17시,금요일,경기도 용인시 기흥구 보정동,경상사고,0,0,1,0,차대사람 - 횡단중,신호위반,포장 - 건조,맑음,교차로 - 교차로안,승용,남,69세,기타불명,보행자,남,54세,경상
27463,2020112000100517,2020년 11월 20일 18시,금요일,경기도 화성시 남양읍,중상사고,0,1,0,0,차대사람 - 횡단중,안전운전불이행,포장 - 건조,맑음,교차로 - 교차로부근,승용,남,34세,상해없음,보행자,여,83세,중상
27464,2020112000100556,2020년 11월 20일 18시,금요일,경기도 의정부시 가능동,중상사고,0,1,0,0,차대사람 - 횡단중,안전운전불이행,포장 - 건조,맑음,교차로 - 교차로부근,화물,남,31세,상해없음,보행자,남,54세,중상
27465,2020112000100626,2020년 11월 20일 20시,금요일,경기도 수원시 권선구 탑동,경상사고,0,0,3,0,차대사람 - 횡단중,신호위반,포장 - 건조,맑음,교차로 - 교차로횡단보도내,화물,남,57세,상해없음,보행자,남,16세,경상
27466,2020112000100629,2020년 11월 20일 20시,금요일,경기도 용인시 수지구 풍덕천동,중상사고,0,2,0,0,차대사람 - 기타,안전운전불이행,포장 - 건조,맑음,교차로 - 교차로횡단보도내,승용,여,42세,상해없음,보행자,여,59세,중상
27467,2020112000100684,2020년 11월 20일 22시,금요일,경기도 성남시 분당구 야탑동,경상사고,0,0,1,1,차대사람 - 횡단중,신호위반,포장 - 건조,맑음,교차로 - 교차로안,이륜,여,26세,부상신고,보행자,여,44세,경상
27468,2020112000100716,2020년 11월 20일 23시,금요일,경기도 안산시 상록구 본오동,경상사고,0,0,1,0,차대사람 - 횡단중,보행자보호의무위반,포장 - 건조,맑음,교차로 - 교차로횡단보도내,승용,남,33세,상해없음,보행자,여,17세,경상
27469,2020112100100080,2020년 11월 21일 06시,토요일,경기도 화성시 남양읍,중상사고,0,1,0,0,차대사람 - 기타,보행자보호의무위반,포장 - 건조,맑음,교차로 - 교차로안,승용,남,70세,상해없음,보행자,남,49세,중상