,사고번호,사고일시,요일,시군구,사고내용,사망자수,중상자수,경상자수,부상신고자수,사고유형,법규위반,노면상태,기상상태,도로형태,가해운전자 차종,가해운전자 성별,가해운전자 연령,가해운전자 상해정도,피해운전자 차종,피해운전자 성별,피해운전자 연령,피해운전자 상해정도
27470,2020112100100119,2020년 11월 21일 08시,토요일,경기도 고양시 덕양구 주교동,부상신고사고,0,0,0,1,차대사람 - 길가장자리구역통행중,안전운전불이행,포장 - 건조,맑음,단일로 - 지하차도(도로)내,승용,여,60세,상해없음,보행자,남,53세,부상신고
27471,2020112100100206,2020년 11월 21일 11시,토요일,경기도 남양주시 화도읍,중상사고,0,1,0,0,차대사람 - 횡단중,안전운전불이행,포장 - 건조,맑음,교차로 - 교차로안,화물,남,46세,상해없음,보행자,여,77세,중상
27472,2020112100100340,2020년 11월 21일 15시,토요일,경기도 성남시 수정구 수진동,경상사고,0,0,1,1,차대사람 - 기타,안전운전불이행,포장 - 건조,맑음,단일로 - 기타,이륜,남,78세,부상신고,보행자,여,27세,경상
27473,2020112100100388,2020년 11월 21일 16시,토요일,경기도 의정부시 의정부동,경상사고,0,0,1,0,차대사람 - 기타,안전운전불이행,포장 - 건조,맑음,단일로 - 기타,자전거,남,53세,상해없음,보행자,남,31세,경상
27474,2020112100100389,2020년 11월 21일 16시,토요일,경기도 파주시 야당동,경상사고,0,0,1,0,차대사람 - 기타,기타,포장 - 건조,맑음,단일로 - 기타,화물,남,56세,상해없음,보행자,남,82세,경상
27475,2020112100100401,2020년 11월 21일 17시,토요일,경기도 수원시 팔달구 매향동,중상사고,0,1,0,0,차대사람 - 보도통행중,신호위반,포장 - 건조,맑음,단일로 - 기타,승용,남,54세,상해없음,보행자,남,78세,중상
27476,2020112100100402,2020년 11월 21일 17시,토요일,경기도 수원시 장안구 정자동,중상사고,0,1,1,0,차대사람 - 횡단중,보행자보호의무위반,포장 - 건조,맑음,교차로 - 교차로횡단보도내,승용,남,55세,상해없음,보행자,여,48세,중상
27477,2020112100100475,2020년 11월 21일 18시,토요일,경기도 남양주시 화도읍,부상신고사고,0,0,0,1,차대사람 - 횡단중,보행자보호의무위반,포장 - 건조,맑음,교차로 - 교차로안,이륜,남,16세,상해없음,보행자,남,20세,부상신고
27478,2020112100100488,2020년 11월 21일 19시,토요일,경기도 부천시 중동,중상사고,0,1,0,0,차대사람 - 횡단중,보행자보호의무위반,포장 - 건조,맑음,단일로 - 기타,승용,남,49세,상해없음,보행자,여,27세,중상
27479,2020112100100525,2020년 11월 21일 20시,토요일,경기도 부천시 작동,경상사고,0,0,1,0,차대사람 - 기타,안전운전불이행,포장 - 건조,맑음,단일로 - 기타,화물,남,45세,상해없음,보행자,여,42세,경상
27480,2020112100100542,2020년 11월 21일 21시,토요일,경기도 평택시 서정동,경상사고,0,0,1,0,차대사람 - 기타,안전운전불이행,포장 - 건조,맑음,단일로 - 기타,승용,남,62세,기타불명,보행자,남,30세,경상
27481,2020112100100543,2020년 11월 21일 21시,토요일,경기도 부천시 중동,경상사고,0,0,1,0,차대사람 - 기타,기타,포장 - 건조,맑음,단일로 - 기타,개인형이동수단(PM),여,14세,기타불명,보행자,여,24세,경상
27482,2020112100100583,2020년 11월 21일 23시,토요일,경기도 평택시 동삭동,중상사고,0,1,0,0,차대사람 - 기타,안전운전불이행,포장 - 건조,맑음,단일로 - 기타,승용,남,54세,상해없음,보행자,남,30세,중상
27483,2020112100100585,2020년 11월 21일 23시,토요일,경기도 안산시 단원구 원곡동,경상사고,0,0,3,0,차대사람 - 기타,안전운전불이행,포장 - 젖음/습기,비,교차로 - 교차로부근,승용,남,31세,상해없음,보행자,남,35세,경상
27484,2020112100100587,2020년 11월 21일 23시,토요일,경기도 군포시 당동,경상사고,0,0,1,0,차대사람 - 기타,보행자보호의무위반,포장 - 젖음/습기,비,교차로 - 교차로안,승용,여,27세,상해없음,보행자,여,46세,경상
27485,2020112200100039,2020년 11월 22일 02시,일요일,경기도 안성시 죽산면,사망사고,1,0,0,0,차대사람 - 길가장자리구역통행중,안전운전불이행,포장 - 젖음/습기,비,단일로 - 기타,승용,남,22세,상해없음,보행자,남,23세,사망
27486,2020112200100072,2020년 11월 22일 05시,일요일,경기도 광명시 광명동,중상사고,0,1,0,0,차대사람 - 횡단중,안전운전불이행,포장 - 젖음/습기,비,교차로 - 교차로안,이륜,남,18세,기타불명,보행자,남,49세,중상
27487,2020112200100073,2020년 11월 22일 05시,일요일,경기도 수원시 팔달구 인계동,경상사고,0,0,1,0,차대사람 - 기타,안전운전불이행,포장 - 젖음/습기,비,교차로 - 교차로안,승용,남,20세,상해없음,보행자,남,32세,경상
27488,2020112200100150,2020년 11월 22일 12시,일요일,경기도 안산시 단원구 원곡동,중상사고,0,1,0,0,차대사람 - 차도통행중,안전운전불이행,포장 - 건조,맑음,단일로 - 기타,승합,남,59세,상해없음,보행자,여,29세,중상
27489,2020112200100171,2020년 11월 22일 13시,일요일,경기도 수원시 장안구 정자동,중상사고,0,1,0,0,차대사람 - 기타,안전운전불이행,포장 - 건조,맑음,기타 - 기타,승용,남,42세,상해없음,보행자,여,55세,중상
27490,2020112200100198,2020년 11월 22일 14시,일요일,경기도 김포시 고촌읍,경상사고,0,0,1,0,차대사람 - 횡단중,안전운전불이행,포장 - 건조,맑음,단일로 - 기타,승용,여,57세,상해없음,보행자,여,27세,경상
27491,2020112200100199,2020년 11월 22일 14시,일요일,경기도 안산시 단원구 와동,중상사고,0,1,0,0,차대사람 - 횡단중,안전운전불이행,포장 - 건조,흐림,교차로 - 교차로부근,승용,남,58세,상해없음,보행자,여,64세,중상
27492,2020112200100218,2020년 11월 22일 14시,일요일,경기도 고양시 일산서구 대화동,경상사고,0,0,1,0,차대사람 - 횡단중,보행자보호의무위반,포장 - 건조,맑음,교차로 - 교차로횡단보도내,승용,여,35세,상해없음,보행자,여,32세,경상
27493,2020112200100230,2020년 11월 22일 15시,일요일,경기도 오산시 오산동,경상사고,0,0,1,0,차대사람 - 횡단중,안전운전불이행,포장 - 건조,맑음,기타 - 기타,승용,남,36세,기타불명,보행자,남,28세,경상
27494,2020112200100232,2020년 11월 22일 15시,일요일,경기도 안산시 상록구 본오동,중상사고,0,1,0,0,차대사람 - 길가장자리구역통행중,기타,포장 - 건조,맑음,단일로 - 기타,승용,남,46세,상해없음,보행자,여,52세,중상
27495,2020112200100282,2020년 11월 22일 17시,일요일,경기도 화성시 향남읍,경상사고,0,0,1,0,차대사람 - 기타,교차로운행방법위반,포장 - 건조,맑음,교차로 - 교차로부근,승용,남,57세,상해없음,보행자,남,57세,경상
27496,2020112200100283,2020년 11월 22일 17시,일요일,경기도 안양시 만안구 안양동,경상사고,0,0,1,0,차대사람 - 기타,안전운전불이행,포장 - 건조,맑음,기타 - 기타,승용,남,61세,상해없음,보행자,여,19세,경상
27497,2020112200100311,2020년 11월 22일 18시,일요일,경기도 오산시 오산동,경상사고,0,0,2,0,차대사람 - 횡단중,안전운전불이행,포장 - 건조,맑음,교차로 - 교차로안,승용,남,26세,상해없음,보행자,남,41세,경상
27498,2020112200100340,2020년 11월 22일 19시,일요일,경기도 안산시 상록구 본오동,경상사고,0,0,1,0,차대사람 - 기타,기타,포장 - 건조,맑음,기타 - 기타,이륜,남,19세,상해없음,보행자,남,23세,경상
27499,2020112200100388,2020년 11월 22일 21시,일요일,경기도 용인시 수지구 풍덕천동,경상사고,0,0,1,0,차대사람 - 기타,신호위반,포장 - 건조,맑음,교차로 - 교차로부근,승용,여,50세,상해없음,보행자,여,30세,경상
27500,2020112200100420,2020년 11월 22일 23시,일요일,경기도 시흥시 정왕동,중상사고,0,1,0,0,차대사람 - 기타,안전운전불이행,포장 - 건조,맑음,단일로 - 기타,승용,남,36세,상해없음,보행자,남,35세,중상
27501,2020112300100014,2020년 11월 23일 01시,월요일,경기도 광주시 오포읍,중상사고,0,1,0,0,차대사람 - 기타,안전운전불이행,포장 - 건조,맑음,기타 - 기타,승용,남,65세,상해없음,보행자,여,46세,중상
27502,2020112300100059,2020년 11월 23일 07시,월요일,경기도 부천시 괴안동,경상사고,0,0,1,0,차대사람 - 기타,안전운전불이행,포장 - 기타,맑음,단일로 - 기타,승용,여,49세,상해없음,보행자,여,71세,경상
27503,2020112300100063,2020년 11월 23일 07시,월요일,경기도 수원시 팔달구 매산로1가,중상사고,0,1,0,0,차대사람 - 차도통행중,안전운전불이행,포장 - 건조,맑음,단일로 - 기타,승용,남,47세,상해없음,보행자,여,47세,중상
27504,2020112300100200,2020년 11월 23일 11시,월요일,경기도 양평군 양서면,경상사고,0,0,1,0,차대사람 - 보도통행중,안전운전불이행,포장 - 건조,맑음,단일로 - 기타,승합,남,38세,상해없음,보행자,남,29세,경상
27505,2020112300100320,2020년 11월 23일 14시,월요일,경기도 안성시 영동,경상사고,0,0,1,0,차대사람 - 기타,안전운전불이행,포장 - 건조,기타,단일로 - 기타,화물,남,60세,상해없음,보행자,남,40세,경상
27506,2020112300100383,2020년 11월 23일 16시,월요일,경기도 평택시 비전동,경상사고,0,0,1,0,차대사람 - 기타,안전운전불이행,포장 - 건조,맑음,교차로 - 교차로부근,승합,남,66세,상해없음,보행자,여,16세,경상
27507,2020112300100388,2020년 11월 23일 16시,월요일,경기도 의왕시 삼동,중상사고,0,1,0,0,차대사람 - 기타,안전운전불이행,포장 - 건조,맑음,단일로 - 기타,승용,여,45세,상해없음,보행자,여,71세,중상
27508,2020112300100430,2020년 11월 23일 17시,월요일,경기도 김포시 북변동,중상사고,0,1,0,0,차대사람 - 기타,안전운전불이행,포장 - 건조,맑음,기타 - 기타,승합,남,59세,기타불명,보행자,여,58세,중상
27509,2020112300100439,2020년 11월 23일 17시,월요일,경기도 화성시 병점동,경상사고,0,0,1,0,차대사람 - 보도통행중,보행자보호의무위반,포장 - 건조,맑음,교차로 - 교차로안,승용,남,22세,상해없음,보행자,남,11세,경상
27510,2020112300100487,2020년 11월 23일 18시,월요일,경기도 시흥시 정왕동,경상사고,0,0,1,0,차대사람 - 차도통행중,안전운전불이행,포장 - 건조,맑음,단일로 - 기타,이륜,남,38세,기타불명,보행자,남,59세,경상
27511,2020112300100490,2020년 11월 23일 18시,월요일,경기도 하남시 망월동,부상신고사고,0,0,0,1,차대사람 - 횡단중,신호위반,포장 - 건조,맑음,교차로 - 교차로부근,이륜,남,25세,상해없음,보행자,남,12세,부상신고
27512,2020112300100525,2020년 11월 23일 18시,월요일,경기도 고양시 덕양구 행신동,경상사고,0,0,1,0,차대사람 - 횡단중,신호위반,포장 - 건조,맑음,교차로 - 교차로부근,승용,남,70세,상해없음,보행자,남,75세,경상
27513,2020112300100532,2020년 11월 23일 19시,월요일,경기도 김포시 마산동,경상사고,0,0,1,0,차대사람 - 보도통행중,기타,포장 - 건조,맑음,기타 - 기타,이륜,남,22세,상해없음,보행자,여,46세,경상
27514,2020112300100552,2020년 11월 23일 19시,월요일,경기도 고양시 일산서구 일산동,경상사고,0,0,1,0,차대사람 - 횡단중,안전운전불이행,포장 - 건조,맑음,단일로 - 기타,승용,여,53세,상해없음,보행자,여,24세,경상
27515,2020112300100562,2020년 11월 23일 20시,월요일,경기도 부천시 상동,경상사고,0,0,1,0,차대사람 - 횡단중,신호위반,포장 - 건조,맑음,교차로 - 교차로안,자전거,남,17세,상해없음,보행자,남,65세,경상
27516,2020112300100565,2020년 11월 23일 20시,월요일,경기도 성남시 중원구 성남동,중상사고,0,1,0,0,차대사람 - 기타,안전운전불이행,포장 - 건조,맑음,교차로 - 교차로안,승용,남,33세,기타불명,보행자,여,76세,중상
27517,2020112300100598,2020년 11월 23일 21시,월요일,경기도 양주시 덕정동,중상사고,0,1,0,0,차대사람 - 횡단중,보행자보호의무위반,포장 - 건조,맑음,교차로 - 교차로횡단보도내,기타불명,기타불명,미분류,기타불명,보행자,남,59세,중상
27518,2020112300100605,2020년 11월 23일 22시,월요일,경기도 수원시 권선구 세류동,중상사고,0,1,0,0,차대사람 - 횡단중,안전운전불이행,포장 - 건조,맑음,교차로 - 교차로부근,화물,남,55세,상해없음,보행자,여,76세,중상
27519,2020112300100614,2020년 11월 23일 23시,월요일,경기도 성남시 수정구 신흥동,부상신고사고,0,0,0,1,차대사람 - 기타,안전운전불이행,포장 - 건조,맑음,교차로 - 교차로안,승용,남,44세,상해없음,보행자,남,22세,부상신고
27520,2020112300100617,2020년 11월 23일 23시,월요일,경기도 수원시 팔달구 우만동,경상사고,0,0,1,0,차대사람 - 횡단중,보행자보호의무위반,포장 - 건조,맑음,단일로 - 기타,승용,여,38세,상해없음,보행자,남,23세,경상
27521,2020112400100010,2020년 11월 24일 00시,화요일,경기도 안산시 상록구 부곡동,경상사고,0,0,1,0,차대사람 - 차도통행중,안전운전불이행,포장 - 건조,맑음,단일로 - 기타,승용,남,45세,상해없음,보행자,여,19세,경상
27522,2020112400100080,2020년 11월 24일 07시,화요일,경기도 남양주시 진접읍,경상사고,0,0,1,0,차대사람 - 기타,안전운전불이행,포장 - 건조,맑음,단일로 - 기타,승합,남,33세,상해없음,보행자,여,61세,경상
27523,2020112400100092,2020년 11월 24일 08시,화요일,경기도 안산시 상록구 이동,중상사고,0,1,0,0,차대사람 - 횡단중,보행자보호의무위반,포장 - 건조,맑음,교차로 - 교차로횡단보도내,승용,여,50세,상해없음,보행자,여,24세,중상
27524,2020112400100093,2020년 11월 24일 08시,화요일,경기도 하남시 신장동,경상사고,0,0,1,0,차대사람 - 기타,기타,포장 - 건조,맑음,단일로 - 기타,승용,여,49세,상해없음,보행자,여,65세,경상
27525,2020112400100211,2020년 11월 24일 12시,화요일,경기도 안양시 동안구 관양동,중상사고,0,1,0,0,차대사람 - 차도통행중,안전운전불이행,포장 - 건조,맑음,교차로 - 교차로부근,승용,남,33세,상해없음,보행자,여,64세,중상
27526,2020112400100217,2020년 11월 24일 12시,화요일,경기도 하남시 풍산동,중상사고,0,1,0,0,차대사람 - 기타,안전운전불이행,포장 - 건조,맑음,단일로 - 기타,화물,남,40세,상해없음,보행자,남,50세,중상
27527,2020112400100229,2020년 11월 24일 12시,화요일,경기도 남양주시 와부읍,중상사고,0,1,0,0,차대사람 - 기타,안전운전불이행,포장 - 건조,흐림,교차로 - 교차로부근,승용,여,49세,상해없음,보행자,여,80세,중상
27528,2020112400100242,2020년 11월 24일 13시,화요일,경기도 수원시 장안구 정자동,경상사고,0,0,2,0,차대사람 - 횡단중,안전운전불이행,포장 - 건조,맑음,단일로 - 기타,이륜,남,25세,상해없음,보행자,남,68세,경상
27529,2020112400100247,2020년 11월 24일 13시,화요일,경기도 수원시 팔달구 매산로3가,경상사고,0,0,1,0,차대사람 - 기타,안전운전불이행,포장 - 건조,맑음,단일로 - 기타,승용,남,51세,상해없음,보행자,남,50세,경상
27530,2020112400100274,2020년 11월 24일 14시,화요일,경기도 안산시 상록구 월피동,경상사고,0,0,1,0,차대사람 - 기타,안전운전불이행,포장 - 건조,맑음,단일로 - 기타,승용,여,42세,상해없음,보행자,여,18세,경상
27531,2020112400100320,2020년 11월 24일 15시,화요일,경기도 안양시 만안구 안양동,경상사고,0,0,1,0,차대사람 - 기타,안전운전불이행,포장 - 건조,맑음,단일로 - 기타,자전거,남,63세,상해없음,보행자,여,53세,경상
27532,2020112400100349,2020년 11월 24일 15시,화요일,경기도 의정부시 호원동,중상사고,0,1,0,0,차대사람 - 길가장자리구역통행중,안전운전불이행,포장 - 건조,맑음,단일로 - 기타,승용,여,48세,상해없음,보행자,여,60세,중상
27533,2020112400100350,2020년 11월 24일 15시,화요일,경기도 고양시 일산동구 식사동,중상사고,0,2,0,0,차대사람 - 횡단중,안전운전불이행,포장 - 건조,맑음,단일로 - 기타,승용,여,51세,상해없음,보행자,남,11세,중상
27534,2020112400100412,2020년 11월 24일 17시,화요일,경기도 부천시 원미동,경상사고,0,0,1,0,차대사람 - 보도통행중,안전운전불이행,포장 - 건조,맑음,기타 - 기타,개인형이동수단(PM),남,24세,상해없음,보행자,여,36세,경상
27535,2020112400100441,2020년 11월 24일 17시,화요일,경기도 구리시 교문동,중상사고,0,1,0,0,차대사람 - 기타,안전운전불이행,포장 - 건조,맑음,단일로 - 기타,승용,남,64세,기타불명,보행자,남,62세,중상
27536,2020112400100457,2020년 11월 24일 18시,화요일,경기도 안성시 아양동,경상사고,0,0,1,0,차대사람 - 차도통행중,안전운전불이행,포장 - 건조,맑음,기타 - 기타,승용,남,29세,상해없음,보행자,남,70세,경상
27537,2020112400100465,2020년 11월 24일 18시,화요일,경기도 하남시 덕풍동,중상사고,0,1,0,0,차대사람 - 기타,안전운전불이행,포장 - 건조,맑음,기타 - 기타,승용,여,67세,상해없음,보행자,남,61세,중상
27538,2020112400100506,2020년 11월 24일 18시,화요일,경기도 의정부시 호원동,경상사고,0,0,1,0,차대사람 - 횡단중,교차로운행방법위반,포장 - 건조,맑음,교차로 - 교차로안,승용,남,52세,상해없음,보행자,남,40세,경상
27539,2020112400100507,2020년 11월 24일 18시,화요일,경기도 구리시 수택동,경상사고,0,0,1,1,차대사람 - 기타,안전운전불이행,포장 - 건조,맑음,단일로 - 기타,자전거,남,56세,부상신고,보행자,여,60세,경상
27540,2020112400100508,2020년 11월 24일 18시,화요일,경기도 남양주시 별내동,경상사고,0,0,1,0,차대사람 - 기타,안전운전불이행,포장 - 건조,맑음,단일로 - 기타,화물,남,48세,상해없음,보행자,남,54세,경상
27541,2020112400100509,2020년 11월 24일 18시,화요일,경기도 양주시 덕계동,경상사고,0,0,1,0,차대사람 - 차도통행중,안전운전불이행,포장 - 건조,맑음,교차로 - 교차로부근,화물,남,45세,상해없음,보행자,남,58세,경상
27542,2020112400100524,2020년 11월 24일 19시,화요일,경기도 부천시 심곡동,경상사고,0,0,1,0,차대사람 - 기타,안전운전불이행,포장 - 건조,맑음,교차로 - 교차로부근,승용,남,65세,상해없음,보행자,여,34세,경상
27543,2020112400100525,2020년 11월 24일 19시,화요일,경기도 부천시 심곡동,중상사고,0,1,0,0,차대사람 - 기타,안전운전불이행,포장 - 건조,맑음,단일로 - 기타,승용,남,62세,상해없음,보행자,남,62세,중상
27544,2020112400100544,2020년 11월 24일 19시,화요일,경기도 고양시 덕양구 화정동,경상사고,0,0,1,0,차대사람 - 기타,안전운전불이행,포장 - 건조,맑음,단일로 - 기타,승용,남,44세,상해없음,보행자,남,52세,경상
27545,2020112400100545,2020년 11월 24일 19시,화요일,경기도 양주시 고읍동,중상사고,0,1,0,0,차대사람 - 횡단중,안전운전불이행,포장 - 건조,맑음,교차로 - 교차로횡단보도내,승용,남,55세,상해없음,보행자,남,63세,중상
27546,2020112400100548,2020년 11월 24일 19시,화요일,경기도 연천군 전곡읍,경상사고,0,0,1,0,차대사람 - 횡단중,안전운전불이행,포장 - 건조,맑음,단일로 - 기타,이륜,남,57세,상해없음,보행자,남,50세,경상
27547,2020112400100559,2020년 11월 24일 20시,화요일,경기도 안산시 단원구 선부동,경상사고,0,0,1,0,차대사람 - 횡단중,안전운전불이행,포장 - 건조,맑음,단일로 - 기타,승용,남,36세,상해없음,보행자,남,17세,경상
27548,2020112400100585,2020년 11월 24일 21시,화요일,경기도 안산시 단원구 선부동,경상사고,0,0,1,0,차대사람 - 기타,안전운전불이행,포장 - 건조,맑음,교차로 - 교차로부근,승합,남,53세,상해없음,보행자,남,57세,경상
27549,2020112500100034,2020년 11월 25일 06시,수요일,경기도 광주시 곤지암읍,경상사고,0,0,1,0,차대사람 - 길가장자리구역통행중,안전운전불이행,포장 - 건조,맑음,단일로 - 기타,승용,남,35세,상해없음,보행자,남,65세,경상
27550,2020112500100076,2020년 11월 25일 08시,수요일,경기도 안양시 동안구 비산동,경상사고,0,0,1,0,차대사람 - 기타,안전운전불이행,포장 - 건조,맑음,교차로 - 교차로안,승용,여,67세,기타불명,보행자,남,23세,경상
27551,2020112500100176,2020년 11월 25일 10시,수요일,경기도 의정부시 의정부동,중상사고,0,1,0,0,차대사람 - 기타,안전운전불이행,포장 - 건조,맑음,단일로 - 교량,승용,남,49세,상해없음,보행자,남,81세,중상
27552,2020112500100188,2020년 11월 25일 11시,수요일,경기도 부천시 중동,중상사고,0,1,0,0,차대사람 - 길가장자리구역통행중,안전운전불이행,포장 - 건조,맑음,교차로 - 교차로부근,승용,남,73세,상해없음,보행자,여,63세,중상
27553,2020112500100212,2020년 11월 25일 11시,수요일,경기도 구리시 수택동,중상사고,0,1,0,0,차대사람 - 차도통행중,안전운전불이행,포장 - 건조,맑음,단일로 - 기타,승용,남,44세,상해없음,보행자,여,59세,중상
27554,2020112500100219,2020년 11월 25일 12시,수요일,경기도 부천시 중동,중상사고,0,1,0,0,차대사람 - 기타,안전운전불이행,포장 - 건조,맑음,단일로 - 기타,승용,남,68세,상해없음,보행자,여,69세,중상
27555,2020112500100222,2020년 11월 25일 12시,수요일,경기도 하남시 광암동,중상사고,0,1,0,0,차대사람 - 차도통행중,안전운전불이행,포장 - 건조,맑음,교차로 - 교차로부근,화물,남,63세,상해없음,보행자,남,44세,중상
27556,2020112500100287,2020년 11월 25일 14시,수요일,경기도 용인시 처인구 백암면,경상사고,0,0,1,0,차대사람 - 횡단중,안전운전불이행,포장 - 건조,맑음,교차로 - 교차로안,승용,여,52세,상해없음,보행자,여,79세,경상
27557,2020112500100326,2020년 11월 25일 15시,수요일,경기도 안산시 상록구 본오동,경상사고,0,0,1,0,차대사람 - 보도통행중,보행자보호의무위반,포장 - 건조,맑음,교차로 - 교차로횡단보도내,원동기,남,43세,상해없음,보행자,남,10세,경상
27558,2020112500100366,2020년 11월 25일 16시,수요일,경기도 안성시 대천동,경상사고,0,0,1,0,차대사람 - 기타,안전운전불이행,포장 - 건조,맑음,단일로 - 기타,승용,남,25세,상해없음,보행자,여,29세,경상
27559,2020112500100372,2020년 11월 25일 16시,수요일,경기도 부천시 삼정동,중상사고,0,1,0,0,차대사람 - 기타,안전운전불이행,포장 - 건조,맑음,단일로 - 기타,화물,남,61세,상해없음,보행자,남,53세,중상
27560,2020112500100411,2020년 11월 25일 17시,수요일,경기도 광명시 광명동,경상사고,0,0,1,0,차대사람 - 길가장자리구역통행중,안전운전불이행,포장 - 건조,맑음,단일로 - 기타,승용,남,53세,상해없음,보행자,여,67세,경상
27561,2020112500100460,2020년 11월 25일 18시,수요일,경기도 용인시 처인구 양지면,경상사고,0,0,1,0,차대사람 - 횡단중,안전운전불이행,포장 - 건조,맑음,단일로 - 기타,승용,남,41세,상해없음,보행자,여,37세,경상
27562,2020112500100464,2020년 11월 25일 18시,수요일,경기도 군포시 산본동,중상사고,0,1,0,0,차대사람 - 기타,안전운전불이행,포장 - 건조,맑음,기타 - 기타,승용,남,73세,상해없음,보행자,여,90세,중상
27563,2020112500100467,2020년 11월 25일 18시,수요일,경기도 성남시 분당구 금곡동,경상사고,0,0,1,0,차대사람 - 기타,안전운전불이행,포장 - 건조,흐림,교차로 - 교차로횡단보도내,승용,남,36세,상해없음,보행자,남,33세,경상
27564,2020112500100507,2020년 11월 25일 18시,수요일,경기도 남양주시 오남읍,경상사고,0,0,1,0,차대사람 - 횡단중,안전운전불이행,포장 - 건조,맑음,교차로 - 교차로안,승용,남,48세,상해없음,보행자,남,55세,경상
27565,2020112500100509,2020년 11월 25일 18시,수요일,경기도 남양주시 진접읍,경상사고,0,0,1,0,차대사람 - 횡단중,안전운전불이행,포장 - 건조,맑음,교차로 - 교차로안,승용,남,61세,상해없음,보행자,남,67세,경상
27566,2020112500100521,2020년 11월 25일 19시,수요일,경기도 부천시 중동,경상사고,0,0,1,0,차대사람 - 횡단중,보행자보호의무위반,포장 - 건조,맑음,교차로 - 교차로횡단보도내,승용,여,61세,상해없음,보행자,여,23세,경상
27567,2020112500100524,2020년 11월 25일 19시,수요일,경기도 하남시 망월동,경상사고,0,0,1,0,차대사람 - 기타,기타,포장 - 건조,맑음,기타 - 기타,이륜,남,20세,상해없음,보행자,남,22세,경상
27568,2020112500100526,2020년 11월 25일 19시,수요일,경기도 화성시 병점동,중상사고,0,1,0,0,차대사람 - 차도통행중,기타,포장 - 건조,맑음,단일로 - 기타,승합,남,57세,상해없음,보행자,남,61세,중상
27569,2020112500100550,2020년 11월 25일 20시,수요일,경기도 부천시 약대동,경상사고,0,0,1,0,차대사람 - 보도통행중,안전운전불이행,포장 - 건조,맑음,단일로 - 기타,승용,남,58세,상해없음,보행자,남,34세,경상
27570,2020112500100553,2020년 11월 25일 20시,수요일,경기도 수원시 권선구 구운동,중상사고,0,1,0,0,차대사람 - 횡단중,안전운전불이행,포장 - 건조,맑음,교차로 - 교차로안,승합,남,58세,상해없음,보행자,여,65세,중상
27571,2020112500100593,2020년 11월 25일 21시,수요일,경기도 남양주시 오남읍,부상신고사고,0,0,0,1,차대사람 - 횡단중,안전운전불이행,포장 - 건조,맑음,단일로 - 기타,기타불명,기타불명,미분류,기타불명,보행자,남,76세,부상신고
27572,2020112500100594,2020년 11월 25일 21시,수요일,경기도 양주시 덕계동,중상사고,0,1,0,0,차대사람 - 기타,안전운전불이행,포장 - 건조,맑음,단일로 - 기타,승합,남,60세,상해없음,보행자,남,56세,중상
27573,2020112500100601,2020년 11월 25일 22시,수요일,경기도 수원시 팔달구 화서동,경상사고,0,0,1,0,차대사람 - 기타,안전운전불이행,포장 - 건조,맑음,단일로 - 기타,승용,남,43세,상해없음,보행자,여,47세,경상
27574,2020112500100603,2020년 11월 25일 22시,수요일,경기도 부천시 원미동,경상사고,0,0,1,0,차대사람 - 기타,안전운전불이행,포장 - 건조,맑음,단일로 - 기타,승용,남,66세,상해없음,보행자,남,40세,경상
27575,2020112500100604,2020년 11월 25일 22시,수요일,경기도 광명시 소하동,경상사고,0,0,1,0,차대사람 - 기타,안전운전불이행,포장 - 건조,맑음,단일로 - 기타,승용,남,45세,상해없음,보행자,남,45세,경상
27576,2020112600100003,2020년 11월 26일 00시,목요일,경기도 시흥시 대야동,경상사고,0,0,1,0,차대사람 - 기타,안전운전불이행,포장 - 건조,맑음,교차로 - 교차로부근,승용,남,54세,상해없음,보행자,남,43세,경상
27577,2020112600100038,2020년 11월 26일 05시,목요일,경기도 평택시 모곡동,중상사고,0,1,0,0,차대사람 - 횡단중,과속,포장 - 건조,맑음,단일로 - 기타,승용,남,20세,상해없음,보행자,남,52세,중상
27578,2020112600100053,2020년 11월 26일 06시,목요일,경기도 시흥시 월곶동,중상사고,0,1,0,0,차대사람 - 횡단중,보행자보호의무위반,포장 - 건조,맑음,교차로 - 교차로횡단보도내,승용,여,50세,상해없음,보행자,남,71세,중상
27579,2020112600100156,2020년 11월 26일 10시,목요일,경기도 부천시 중동,경상사고,0,0,1,0,차대사람 - 횡단중,보행자보호의무위반,포장 - 건조,맑음,교차로 - 교차로횡단보도내,승용,남,58세,상해없음,보행자,남,52세,경상
27580,2020112600100189,2020년 11월 26일 11시,목요일,경기도 성남시 분당구 금곡동,경상사고,0,0,1,0,차대사람 - 보도통행중,기타,포장 - 건조,맑음,기타 - 기타,화물,남,65세,상해없음,보행자,남,65세,경상
27581,2020112600100272,2020년 11월 26일 14시,목요일,경기도 부천시 소사본동,중상사고,0,1,0,0,차대사람 - 차도통행중,안전운전불이행,포장 - 건조,맑음,단일로 - 기타,이륜,남,21세,상해없음,보행자,여,66세,중상