,사고번호,사고일시,요일,시군구,사고내용,사망자수,중상자수,경상자수,부상신고자수,사고유형,법규위반,노면상태,기상상태,도로형태,가해운전자 차종,가해운전자 성별,가해운전자 연령,가해운전자 상해정도,피해운전자 차종,피해운전자 성별,피해운전자 연령,피해운전자 상해정도
27694,2020120200100242,2020년 12월 2일 14시,수요일,경기도 성남시 중원구 상대원동,부상신고사고,0,0,0,1,차대사람 - 기타,안전운전불이행,포장 - 건조,맑음,기타 - 기타,승용,남,63세,상해없음,보행자,남,98세 이상,부상신고
27695,2020120200100280,2020년 12월 2일 15시,수요일,경기도 용인시 기흥구 보정동,경상사고,0,0,1,0,차대사람 - 횡단중,보행자보호의무위반,포장 - 건조,맑음,교차로 - 교차로안,승용,남,61세,상해없음,보행자,여,49세,경상
27696,2020120200100299,2020년 12월 2일 15시,수요일,경기도 고양시 덕양구 내유동,경상사고,0,0,1,0,차대사람 - 길가장자리구역통행중,안전운전불이행,포장 - 건조,맑음,단일로 - 기타,승용,여,62세,상해없음,보행자,여,12세,경상
27697,2020120200100300,2020년 12월 2일 15시,수요일,경기도 포천시 소흘읍,경상사고,0,0,1,0,차대사람 - 횡단중,보행자보호의무위반,포장 - 건조,맑음,교차로 - 교차로안,이륜,남,42세,상해없음,보행자,여,36세,경상
27698,2020120200100349,2020년 12월 2일 17시,수요일,경기도 시흥시 정왕동,경상사고,0,0,1,0,차대사람 - 횡단중,보행자보호의무위반,포장 - 건조,맑음,교차로 - 교차로안,화물,남,60세,상해없음,보행자,여,29세,경상
27699,2020120200100448,2020년 12월 2일 18시,수요일,경기도 의정부시 의정부동,부상신고사고,0,0,0,1,차대사람 - 횡단중,신호위반,포장 - 건조,맑음,교차로 - 교차로부근,승용,남,60세,상해없음,보행자,남,48세,부상신고
27700,2020120200100450,2020년 12월 2일 18시,수요일,경기도 남양주시 와부읍,경상사고,0,0,1,0,차대사람 - 횡단중,보행자보호의무위반,포장 - 건조,맑음,교차로 - 교차로부근,승용,여,41세,상해없음,보행자,여,72세,경상
27701,2020120200100496,2020년 12월 2일 19시,수요일,경기도 의정부시 가능동,경상사고,0,0,1,0,차대사람 - 횡단중,보행자보호의무위반,포장 - 건조,맑음,교차로 - 교차로횡단보도내,승용,여,47세,상해없음,보행자,여,48세,경상
27702,2020120200100503,2020년 12월 2일 20시,수요일,경기도 안성시 당왕동,경상사고,0,0,1,0,차대사람 - 횡단중,안전운전불이행,포장 - 건조,맑음,단일로 - 기타,이륜,남,55세,상해없음,보행자,여,34세,경상
27703,2020120200100524,2020년 12월 2일 20시,수요일,경기도 파주시 야당동,경상사고,0,0,1,0,차대사람 - 기타,안전운전불이행,포장 - 건조,맑음,단일로 - 기타,개인형이동수단(PM),남,40세,상해없음,보행자,여,38세,경상
27704,2020120200100535,2020년 12월 2일 21시,수요일,경기도 광명시 하안동,경상사고,0,0,2,0,차대사람 - 횡단중,보행자보호의무위반,포장 - 건조,흐림,교차로 - 교차로횡단보도내,승용,남,61세,상해없음,보행자,남,66세,경상
27705,2020120300100028,2020년 12월 3일 05시,목요일,경기도 부천시 상동,중상사고,0,1,0,0,차대사람 - 횡단중,신호위반,포장 - 건조,흐림,교차로 - 교차로부근,승용,남,74세,상해없음,보행자,여,78세,중상
27706,2020120300100081,2020년 12월 3일 08시,목요일,경기도 안산시 단원구 원시동,경상사고,0,0,1,0,차대사람 - 횡단중,안전운전불이행,포장 - 건조,맑음,단일로 - 기타,자전거,여,59세,상해없음,보행자,남,27세,경상
27707,2020120300100082,2020년 12월 3일 08시,목요일,경기도 시흥시 월곶동,경상사고,0,0,1,0,차대사람 - 보도통행중,신호위반,포장 - 건조,맑음,단일로 - 기타,화물,남,56세,상해없음,보행자,여,39세,경상
27708,2020120300100137,2020년 12월 3일 10시,목요일,경기도 광명시 철산동,중상사고,0,1,0,0,차대사람 - 기타,안전운전불이행,포장 - 건조,맑음,단일로 - 기타,승용,여,39세,상해없음,보행자,여,73세,중상
27709,2020120300100180,2020년 12월 3일 11시,목요일,경기도 남양주시 진접읍,경상사고,0,0,1,0,차대사람 - 기타,기타,포장 - 건조,맑음,단일로 - 기타,승용,남,71세,상해없음,보행자,여,56세,경상
27710,2020120300100224,2020년 12월 3일 13시,목요일,경기도 의왕시 학의동,중상사고,0,1,0,0,차대사람 - 기타,안전운전불이행,포장 - 건조,맑음,단일로 - 기타,승용,남,59세,상해없음,보행자,여,64세,중상
27711,2020120300100243,2020년 12월 3일 13시,목요일,경기도 고양시 일산동구 마두동,경상사고,0,0,1,0,차대사람 - 보도통행중,기타,포장 - 건조,맑음,단일로 - 기타,자전거,남,63세,상해없음,보행자,여,73세,경상
27712,2020120300100255,2020년 12월 3일 14시,목요일,경기도 여주시 가남읍,경상사고,0,0,1,0,차대사람 - 기타,안전운전불이행,포장 - 건조,맑음,단일로 - 기타,승용,남,76세,상해없음,보행자,여,13세,경상
27713,2020120300100277,2020년 12월 3일 14시,목요일,경기도 파주시 금촌동,경상사고,0,0,1,0,차대사람 - 길가장자리구역통행중,안전운전불이행,포장 - 건조,맑음,교차로 - 교차로안,화물,남,56세,상해없음,보행자,남,77세,경상
27714,2020120300100286,2020년 12월 3일 15시,목요일,경기도 부천시 심곡동,경상사고,0,0,1,0,차대사람 - 길가장자리구역통행중,안전운전불이행,포장 - 건조,맑음,단일로 - 기타,화물,남,48세,상해없음,보행자,남,14세,경상
27715,2020120300100324,2020년 12월 3일 16시,목요일,경기도 성남시 수정구 양지동,경상사고,0,0,1,0,차대사람 - 기타,안전운전불이행,포장 - 건조,맑음,단일로 - 기타,승용,남,56세,기타불명,보행자,여,61세,경상
27716,2020120300100413,2020년 12월 3일 18시,목요일,경기도 광주시 경안동,중상사고,0,1,0,0,차대사람 - 횡단중,안전운전불이행,포장 - 기타,기타,단일로 - 기타,원동기,남,17세,상해없음,보행자,여,56세,중상
27717,2020120300100415,2020년 12월 3일 18시,목요일,경기도 오산시 부산동,중상사고,0,1,0,0,차대사람 - 횡단중,보행자보호의무위반,포장 - 건조,맑음,단일로 - 기타,승용,여,34세,상해없음,보행자,여,59세,중상
27718,2020120300100462,2020년 12월 3일 19시,목요일,경기도 수원시 장안구 율전동,중상사고,0,1,0,0,차대사람 - 횡단중,보행자보호의무위반,포장 - 건조,맑음,교차로 - 교차로횡단보도내,승용,남,32세,상해없음,보행자,여,28세,중상
27719,2020120300100468,2020년 12월 3일 19시,목요일,경기도 수원시 팔달구 매산로2가,경상사고,0,0,1,0,차대사람 - 기타,신호위반,포장 - 건조,맑음,단일로 - 기타,승용,남,59세,상해없음,보행자,남,59세,경상
27720,2020120300100470,2020년 12월 3일 19시,목요일,경기도 화성시 남양읍,중상사고,0,1,0,0,차대사람 - 기타,안전운전불이행,포장 - 건조,맑음,단일로 - 기타,이륜,남,52세,상해없음,보행자,여,52세,중상
27721,2020120300100471,2020년 12월 3일 19시,목요일,경기도 용인시 수지구 풍덕천동,부상신고사고,0,0,0,1,차대사람 - 기타,안전운전불이행,포장 - 건조,맑음,기타 - 기타,기타불명,기타불명,미분류,기타불명,보행자,남,29세,부상신고
27722,2020120300100495,2020년 12월 3일 20시,목요일,경기도 성남시 분당구 서현동,경상사고,0,0,1,0,차대사람 - 횡단중,안전운전불이행,포장 - 건조,맑음,단일로 - 기타,이륜,남,24세,상해없음,보행자,여,45세,경상
27723,2020120300100515,2020년 12월 3일 21시,목요일,경기도 김포시 장기동,경상사고,0,0,1,0,차대사람 - 차도통행중,안전운전불이행,포장 - 건조,맑음,단일로 - 기타,승용,남,24세,상해없음,보행자,남,35세,경상
27724,2020120300100518,2020년 12월 3일 21시,목요일,경기도 안산시 단원구 성곡동,중상사고,0,1,0,0,차대사람 - 기타,안전운전불이행,포장 - 건조,맑음,교차로 - 교차로안,기타불명,기타불명,미분류,기타불명,보행자,남,47세,중상
27725,2020120300100519,2020년 12월 3일 21시,목요일,경기도 수원시 팔달구 인계동,경상사고,0,0,1,0,차대사람 - 기타,안전운전불이행,포장 - 건조,맑음,교차로 - 교차로안,승용,남,37세,상해없음,보행자,남,61세,경상
27726,2020120300100520,2020년 12월 3일 21시,목요일,경기도 시흥시 장곡동,경상사고,0,0,1,0,차대사람 - 길가장자리구역통행중,안전운전불이행,포장 - 건조,맑음,교차로 - 교차로안,승용,남,40세,상해없음,보행자,남,29세,경상
27727,2020120300100549,2020년 12월 3일 22시,목요일,경기도 가평군 청평면,부상신고사고,0,0,0,1,차대사람 - 길가장자리구역통행중,안전운전불이행,포장 - 건조,맑음,단일로 - 기타,기타불명,기타불명,미분류,기타불명,보행자,남,34세,부상신고
27728,2020120300100554,2020년 12월 3일 23시,목요일,경기도 평택시 세교동,경상사고,0,0,2,0,차대사람 - 기타,안전운전불이행,포장 - 건조,맑음,단일로 - 기타,승용,여,58세,상해없음,보행자,남,20세,경상
27729,2020120400100034,2020년 12월 4일 05시,금요일,경기도 안양시 동안구 호계동,중상사고,0,1,0,0,차대사람 - 횡단중,안전운전불이행,포장 - 건조,맑음,교차로 - 교차로안,승용,남,48세,상해없음,보행자,여,19세,중상
27730,2020120400100036,2020년 12월 4일 05시,금요일,경기도 군포시 당정동,중상사고,0,1,0,0,차대사람 - 기타,안전운전불이행,포장 - 건조,기타,기타 - 기타,화물,남,26세,상해없음,보행자,여,42세,중상
27731,2020120400100046,2020년 12월 4일 06시,금요일,경기도 군포시 당동,경상사고,0,0,1,0,차대사람 - 기타,안전운전불이행,포장 - 건조,맑음,단일로 - 기타,승용,여,65세,상해없음,보행자,남,56세,경상
27732,2020120400100081,2020년 12월 4일 07시,금요일,경기도 화성시 반월동,경상사고,0,0,1,0,차대사람 - 횡단중,안전운전불이행,포장 - 건조,맑음,교차로 - 교차로부근,승용,남,58세,상해없음,보행자,남,76세,경상
27733,2020120400100101,2020년 12월 4일 08시,금요일,경기도 안양시 동안구 평촌동,중상사고,0,1,0,0,차대사람 - 횡단중,교차로운행방법위반,포장 - 건조,맑음,단일로 - 기타,승용,남,31세,상해없음,보행자,여,57세,중상
27734,2020120400100104,2020년 12월 4일 08시,금요일,경기도 광명시 광명동,부상신고사고,0,0,0,1,차대사람 - 차도통행중,안전운전불이행,포장 - 건조,맑음,단일로 - 기타,승용,여,52세,상해없음,보행자,여,12세,부상신고
27735,2020120400100140,2020년 12월 4일 09시,금요일,경기도 시흥시 대야동,경상사고,0,0,1,0,차대사람 - 횡단중,중앙선침범,포장 - 건조,맑음,교차로 - 교차로안,이륜,여,41세,상해없음,보행자,남,64세,경상
27736,2020120400100229,2020년 12월 4일 12시,금요일,경기도 평택시 합정동,중상사고,0,1,0,0,차대사람 - 횡단중,보행자보호의무위반,포장 - 건조,흐림,교차로 - 교차로부근,화물,남,58세,상해없음,보행자,여,66세,중상
27737,2020120400100230,2020년 12월 4일 12시,금요일,경기도 용인시 처인구 원삼면,경상사고,0,0,1,0,차대사람 - 기타,안전운전불이행,포장 - 건조,맑음,단일로 - 기타,승용,여,34세,상해없음,보행자,여,80세,경상
27738,2020120400100288,2020년 12월 4일 13시,금요일,경기도 가평군 설악면,경상사고,0,0,1,0,차대사람 - 기타,안전운전불이행,포장 - 건조,맑음,주차장 - 주차장,승용,남,31세,상해없음,보행자,남,35세,경상
27739,2020120400100327,2020년 12월 4일 15시,금요일,경기도 부천시 원미동,경상사고,0,0,1,0,차대사람 - 길가장자리구역통행중,안전운전불이행,포장 - 건조,맑음,단일로 - 기타,승용,남,70세,상해없음,보행자,여,65세,경상
27740,2020120400100367,2020년 12월 4일 16시,금요일,경기도 부천시 소사본동,경상사고,0,0,1,0,차대사람 - 기타,안전운전불이행,포장 - 건조,맑음,단일로 - 기타,승용,여,65세,상해없음,보행자,남,10세,경상
27741,2020120400100394,2020년 12월 4일 16시,금요일,경기도 고양시 덕양구 토당동,경상사고,0,0,1,0,차대사람 - 길가장자리구역통행중,안전운전불이행,포장 - 건조,맑음,단일로 - 기타,화물,남,64세,상해없음,보행자,여,58세,경상
27742,2020120400100407,2020년 12월 4일 17시,금요일,경기도 광주시 초월읍,경상사고,0,0,1,0,차대사람 - 횡단중,보행자보호의무위반,포장 - 건조,맑음,교차로 - 교차로횡단보도내,화물,남,65세,상해없음,보행자,남,38세,경상
27743,2020120400100409,2020년 12월 4일 17시,금요일,경기도 부천시 심곡동,경상사고,0,0,1,0,차대사람 - 길가장자리구역통행중,안전운전불이행,포장 - 건조,맑음,단일로 - 기타,승용,남,27세,상해없음,보행자,남,48세,경상
27744,2020120400100412,2020년 12월 4일 17시,금요일,경기도 안양시 만안구 안양동,경상사고,0,0,1,0,차대사람 - 횡단중,보행자보호의무위반,포장 - 건조,맑음,교차로 - 교차로횡단보도내,승용,여,62세,상해없음,보행자,여,46세,경상
27745,2020120400100449,2020년 12월 4일 17시,금요일,경기도 남양주시 진접읍,중상사고,0,1,0,0,차대사람 - 횡단중,안전운전불이행,포장 - 건조,맑음,단일로 - 기타,승용,남,29세,상해없음,보행자,여,65세,중상
27746,2020120400100467,2020년 12월 4일 18시,금요일,경기도 수원시 장안구 천천동,경상사고,0,0,1,0,차대사람 - 기타,신호위반,포장 - 건조,맑음,교차로 - 교차로안,이륜,남,19세,상해없음,보행자,여,14세,경상
27747,2020120400100474,2020년 12월 4일 18시,금요일,경기도 군포시 금정동,중상사고,0,1,0,0,차대사람 - 횡단중,신호위반,포장 - 건조,맑음,교차로 - 교차로안,이륜,남,16세,상해없음,보행자,남,31세,중상
27748,2020120400100480,2020년 12월 4일 18시,금요일,경기도 용인시 수지구 신봉동,경상사고,0,0,1,0,차대사람 - 횡단중,보행자보호의무위반,포장 - 건조,맑음,교차로 - 교차로횡단보도내,승용,여,60세,상해없음,보행자,여,12세,경상
27749,2020120400100539,2020년 12월 4일 19시,금요일,경기도 평택시 신장동,경상사고,0,0,1,0,차대사람 - 기타,안전운전불이행,포장 - 건조,맑음,단일로 - 기타,기타불명,기타불명,미분류,기타불명,보행자,남,29세,경상
27750,2020120400100541,2020년 12월 4일 19시,금요일,경기도 이천시 창전동,경상사고,0,0,1,0,차대사람 - 횡단중,안전운전불이행,포장 - 건조,맑음,단일로 - 기타,승용,남,28세,상해없음,보행자,남,33세,경상
27751,2020120400100571,2020년 12월 4일 20시,금요일,경기도 김포시 구래동,경상사고,0,0,2,0,차대사람 - 횡단중,보행자보호의무위반,포장 - 건조,맑음,단일로 - 기타,사륜오토바이(ATV),남,29세,상해없음,보행자,남,47세,경상
27752,2020120400100607,2020년 12월 4일 21시,금요일,경기도 수원시 장안구 율전동,경상사고,0,0,1,0,차대사람 - 기타,신호위반,포장 - 건조,맑음,교차로 - 교차로부근,승용,여,42세,상해없음,보행자,남,25세,경상
27753,2020120400100653,2020년 12월 4일 22시,금요일,경기도 파주시 와동,중상사고,0,1,0,0,차대사람 - 보도통행중,안전운전불이행,포장 - 건조,맑음,단일로 - 기타,자전거,남,58세,상해없음,보행자,남,52세,중상
27754,2020120500100017,2020년 12월 5일 00시,토요일,경기도 구리시 교문동,경상사고,0,0,1,0,차대사람 - 횡단중,신호위반,포장 - 건조,맑음,단일로 - 기타,기타불명,기타불명,미분류,기타불명,보행자,남,25세,경상
27755,2020120500100062,2020년 12월 5일 07시,토요일,경기도 의정부시 의정부동,경상사고,0,0,1,0,차대사람 - 길가장자리구역통행중,신호위반,포장 - 건조,맑음,단일로 - 기타,승용,여,70세,상해없음,보행자,남,22세,경상
27756,2020120500100095,2020년 12월 5일 09시,토요일,경기도 의정부시 의정부동,경상사고,0,0,1,0,차대사람 - 기타,안전운전불이행,비포장 - 건조,기타,단일로 - 기타,자전거,남,78세,상해없음,보행자,남,60세,경상
27757,2020120500100106,2020년 12월 5일 10시,토요일,경기도 안산시 단원구 고잔동,중상사고,0,1,0,0,차대사람 - 기타,안전운전불이행,포장 - 건조,맑음,기타 - 기타,승용,여,38세,상해없음,보행자,여,64세,중상
27758,2020120500100130,2020년 12월 5일 10시,토요일,경기도 남양주시 진접읍,경상사고,0,0,1,0,차대사람 - 횡단중,보행자보호의무위반,포장 - 건조,맑음,단일로 - 기타,승용,여,37세,상해없음,보행자,여,54세,경상
27759,2020120500100183,2020년 12월 5일 12시,토요일,경기도 평택시 통복동,경상사고,0,0,1,0,차대사람 - 횡단중,안전운전불이행,포장 - 건조,맑음,교차로 - 교차로안,승합,남,56세,상해없음,보행자,여,63세,경상
27760,2020120500100189,2020년 12월 5일 12시,토요일,경기도 용인시 수지구 죽전동,경상사고,0,0,1,0,차대사람 - 기타,안전운전불이행,포장 - 건조,맑음,기타 - 기타,승용,여,52세,상해없음,보행자,남,21세,경상
27761,2020120500100269,2020년 12월 5일 14시,토요일,경기도 부천시 상동,중상사고,0,1,0,0,차대사람 - 기타,안전운전불이행,포장 - 건조,맑음,단일로 - 기타,승용,남,54세,상해없음,보행자,여,84세,중상
27762,2020120500100305,2020년 12월 5일 15시,토요일,경기도 용인시 처인구 마평동,중상사고,0,1,0,0,차대사람 - 횡단중,보행자보호의무위반,포장 - 건조,맑음,교차로 - 교차로횡단보도내,승용,남,37세,상해없음,보행자,남,55세,중상
27763,2020120500100365,2020년 12월 5일 17시,토요일,경기도 용인시 기흥구 신갈동,중상사고,0,1,0,0,차대사람 - 기타,안전운전불이행,포장 - 건조,맑음,단일로 - 기타,승용,남,43세,상해없음,보행자,남,67세,중상
27764,2020120500100443,2020년 12월 5일 18시,토요일,경기도 의정부시 금오동,중상사고,0,1,0,0,차대사람 - 기타,안전운전불이행,포장 - 건조,맑음,교차로 - 교차로안,승용,남,52세,상해없음,보행자,남,72세,중상
27765,2020120500100453,2020년 12월 5일 19시,토요일,경기도 수원시 팔달구 북수동,중상사고,0,1,0,0,차대사람 - 횡단중,신호위반,포장 - 건조,맑음,교차로 - 교차로안,원동기,남,69세,상해없음,보행자,남,51세,중상
27766,2020120500100509,2020년 12월 5일 21시,토요일,경기도 용인시 기흥구 상갈동,중상사고,0,1,0,0,차대사람 - 횡단중,안전운전불이행,포장 - 건조,맑음,단일로 - 기타,승용,남,73세,상해없음,보행자,남,53세,중상
27767,2020120500100512,2020년 12월 5일 21시,토요일,경기도 시흥시 목감동,경상사고,0,0,1,0,차대사람 - 횡단중,신호위반,포장 - 건조,맑음,교차로 - 교차로부근,이륜,남,16세,상해없음,보행자,남,18세,경상
27768,2020120500100547,2020년 12월 5일 22시,토요일,경기도 고양시 일산서구 일산동,부상신고사고,0,0,0,1,차대사람 - 기타,안전운전불이행,포장 - 건조,맑음,기타 - 기타,자전거,남,15세,상해없음,보행자,남,53세,부상신고
27769,2020120600100029,2020년 12월 6일 02시,일요일,경기도 안산시 단원구 원곡동,중상사고,0,2,0,0,차대사람 - 기타,안전운전불이행,포장 - 건조,맑음,단일로 - 기타,승용,남,28세,상해없음,보행자,남,35세,중상
27770,2020120600100112,2020년 12월 6일 11시,일요일,경기도 군포시 당동,경상사고,0,0,1,0,차대사람 - 기타,안전운전불이행,포장 - 건조,맑음,단일로 - 기타,승용,남,34세,상해없음,보행자,여,56세,경상
27771,2020120600100130,2020년 12월 6일 12시,일요일,경기도 평택시 오성면,중상사고,0,1,0,0,차대사람 - 기타,안전운전불이행,포장 - 건조,맑음,단일로 - 기타,승용,남,47세,상해없음,보행자,남,24세,중상
27772,2020120600100159,2020년 12월 6일 13시,일요일,경기도 안산시 단원구 선부동,경상사고,0,0,1,0,차대사람 - 횡단중,신호위반,포장 - 건조,맑음,기타 - 기타,이륜,남,33세,상해없음,보행자,남,26세,경상
27773,2020120600100252,2020년 12월 6일 16시,일요일,경기도 부천시 고강동,경상사고,0,0,1,0,차대사람 - 기타,안전운전불이행,포장 - 건조,맑음,단일로 - 기타,승용,여,58세,상해없음,보행자,남,48세,경상
27774,2020120600100278,2020년 12월 6일 17시,일요일,경기도 부천시 도당동,부상신고사고,0,0,0,1,차대사람 - 기타,안전운전불이행,포장 - 건조,맑음,단일로 - 기타,기타불명,기타불명,미분류,기타불명,보행자,여,48세,부상신고
27775,2020120600100338,2020년 12월 6일 19시,일요일,경기도 김포시 장기동,경상사고,0,0,1,0,차대사람 - 횡단중,신호위반,포장 - 건조,맑음,교차로 - 교차로횡단보도내,이륜,남,20세,상해없음,보행자,여,16세,경상
27776,2020120600100361,2020년 12월 6일 20시,일요일,경기도 시흥시 정왕동,중상사고,0,1,0,0,차대사람 - 횡단중,안전운전불이행,포장 - 건조,맑음,교차로 - 교차로횡단보도내,승용,남,35세,상해없음,보행자,남,41세,중상
27777,2020120700100024,2020년 12월 7일 05시,월요일,경기도 시흥시 정왕동,중상사고,0,1,0,0,차대사람 - 차도통행중,안전운전불이행,포장 - 건조,맑음,단일로 - 기타,승용,남,42세,상해없음,보행자,남,42세,중상
27778,2020120700100037,2020년 12월 7일 06시,월요일,경기도 수원시 영통구 이의동,중상사고,0,1,0,0,차대사람 - 보도통행중,기타,포장 - 건조,맑음,단일로 - 기타,개인형이동수단(PM),남,33세,상해없음,보행자,남,43세,중상
27779,2020120700100038,2020년 12월 7일 06시,월요일,경기도 군포시 금정동,경상사고,0,0,1,0,차대사람 - 횡단중,신호위반,포장 - 건조,맑음,단일로 - 기타,승용,남,57세,상해없음,보행자,여,58세,경상
27780,2020120700100048,2020년 12월 7일 06시,월요일,경기도 고양시 일산서구 대화동,경상사고,0,0,1,0,차대사람 - 기타,교차로운행방법위반,포장 - 건조,흐림,기타 - 기타,승용,남,37세,상해없음,보행자,남,40세,경상
27781,2020120700100056,2020년 12월 7일 07시,월요일,경기도 안양시 동안구 관양동,중상사고,0,1,0,0,차대사람 - 길가장자리구역통행중,안전운전불이행,포장 - 건조,맑음,단일로 - 기타,승용,여,44세,상해없음,보행자,남,53세,중상
27782,2020120700100129,2020년 12월 7일 09시,월요일,경기도 양주시 유양동,중상사고,0,1,0,0,차대사람 - 횡단중,신호위반,포장 - 건조,맑음,교차로 - 교차로안,화물,남,57세,상해없음,보행자,여,60세,중상
27783,2020120700100162,2020년 12월 7일 10시,월요일,경기도 포천시 신읍동,중상사고,0,1,0,0,차대사람 - 기타,안전운전불이행,포장 - 건조,맑음,단일로 - 기타,승용,남,61세,상해없음,보행자,남,53세,중상
27784,2020120700100210,2020년 12월 7일 12시,월요일,경기도 구리시 수택동,경상사고,0,0,1,0,차대사람 - 차도통행중,안전운전불이행,포장 - 건조,맑음,단일로 - 기타,기타불명,기타불명,미분류,기타불명,보행자,남,64세,경상
27785,2020120700100255,2020년 12월 7일 14시,월요일,경기도 고양시 일산서구 일산동,부상신고사고,0,0,0,1,차대사람 - 기타,안전운전불이행,포장 - 건조,맑음,교차로 - 교차로안,이륜,기타불명,미분류,기타불명,보행자,여,56세,부상신고
27786,2020120700100387,2020년 12월 7일 18시,월요일,경기도 수원시 팔달구 우만동,경상사고,0,0,1,0,차대사람 - 횡단중,보행자보호의무위반,포장 - 건조,맑음,교차로 - 교차로횡단보도내,승용,남,51세,상해없음,보행자,남,37세,경상
27787,2020120700100388,2020년 12월 7일 18시,월요일,경기도 안성시 대천동,경상사고,0,0,1,0,차대사람 - 횡단중,보행자보호의무위반,포장 - 건조,맑음,교차로 - 교차로횡단보도내,이륜,남,17세,상해없음,보행자,여,57세,경상
27788,2020120700100389,2020년 12월 7일 18시,월요일,경기도 용인시 기흥구 신갈동,경상사고,0,0,1,0,차대사람 - 길가장자리구역통행중,안전운전불이행,포장 - 건조,맑음,단일로 - 기타,승용,남,41세,기타불명,보행자,여,50세,경상
27789,2020120700100418,2020년 12월 7일 18시,월요일,경기도 의정부시 신곡동,경상사고,0,0,1,0,차대사람 - 횡단중,신호위반,포장 - 건조,맑음,교차로 - 교차로횡단보도내,승용,남,74세,상해없음,보행자,남,47세,경상
27790,2020120700100439,2020년 12월 7일 19시,월요일,경기도 부천시 오정동,중상사고,0,1,0,0,차대사람 - 횡단중,보행자보호의무위반,포장 - 건조,맑음,교차로 - 교차로횡단보도내,승용,여,44세,상해없음,보행자,남,33세,중상
27791,2020120700100456,2020년 12월 7일 19시,월요일,경기도 구리시 수택동,경상사고,0,0,1,0,차대사람 - 기타,안전운전불이행,포장 - 건조,맑음,교차로 - 교차로부근,승합,남,58세,상해없음,보행자,여,52세,경상
27792,2020120700100499,2020년 12월 7일 21시,월요일,경기도 김포시 구래동,경상사고,0,0,1,0,차대사람 - 보도통행중,안전운전불이행,포장 - 건조,맑음,교차로 - 교차로안,이륜,남,30세,상해없음,보행자,남,59세,경상
27793,2020120700100501,2020년 12월 7일 21시,월요일,경기도 성남시 분당구 구미동,중상사고,0,1,0,0,차대사람 - 기타,안전운전불이행,포장 - 건조,맑음,기타 - 기타,승용,남,54세,상해없음,보행자,남,62세,중상
27794,2020120700100504,2020년 12월 7일 21시,월요일,경기도 수원시 팔달구 매산로1가,경상사고,0,0,1,0,차대사람 - 횡단중,안전운전불이행,포장 - 건조,맑음,단일로 - 기타,승용,남,41세,상해없음,보행자,여,17세,경상
27795,2020120700100526,2020년 12월 7일 23시,월요일,경기도 성남시 수정구 신흥동,경상사고,0,0,1,0,차대사람 - 기타,안전운전불이행,포장 - 건조,맑음,단일로 - 기타,승합,남,48세,상해없음,보행자,남,34세,경상
27796,2020120700100534,2020년 12월 7일 23시,월요일,경기도 의정부시 의정부동,경상사고,0,0,1,0,차대사람 - 횡단중,안전운전불이행,포장 - 건조,맑음,교차로 - 교차로부근,승용,남,22세,상해없음,보행자,여,26세,경상
27797,2020120800100026,2020년 12월 8일 06시,화요일,경기도 이천시 모가면,중상사고,0,1,0,0,차대사람 - 길가장자리구역통행중,안전운전불이행,포장 - 건조,맑음,단일로 - 기타,이륜,남,44세,상해없음,보행자,여,82세,중상
27798,2020120800100078,2020년 12월 8일 08시,화요일,경기도 수원시 권선구 서둔동,경상사고,0,0,1,0,차대사람 - 차도통행중,안전운전불이행,포장 - 건조,맑음,단일로 - 기타,승용,남,27세,상해없음,보행자,남,27세,경상
27799,2020120800100108,2020년 12월 8일 08시,화요일,경기도 고양시 일산서구 덕이동,경상사고,0,0,1,0,차대사람 - 보도통행중,보행자보호의무위반,포장 - 건조,맑음,교차로 - 교차로부근,승용,여,51세,상해없음,보행자,여,53세,경상
27800,2020120800100116,2020년 12월 8일 09시,화요일,경기도 수원시 장안구 조원동,경상사고,0,0,1,0,차대사람 - 기타,기타,포장 - 건조,맑음,단일로 - 기타,승합,남,55세,상해없음,보행자,남,67세,경상
27801,2020120800100204,2020년 12월 8일 12시,화요일,경기도 수원시 장안구 송죽동,부상신고사고,0,0,0,1,차대사람 - 기타,불법유턴,포장 - 건조,맑음,단일로 - 기타,승용,남,54세,상해없음,보행자,여,68세,부상신고
27802,2020120800100205,2020년 12월 8일 12시,화요일,경기도 평택시 포승읍,중상사고,0,1,0,0,차대사람 - 기타,안전운전불이행,포장 - 건조,맑음,기타 - 기타,화물,남,44세,상해없음,보행자,남,68세,중상
27803,2020120800100208,2020년 12월 8일 12시,화요일,경기도 성남시 분당구 수내동,부상신고사고,0,0,0,1,차대사람 - 기타,안전운전불이행,포장 - 건조,맑음,단일로 - 기타,자전거,남,9세,상해없음,보행자,남,81세,부상신고
27804,2020120800100240,2020년 12월 8일 13시,화요일,경기도 김포시 통진읍,중상사고,0,1,0,0,차대사람 - 기타,안전운전불이행,포장 - 건조,맑음,교차로 - 교차로안,승용,남,41세,상해없음,보행자,남,73세,중상
27805,2020120800100282,2020년 12월 8일 14시,화요일,경기도 이천시 장호원읍,중상사고,0,1,0,0,차대사람 - 기타,안전운전불이행,포장 - 건조,맑음,교차로 - 교차로부근,승용,여,53세,상해없음,보행자,여,76세,중상
27806,2020120800100284,2020년 12월 8일 14시,화요일,경기도 이천시 중리동,경상사고,0,0,1,0,차대사람 - 차도통행중,안전운전불이행,포장 - 건조,맑음,기타 - 기타,승용,남,73세,상해없음,보행자,여,59세,경상