,사고번호,사고일시,요일,시군구,사고내용,사망자수,중상자수,경상자수,부상신고자수,사고유형,법규위반,노면상태,기상상태,도로형태,가해운전자 차종,가해운전자 성별,가해운전자 연령,가해운전자 상해정도,피해운전자 차종,피해운전자 성별,피해운전자 연령,피해운전자 상해정도
27919,2020121400100073,2020년 12월 14일 08시,월요일,경기도 부천시 소사본동,경상사고,0,0,1,0,차대사람 - 기타,안전운전불이행,포장 - 건조,맑음,단일로 - 기타,승용,여,55세,기타불명,보행자,여,22세,경상
27920,2020121400100081,2020년 12월 14일 08시,월요일,경기도 용인시 수지구 신봉동,경상사고,0,0,1,0,차대사람 - 차도통행중,기타,포장 - 건조,맑음,단일로 - 기타,승합,남,69세,상해없음,보행자,여,25세,경상
27921,2020121400100126,2020년 12월 14일 09시,월요일,경기도 포천시 신읍동,중상사고,0,1,0,0,차대사람 - 횡단중,안전운전불이행,포장 - 건조,맑음,교차로 - 교차로부근,승용,남,76세,상해없음,보행자,남,82세,중상
27922,2020121400100134,2020년 12월 14일 10시,월요일,경기도 수원시 장안구 이목동,중상사고,0,1,0,0,차대사람 - 기타,안전운전불이행,포장 - 건조,맑음,단일로 - 기타,승용,남,34세,상해없음,보행자,남,77세,중상
27923,2020121400100135,2020년 12월 14일 10시,월요일,경기도 평택시 평택동,경상사고,0,0,1,0,차대사람 - 기타,안전운전불이행,포장 - 건조,맑음,교차로 - 교차로안,승용,여,56세,상해없음,보행자,남,75세,경상
27924,2020121400100137,2020년 12월 14일 10시,월요일,경기도 용인시 기흥구 신갈동,중상사고,0,1,0,0,차대사람 - 기타,안전운전불이행,포장 - 건조,맑음,교차로 - 교차로횡단보도내,자전거,남,80세,기타불명,보행자,여,77세,중상
27925,2020121400100217,2020년 12월 14일 13시,월요일,경기도 수원시 장안구 정자동,경상사고,0,0,1,0,차대사람 - 횡단중,보행자보호의무위반,포장 - 건조,맑음,교차로 - 교차로안,승용,남,80세,상해없음,보행자,여,50세,경상
27926,2020121400100240,2020년 12월 14일 13시,월요일,경기도 의정부시 의정부동,중상사고,0,1,0,0,차대사람 - 횡단중,신호위반,포장 - 건조,맑음,교차로 - 교차로안,이륜,남,43세,상해없음,보행자,여,24세,중상
27927,2020121400100254,2020년 12월 14일 14시,월요일,경기도 용인시 기흥구 상하동,중상사고,0,2,0,0,차대사람 - 횡단중,보행자보호의무위반,포장 - 건조,맑음,단일로 - 기타,화물,남,63세,상해없음,보행자,여,72세,중상
27928,2020121400100280,2020년 12월 14일 14시,월요일,경기도 고양시 일산동구 풍동,경상사고,0,0,1,0,차대사람 - 횡단중,안전운전불이행,포장 - 건조,맑음,기타 - 기타,승용,여,64세,기타불명,보행자,여,26세,경상
27929,2020121400100286,2020년 12월 14일 15시,월요일,경기도 성남시 수정구 수진동,경상사고,0,0,1,0,차대사람 - 기타,안전운전불이행,포장 - 건조,맑음,단일로 - 기타,승용,여,52세,상해없음,보행자,남,31세,경상
27930,2020121400100293,2020년 12월 14일 15시,월요일,경기도 화성시 영천동,경상사고,0,0,1,0,차대사람 - 횡단중,기타,포장 - 건조,맑음,단일로 - 기타,자전거,남,28세,상해없음,보행자,여,36세,경상
27931,2020121400100399,2020년 12월 14일 18시,월요일,경기도 평택시 동삭동,중상사고,0,1,0,0,차대사람 - 차도통행중,안전운전불이행,포장 - 건조,맑음,기타 - 기타,승용,여,41세,상해없음,보행자,여,59세,중상
27932,2020121400100402,2020년 12월 14일 18시,월요일,경기도 용인시 기흥구 보라동,중상사고,0,1,0,0,차대사람 - 횡단중,신호위반,포장 - 건조,맑음,교차로 - 교차로안,승용,남,52세,상해없음,보행자,남,33세,중상
27933,2020121400100405,2020년 12월 14일 18시,월요일,경기도 성남시 중원구 성남동,경상사고,0,0,2,0,차대사람 - 기타,신호위반,포장 - 건조,맑음,교차로 - 교차로안,승합,남,64세,상해없음,보행자,여,26세,경상
27934,2020121400100406,2020년 12월 14일 18시,월요일,경기도 성남시 중원구 상대원동,경상사고,0,0,1,0,차대사람 - 차도통행중,안전운전불이행,포장 - 건조,맑음,교차로 - 교차로부근,기타불명,기타불명,미분류,기타불명,보행자,여,57세,경상
27935,2020121400100457,2020년 12월 14일 19시,월요일,경기도 부천시 춘의동,경상사고,0,0,1,0,차대사람 - 횡단중,안전운전불이행,포장 - 건조,맑음,교차로 - 교차로부근,원동기,남,23세,상해없음,보행자,남,58세,경상
27936,2020121400100489,2020년 12월 14일 20시,월요일,경기도 김포시 운양동,중상사고,0,1,0,0,차대사람 - 기타,보행자보호의무위반,포장 - 건조,맑음,교차로 - 교차로횡단보도내,승용,남,24세,상해없음,보행자,남,41세,중상
27937,2020121400100495,2020년 12월 14일 20시,월요일,경기도 의왕시 삼동,중상사고,0,1,0,0,차대사람 - 횡단중,안전운전불이행,포장 - 건조,맑음,교차로 - 교차로횡단보도내,승합,남,47세,상해없음,보행자,남,24세,중상
27938,2020121400100504,2020년 12월 14일 20시,월요일,경기도 구리시 수택동,경상사고,0,0,1,0,차대사람 - 기타,보행자보호의무위반,포장 - 건조,맑음,기타 - 기타,승용,남,52세,상해없음,보행자,남,43세,경상
27939,2020121500100037,2020년 12월 15일 07시,화요일,경기도 안산시 단원구 원시동,중상사고,0,1,0,0,차대사람 - 횡단중,안전운전불이행,포장 - 건조,맑음,단일로 - 기타,승용,남,39세,상해없음,보행자,남,70세,중상
27940,2020121500100059,2020년 12월 15일 08시,화요일,경기도 안성시 신건지동,중상사고,0,1,0,0,차대사람 - 횡단중,보행자보호의무위반,포장 - 건조,맑음,단일로 - 기타,건설기계,남,38세,상해없음,보행자,여,22세,중상
27941,2020121500100063,2020년 12월 15일 08시,화요일,경기도 하남시 풍산동,부상신고사고,0,0,0,1,차대사람 - 기타,안전운전불이행,포장 - 건조,맑음,교차로 - 교차로부근,화물,남,52세,상해없음,보행자,여,31세,부상신고
27942,2020121500100112,2020년 12월 15일 10시,화요일,경기도 김포시 구래동,중상사고,0,1,0,0,차대사람 - 기타,안전운전불이행,포장 - 건조,맑음,교차로 - 교차로안,승합,여,59세,상해없음,보행자,남,47세,중상
27943,2020121500100188,2020년 12월 15일 12시,화요일,경기도 남양주시 별내동,경상사고,0,0,1,0,차대사람 - 횡단중,보행자보호의무위반,포장 - 건조,맑음,교차로 - 교차로안,화물,남,59세,상해없음,보행자,남,26세,경상
27944,2020121500100234,2020년 12월 15일 14시,화요일,경기도 부천시 심곡동,중상사고,0,1,0,0,차대사람 - 길가장자리구역통행중,안전운전불이행,포장 - 건조,맑음,단일로 - 기타,승용,남,59세,상해없음,보행자,여,75세,중상
27945,2020121500100260,2020년 12월 15일 14시,화요일,경기도 의정부시 금오동,경상사고,0,0,1,0,차대사람 - 길가장자리구역통행중,안전운전불이행,포장 - 건조,맑음,단일로 - 기타,자전거,남,70세,상해없음,보행자,여,66세,경상
27946,2020121500100262,2020년 12월 15일 14시,화요일,경기도 가평군 청평면,경상사고,0,0,1,0,차대사람 - 차도통행중,안전운전불이행,포장 - 건조,맑음,단일로 - 기타,승용,여,62세,상해없음,보행자,여,57세,경상
27947,2020121500100301,2020년 12월 15일 15시,화요일,경기도 포천시 영중면,중상사고,0,1,0,0,차대사람 - 기타,기타,포장 - 건조,맑음,주차장 - 주차장,화물,남,71세,상해없음,보행자,여,28세,중상
27948,2020121500100336,2020년 12월 15일 16시,화요일,경기도 고양시 일산동구 장항동,중상사고,0,1,0,0,차대사람 - 기타,안전운전불이행,포장 - 건조,맑음,단일로 - 기타,승합,남,65세,상해없음,보행자,여,57세,중상
27949,2020121500100344,2020년 12월 15일 17시,화요일,경기도 광명시 하안동,경상사고,0,0,1,0,차대사람 - 횡단중,안전운전불이행,포장 - 건조,맑음,교차로 - 교차로안,승용,남,53세,기타불명,보행자,여,79세,경상
27950,2020121500100396,2020년 12월 15일 18시,화요일,경기도 군포시 산본동,경상사고,0,0,1,0,차대사람 - 기타,기타,포장 - 건조,맑음,단일로 - 기타,승용,남,63세,상해없음,보행자,여,31세,경상
27951,2020121500100446,2020년 12월 15일 19시,화요일,경기도 수원시 영통구 하동,중상사고,0,1,0,0,차대사람 - 횡단중,신호위반,포장 - 건조,맑음,교차로 - 교차로횡단보도내,승용,남,37세,상해없음,보행자,여,49세,중상
27952,2020121500100479,2020년 12월 15일 20시,화요일,경기도 용인시 기흥구 상하동,중상사고,0,1,0,0,차대사람 - 횡단중,신호위반,포장 - 건조,맑음,교차로 - 교차로안,원동기,남,61세,상해없음,보행자,남,38세,중상
27953,2020121500100521,2020년 12월 15일 21시,화요일,경기도 수원시 장안구 영화동,경상사고,0,0,1,0,차대사람 - 횡단중,안전운전불이행,포장 - 건조,맑음,교차로 - 교차로횡단보도내,이륜,남,23세,기타불명,보행자,남,53세,경상
27954,2020121500100525,2020년 12월 15일 21시,화요일,경기도 김포시 고촌읍,중상사고,0,1,0,0,차대사람 - 기타,안전운전불이행,포장 - 건조,맑음,교차로 - 교차로안,승용,남,54세,상해없음,보행자,남,52세,중상
27955,2020121500100528,2020년 12월 15일 21시,화요일,경기도 성남시 분당구 정자동,부상신고사고,0,0,0,1,차대사람 - 횡단중,보행자보호의무위반,포장 - 건조,맑음,교차로 - 교차로안,승합,남,70세,상해없음,보행자,남,38세,부상신고
27956,2020121600100024,2020년 12월 16일 06시,수요일,경기도 오산시 금암동,경상사고,0,0,1,0,차대사람 - 차도통행중,안전운전불이행,포장 - 건조,맑음,단일로 - 기타,승합,남,62세,상해없음,보행자,여,38세,경상
27957,2020121600100028,2020년 12월 16일 06시,수요일,경기도 부천시 고강동,경상사고,0,0,1,0,차대사람 - 보도통행중,안전운전불이행,포장 - 건조,맑음,단일로 - 기타,승용,남,42세,상해없음,보행자,남,56세,경상
27958,2020121600100067,2020년 12월 16일 08시,수요일,경기도 군포시 금정동,경상사고,0,0,1,0,차대사람 - 기타,안전운전불이행,포장 - 건조,맑음,단일로 - 기타,승용,남,29세,상해없음,보행자,남,57세,경상
27959,2020121600100107,2020년 12월 16일 09시,수요일,경기도 성남시 수정구 고등동,중상사고,0,1,0,0,차대사람 - 횡단중,안전운전불이행,포장 - 건조,맑음,교차로 - 교차로횡단보도내,승용,여,30세,상해없음,보행자,남,61세,중상
27960,2020121600100141,2020년 12월 16일 10시,수요일,경기도 고양시 일산동구 정발산동,부상신고사고,0,0,0,1,차대사람 - 횡단중,안전운전불이행,포장 - 건조,맑음,기타 - 기타,기타불명,기타불명,미분류,기타불명,보행자,여,15세,부상신고
27961,2020121600100153,2020년 12월 16일 11시,수요일,경기도 수원시 팔달구 매산로1가,중상사고,0,1,0,0,차대사람 - 기타,안전운전불이행,포장 - 건조,맑음,단일로 - 기타,승용,여,28세,상해없음,보행자,여,66세,중상
27962,2020121600100205,2020년 12월 16일 13시,수요일,경기도 김포시 대곶면,경상사고,0,0,1,0,차대사람 - 기타,안전운전불이행,포장 - 건조,맑음,단일로 - 기타,화물,남,67세,상해없음,보행자,남,59세,경상
27963,2020121600100207,2020년 12월 16일 13시,수요일,경기도 수원시 영통구 원천동,경상사고,0,0,1,0,차대사람 - 차도통행중,안전운전불이행,포장 - 서리/결빙,맑음,단일로 - 기타,화물,남,54세,상해없음,보행자,남,44세,경상
27964,2020121600100235,2020년 12월 16일 14시,수요일,경기도 용인시 기흥구 상갈동,경상사고,0,0,1,0,차대사람 - 기타,안전운전불이행,포장 - 건조,맑음,단일로 - 기타,이륜,남,18세,경상,보행자,남,79세,상해없음
27965,2020121600100236,2020년 12월 16일 14시,수요일,경기도 광명시 철산동,경상사고,0,0,1,0,차대사람 - 횡단중,안전운전불이행,포장 - 건조,맑음,교차로 - 교차로횡단보도내,승용,여,52세,상해없음,보행자,여,59세,경상
27966,2020121600100266,2020년 12월 16일 14시,수요일,경기도 고양시 일산동구 풍동,경상사고,0,0,1,0,차대사람 - 횡단중,안전운전불이행,포장 - 건조,맑음,단일로 - 기타,이륜,남,19세,상해없음,보행자,여,81세,경상
27967,2020121600100301,2020년 12월 16일 16시,수요일,경기도 성남시 분당구 정자동,중상사고,0,1,0,0,차대사람 - 차도통행중,안전운전불이행,포장 - 건조,맑음,교차로 - 교차로안,승용,남,62세,상해없음,보행자,여,63세,중상
27968,2020121600100361,2020년 12월 16일 17시,수요일,경기도 고양시 덕양구 토당동,경상사고,0,0,1,0,차대사람 - 기타,안전운전불이행,포장 - 기타,맑음,교차로 - 교차로안,승용,여,49세,상해없음,보행자,여,70세,경상
27969,2020121600100362,2020년 12월 16일 17시,수요일,경기도 양주시 고읍동,경상사고,0,0,1,0,차대사람 - 횡단중,신호위반,포장 - 건조,맑음,교차로 - 교차로횡단보도내,승용,여,43세,상해없음,보행자,여,19세,경상
27970,2020121600100381,2020년 12월 16일 18시,수요일,경기도 평택시 안중읍,경상사고,0,0,1,0,차대사람 - 기타,안전운전불이행,포장 - 건조,맑음,교차로 - 교차로부근,화물,남,61세,상해없음,보행자,남,42세,경상
27971,2020121600100386,2020년 12월 16일 18시,수요일,경기도 부천시 춘의동,중상사고,0,1,0,0,차대사람 - 횡단중,보행자보호의무위반,포장 - 건조,맑음,교차로 - 교차로횡단보도내,이륜,남,18세,상해없음,보행자,남,16세,중상
27972,2020121600100391,2020년 12월 16일 18시,수요일,경기도 성남시 중원구 상대원동,중상사고,0,1,0,0,차대사람 - 기타,안전운전불이행,포장 - 건조,맑음,기타 - 기타,이륜,남,22세,상해없음,보행자,남,61세,중상
27973,2020121600100440,2020년 12월 16일 19시,수요일,경기도 수원시 장안구 정자동,경상사고,0,0,1,0,차대사람 - 보도통행중,보행자보호의무위반,포장 - 건조,맑음,교차로 - 교차로횡단보도내,승용,남,41세,상해없음,보행자,여,62세,경상
27974,2020121600100450,2020년 12월 16일 19시,수요일,경기도 화성시 석우동,경상사고,0,0,2,0,차대사람 - 기타,안전운전불이행,포장 - 건조,맑음,단일로 - 기타,승용,남,32세,상해없음,보행자,남,54세,경상
27975,2020121600100516,2020년 12월 16일 21시,수요일,경기도 안양시 동안구 관양동,중상사고,0,1,0,0,차대사람 - 횡단중,안전운전불이행,포장 - 건조,맑음,교차로 - 교차로횡단보도내,승용,여,49세,상해없음,보행자,남,48세,중상
27976,2020121700100019,2020년 12월 17일 04시,목요일,경기도 부천시 중동,사망사고,1,0,0,0,차대사람 - 횡단중,과속,포장 - 건조,맑음,교차로 - 교차로안,승합,남,65세,상해없음,보행자,남,71세,사망
27977,2020121700100045,2020년 12월 17일 07시,목요일,경기도 용인시 처인구 포곡읍,중상사고,0,1,0,0,차대사람 - 횡단중,안전운전불이행,포장 - 건조,맑음,교차로 - 교차로횡단보도내,화물,남,48세,상해없음,보행자,남,57세,중상
27978,2020121700100070,2020년 12월 17일 07시,목요일,경기도 구리시 수택동,중상사고,0,1,0,0,차대사람 - 보도통행중,안전운전불이행,포장 - 기타,흐림,단일로 - 기타,승용,남,66세,상해없음,보행자,여,49세,중상
27979,2020121700100108,2020년 12월 17일 08시,목요일,경기도 남양주시 와부읍,경상사고,0,0,1,1,차대사람 - 기타,안전운전불이행,포장 - 건조,맑음,단일로 - 기타,승합,남,54세,상해없음,보행자,여,57세,경상
27980,2020121700100137,2020년 12월 17일 09시,목요일,경기도 남양주시 진접읍,경상사고,0,0,1,0,차대사람 - 길가장자리구역통행중,안전운전불이행,포장 - 건조,맑음,교차로 - 교차로부근,화물,남,46세,상해없음,보행자,여,76세,경상
27981,2020121700100138,2020년 12월 17일 09시,목요일,경기도 양주시 백석읍,경상사고,0,0,1,0,차대사람 - 기타,안전운전불이행,포장 - 건조,맑음,기타 - 기타,승합,남,55세,상해없음,보행자,여,59세,경상
27982,2020121700100219,2020년 12월 17일 12시,목요일,경기도 수원시 팔달구 화서동,중상사고,0,1,0,0,차대사람 - 횡단중,보행자보호의무위반,포장 - 건조,맑음,교차로 - 교차로안,승용,남,59세,상해없음,보행자,남,70세,중상
27983,2020121700100257,2020년 12월 17일 13시,목요일,경기도 이천시 장호원읍,경상사고,0,0,1,0,차대사람 - 기타,안전운전불이행,포장 - 건조,맑음,단일로 - 기타,화물,남,24세,상해없음,보행자,남,4세,경상
27984,2020121700100261,2020년 12월 17일 13시,목요일,경기도 수원시 영통구 영통동,경상사고,0,0,1,0,차대사람 - 기타,안전운전불이행,포장 - 건조,맑음,기타 - 기타,승용,여,50세,상해없음,보행자,남,43세,경상
27985,2020121700100289,2020년 12월 17일 14시,목요일,경기도 군포시 금정동,경상사고,0,0,1,0,차대사람 - 기타,안전운전불이행,포장 - 기타,맑음,단일로 - 기타,승용,남,51세,상해없음,보행자,여,54세,경상
27986,2020121700100326,2020년 12월 17일 15시,목요일,경기도 안산시 상록구 본오동,경상사고,0,0,1,0,차대사람 - 차도통행중,안전운전불이행,포장 - 건조,맑음,단일로 - 기타,승용,남,46세,상해없음,보행자,여,63세,경상
27987,2020121700100341,2020년 12월 17일 15시,목요일,경기도 고양시 일산서구 일산동,중상사고,0,1,0,0,차대사람 - 차도통행중,안전운전불이행,포장 - 건조,맑음,교차로 - 교차로부근,승용,여,48세,상해없음,보행자,여,56세,중상
27988,2020121700100421,2020년 12월 17일 18시,목요일,경기도 광주시 오포읍,경상사고,0,0,1,0,차대사람 - 기타,안전운전불이행,포장 - 건조,맑음,단일로 - 기타,승용,여,65세,상해없음,보행자,남,66세,경상
27989,2020121700100544,2020년 12월 17일 21시,목요일,경기도 성남시 분당구 서현동,중상사고,0,1,0,0,차대사람 - 횡단중,안전운전불이행,포장 - 건조,맑음,교차로 - 교차로부근,승용,여,56세,상해없음,보행자,남,37세,중상
27990,2020121800100019,2020년 12월 18일 05시,금요일,경기도 오산시 오산동,중상사고,0,1,0,0,차대사람 - 횡단중,보행자보호의무위반,포장 - 서리/결빙,눈,교차로 - 교차로안,승용,여,60세,상해없음,보행자,남,32세,중상
27991,2020121800100056,2020년 12월 18일 07시,금요일,경기도 하남시 신장동,중상사고,0,1,0,0,차대사람 - 횡단중,안전운전불이행,포장 - 건조,맑음,교차로 - 교차로횡단보도내,승용,남,55세,상해없음,보행자,여,48세,중상
27992,2020121800100168,2020년 12월 18일 11시,금요일,경기도 부천시 역곡동,중상사고,0,1,0,0,차대사람 - 보도통행중,안전운전불이행,포장 - 건조,맑음,단일로 - 기타,승용,남,41세,상해없음,보행자,여,65세,중상
27993,2020121800100194,2020년 12월 18일 12시,금요일,경기도 김포시 북변동,중상사고,0,1,0,0,차대사람 - 기타,안전운전불이행,포장 - 건조,맑음,기타 - 기타,화물,남,41세,상해없음,보행자,여,82세,중상
27994,2020121800100195,2020년 12월 18일 12시,금요일,경기도 광명시 광명동,중상사고,0,1,0,0,차대사람 - 기타,기타,포장 - 건조,맑음,단일로 - 기타,승합,남,50세,상해없음,보행자,여,78세,중상
27995,2020121800100196,2020년 12월 18일 12시,금요일,경기도 광명시 소하동,경상사고,0,0,1,0,차대사람 - 기타,신호위반,포장 - 건조,맑음,교차로 - 교차로횡단보도내,이륜,남,36세,상해없음,보행자,여,63세,경상
27996,2020121800100338,2020년 12월 18일 16시,금요일,경기도 안산시 단원구 성곡동,중상사고,0,1,0,0,차대사람 - 기타,안전운전불이행,포장 - 건조,맑음,단일로 - 기타,화물,남,45세,상해없음,보행자,남,26세,중상
27997,2020121800100342,2020년 12월 18일 16시,금요일,경기도 수원시 팔달구 중동,중상사고,0,1,0,0,차대사람 - 횡단중,보행자보호의무위반,포장 - 건조,맑음,교차로 - 교차로횡단보도내,승용,여,33세,상해없음,보행자,여,73세,중상
27998,2020121800100463,2020년 12월 18일 18시,금요일,경기도 수원시 권선구 세류동,경상사고,0,0,1,0,차대사람 - 횡단중,신호위반,포장 - 건조,맑음,교차로 - 교차로안,특수,남,27세,상해없음,보행자,남,29세,경상
27999,2020121800100554,2020년 12월 18일 19시,금요일,경기도 고양시 일산동구 마두동,경상사고,0,0,1,0,차대사람 - 횡단중,안전운전불이행,포장 - 건조,맑음,교차로 - 교차로안,승용,남,52세,상해없음,보행자,여,60세,경상
28000,2020121800100573,2020년 12월 18일 20시,금요일,경기도 평택시 비전동,경상사고,0,0,1,0,차대사람 - 횡단중,보행자보호의무위반,포장 - 건조,맑음,교차로 - 교차로안,승용,남,33세,상해없음,보행자,여,40세,경상
28001,2020121800100574,2020년 12월 18일 20시,금요일,경기도 평택시 합정동,중상사고,0,1,0,0,차대사람 - 차도통행중,안전운전불이행,포장 - 건조,기타,단일로 - 기타,승용,여,28세,상해없음,보행자,남,49세,중상
28002,2020121800100654,2020년 12월 18일 21시,금요일,경기도 남양주시 다산동,중상사고,0,1,0,0,차대사람 - 횡단중,안전운전불이행,포장 - 건조,흐림,교차로 - 교차로횡단보도내,승용,남,65세,상해없음,보행자,남,63세,중상
28003,2020121800100655,2020년 12월 18일 21시,금요일,경기도 포천시 소흘읍,중상사고,0,1,0,0,차대사람 - 횡단중,안전운전불이행,포장 - 건조,맑음,교차로 - 교차로부근,승용,여,37세,상해없음,보행자,여,57세,중상
28004,2020121900100151,2020년 12월 19일 12시,토요일,경기도 안성시 대천동,부상신고사고,0,0,0,1,차대사람 - 기타,안전운전불이행,포장 - 건조,맑음,단일로 - 기타,이륜,남,34세,상해없음,보행자,여,9세,부상신고
28005,2020121900100192,2020년 12월 19일 13시,토요일,경기도 부천시 소사본동,중상사고,0,1,0,0,차대사람 - 횡단중,중앙선침범,포장 - 건조,맑음,단일로 - 기타,승용,남,61세,상해없음,보행자,여,59세,중상
28006,2020121900100221,2020년 12월 19일 14시,토요일,경기도 안산시 단원구 원곡동,경상사고,0,0,1,0,차대사람 - 기타,신호위반,포장 - 건조,맑음,교차로 - 교차로안,승용,남,51세,상해없음,보행자,남,45세,경상
28007,2020121900100226,2020년 12월 19일 14시,토요일,경기도 의왕시 오전동,경상사고,0,0,1,0,차대사람 - 기타,안전운전불이행,포장 - 건조,맑음,교차로 - 교차로안,승용,여,21세,상해없음,보행자,여,75세,경상
28008,2020121900100263,2020년 12월 19일 15시,토요일,경기도 성남시 분당구 정자동,중상사고,0,1,0,0,차대사람 - 기타,보행자보호의무위반,포장 - 건조,맑음,교차로 - 교차로횡단보도내,승용,남,53세,상해없음,보행자,남,50세,중상
28009,2020121900100267,2020년 12월 19일 15시,토요일,경기도 용인시 수지구 동천동,경상사고,0,0,1,0,차대사람 - 횡단중,교차로운행방법위반,포장 - 건조,맑음,교차로 - 교차로횡단보도내,승용,남,53세,상해없음,보행자,여,25세,경상
28010,2020121900100302,2020년 12월 19일 16시,토요일,경기도 화성시 봉담읍,중상사고,0,1,0,0,차대사람 - 기타,보행자보호의무위반,포장 - 건조,맑음,교차로 - 교차로횡단보도내,승용,남,35세,상해없음,보행자,남,9세,중상
28011,2020121900100418,2020년 12월 19일 18시,토요일,경기도 파주시 금촌동,부상신고사고,0,0,0,1,차대사람 - 기타,안전운전불이행,포장 - 건조,맑음,교차로 - 교차로안,승용,남,46세,상해없음,보행자,남,36세,부상신고
28012,2020121900100449,2020년 12월 19일 19시,토요일,경기도 성남시 중원구 성남동,부상신고사고,0,0,0,1,차대사람 - 기타,교차로운행방법위반,포장 - 건조,맑음,교차로 - 교차로안,승용,남,70세,상해없음,보행자,남,28세,부상신고
28013,2020121900100477,2020년 12월 19일 20시,토요일,경기도 평택시 평택동,경상사고,0,0,1,0,차대사람 - 횡단중,안전운전불이행,포장 - 건조,맑음,단일로 - 기타,승용,남,25세,상해없음,보행자,남,65세,경상
28014,2020121900100479,2020년 12월 19일 20시,토요일,경기도 양평군 양평읍,경상사고,0,0,1,0,차대사람 - 차도통행중,안전운전불이행,포장 - 건조,맑음,단일로 - 기타,원동기,남,18세,상해없음,보행자,여,53세,경상
28015,2020121900100483,2020년 12월 19일 20시,토요일,경기도 시흥시 대야동,경상사고,0,0,1,0,차대사람 - 길가장자리구역통행중,안전운전불이행,포장 - 건조,맑음,단일로 - 기타,승용,남,25세,상해없음,보행자,남,50세,경상
28016,2020121900100485,2020년 12월 19일 20시,토요일,경기도 의왕시 학의동,중상사고,0,1,0,0,차대사람 - 횡단중,안전운전불이행,포장 - 건조,맑음,교차로 - 교차로안,승용,남,65세,상해없음,보행자,여,27세,중상
28017,2020121900100586,2020년 12월 19일 23시,토요일,경기도 수원시 팔달구 인계동,중상사고,0,1,0,0,차대사람 - 횡단중,안전운전불이행,포장 - 서리/결빙,맑음,단일로 - 기타,이륜,여,23세,기타불명,보행자,남,42세,중상
28018,2020122000100041,2020년 12월 20일 09시,일요일,경기도 시흥시 은행동,중상사고,0,1,0,0,차대사람 - 기타,기타,포장 - 건조,맑음,기타 - 기타,승합,남,39세,상해없음,보행자,남,66세,중상
28019,2020122000100063,2020년 12월 20일 10시,일요일,경기도 양주시 덕정동,중상사고,0,1,0,0,차대사람 - 횡단중,안전운전불이행,포장 - 건조,맑음,교차로 - 교차로부근,승용,남,68세,상해없음,보행자,남,84세,중상
28020,2020122000100138,2020년 12월 20일 14시,일요일,경기도 용인시 기흥구 상하동,부상신고사고,0,0,0,1,차대사람 - 기타,안전운전불이행,포장 - 건조,맑음,기타 - 기타,승용,남,47세,상해없음,보행자,여,63세,부상신고
28021,2020122000100140,2020년 12월 20일 14시,일요일,경기도 시흥시 대야동,중상사고,0,1,0,0,차대사람 - 기타,안전운전불이행,포장 - 건조,맑음,교차로 - 교차로안,화물,남,27세,상해없음,보행자,여,80세,중상
28022,2020122000100231,2020년 12월 20일 18시,일요일,경기도 김포시 통진읍,경상사고,0,0,1,0,차대사람 - 횡단중,신호위반,포장 - 건조,맑음,교차로 - 교차로안,승합,여,43세,상해없음,보행자,남,63세,경상
28023,2020122000100270,2020년 12월 20일 19시,일요일,경기도 안산시 상록구 본오동,경상사고,0,0,1,0,차대사람 - 기타,안전운전불이행,포장 - 건조,맑음,단일로 - 기타,원동기,남,24세,상해없음,보행자,남,39세,경상
28024,2020122000100272,2020년 12월 20일 19시,일요일,경기도 수원시 권선구 평동,중상사고,0,1,0,0,차대사람 - 기타,안전운전불이행,포장 - 건조,맑음,교차로 - 교차로부근,승용,남,68세,상해없음,보행자,남,50세,중상
28025,2020122000100320,2020년 12월 20일 21시,일요일,경기도 평택시 서정동,사망사고,1,0,0,0,차대사람 - 기타,안전운전불이행,포장 - 건조,맑음,단일로 - 기타,화물,남,39세,상해없음,보행자,남,47세,사망
28026,2020122100100007,2020년 12월 21일 00시,월요일,경기도 하남시 신장동,경상사고,0,0,1,0,차대사람 - 횡단중,안전운전불이행,포장 - 건조,맑음,교차로 - 교차로안,승합,남,56세,상해없음,보행자,남,76세,경상
28027,2020122100100029,2020년 12월 21일 05시,월요일,경기도 남양주시 화도읍,경상사고,0,0,1,0,차대사람 - 횡단중,보행자보호의무위반,포장 - 건조,맑음,단일로 - 기타,승용,남,47세,상해없음,보행자,여,65세,경상
28028,2020122100100030,2020년 12월 21일 05시,월요일,경기도 파주시 와동,중상사고,0,1,0,0,차대사람 - 횡단중,안전운전불이행,포장 - 건조,기타,교차로 - 교차로횡단보도내,승용,남,64세,상해없음,보행자,여,73세,중상
28029,2020122100100056,2020년 12월 21일 07시,월요일,경기도 부천시 삼정동,사망사고,1,0,0,0,차대사람 - 횡단중,안전운전불이행,포장 - 건조,맑음,교차로 - 교차로안,건설기계,남,50세,상해없음,보행자,여,62세,사망
28030,2020122100100078,2020년 12월 21일 07시,월요일,경기도 연천군 전곡읍,경상사고,0,0,1,0,차대사람 - 기타,안전운전불이행,포장 - 건조,맑음,기타 - 기타,승용,남,37세,기타불명,보행자,남,43세,경상