,사고번호,사고일시,요일,시군구,사고내용,사망자수,중상자수,경상자수,부상신고자수,사고유형,법규위반,노면상태,기상상태,도로형태,가해운전자 차종,가해운전자 성별,가해운전자 연령,가해운전자 상해정도,피해운전자 차종,피해운전자 성별,피해운전자 연령,피해운전자 상해정도
28031,2020122100100096,2020년 12월 21일 08시,월요일,경기도 과천시 중앙동,경상사고,0,0,1,0,차대사람 - 횡단중,안전운전불이행,포장 - 건조,맑음,교차로 - 교차로부근,승용,남,60세,상해없음,보행자,여,44세,경상
28032,2020122100100123,2020년 12월 21일 09시,월요일,경기도 안양시 동안구 호계동,경상사고,0,0,1,0,차대사람 - 기타,안전운전불이행,포장 - 건조,맑음,단일로 - 기타,승용,여,32세,상해없음,보행자,남,76세,경상
28033,2020122100100144,2020년 12월 21일 09시,월요일,경기도 고양시 덕양구 도내동,경상사고,0,0,1,0,차대사람 - 기타,안전운전불이행,포장 - 건조,맑음,단일로 - 지하차도(도로)내,승용,남,62세,상해없음,보행자,남,60세,경상
28034,2020122100100189,2020년 12월 21일 11시,월요일,경기도 안성시 석정동,중상사고,0,1,0,0,차대사람 - 기타,보행자보호의무위반,포장 - 건조,맑음,단일로 - 기타,승용,남,50세,상해없음,보행자,여,85세,중상
28035,2020122100100232,2020년 12월 21일 12시,월요일,경기도 김포시 양촌읍,사망사고,1,0,0,0,차대사람 - 횡단중,안전운전불이행,포장 - 건조,맑음,교차로 - 교차로안,승합,남,60세,상해없음,보행자,여,68세,사망
28036,2020122100100233,2020년 12월 21일 12시,월요일,경기도 안산시 단원구 고잔동,경상사고,0,0,1,0,차대사람 - 기타,안전운전불이행,포장 - 기타,기타,교차로 - 교차로부근,승용,여,43세,기타불명,보행자,여,73세,경상
28037,2020122100100234,2020년 12월 21일 12시,월요일,경기도 성남시 분당구 삼평동,경상사고,0,0,1,0,차대사람 - 횡단중,보행자보호의무위반,포장 - 건조,맑음,교차로 - 교차로안,승용,남,35세,상해없음,보행자,남,38세,경상
28038,2020122100100294,2020년 12월 21일 14시,월요일,경기도 용인시 처인구 이동읍,경상사고,0,0,1,0,차대사람 - 기타,안전운전불이행,포장 - 건조,맑음,기타 - 기타,승용,남,66세,상해없음,보행자,여,46세,경상
28039,2020122100100325,2020년 12월 21일 15시,월요일,경기도 광주시 경안동,경상사고,0,0,1,0,차대사람 - 기타,안전운전불이행,포장 - 건조,맑음,단일로 - 기타,원동기,남,16세,상해없음,보행자,남,23세,경상
28040,2020122100100327,2020년 12월 21일 15시,월요일,경기도 양평군 양서면,중상사고,0,1,0,0,차대사람 - 기타,안전운전불이행,포장 - 건조,맑음,단일로 - 기타,승용,남,76세,기타불명,보행자,남,81세,중상
28041,2020122100100368,2020년 12월 21일 16시,월요일,경기도 시흥시 대야동,경상사고,0,0,2,0,차대사람 - 횡단중,신호위반,포장 - 건조,맑음,교차로 - 교차로횡단보도내,원동기,남,39세,상해없음,보행자,여,62세,경상
28042,2020122100100369,2020년 12월 21일 16시,월요일,경기도 화성시 봉담읍,경상사고,0,0,1,0,차대사람 - 횡단중,보행자보호의무위반,포장 - 건조,맑음,단일로 - 기타,승합,남,62세,상해없음,보행자,여,75세,경상
28043,2020122100100390,2020년 12월 21일 16시,월요일,경기도 고양시 일산서구 탄현동,경상사고,0,0,1,0,차대사람 - 기타,신호위반,포장 - 건조,맑음,교차로 - 교차로횡단보도내,승합,남,59세,상해없음,보행자,여,55세,경상
28044,2020122100100404,2020년 12월 21일 17시,월요일,경기도 용인시 처인구 김량장동,중상사고,0,1,0,0,차대사람 - 기타,안전운전불이행,포장 - 건조,맑음,교차로 - 교차로안,승용,여,46세,상해없음,보행자,남,51세,중상
28045,2020122100100436,2020년 12월 21일 17시,월요일,경기도 고양시 일산동구 마두동,중상사고,0,1,0,0,차대사람 - 기타,안전운전불이행,포장 - 건조,맑음,단일로 - 기타,승용,여,62세,상해없음,보행자,남,79세,중상
28046,2020122100100437,2020년 12월 21일 17시,월요일,경기도 양주시 광사동,중상사고,0,1,1,0,차대사람 - 횡단중,보행자보호의무위반,포장 - 건조,맑음,단일로 - 기타,승용,여,45세,상해없음,보행자,여,13세,중상
28047,2020122100100455,2020년 12월 21일 18시,월요일,경기도 광주시 초월읍,경상사고,0,0,1,0,차대사람 - 기타,안전운전불이행,포장 - 건조,맑음,단일로 - 기타,화물,남,64세,상해없음,보행자,여,59세,경상
28048,2020122100100458,2020년 12월 21일 18시,월요일,경기도 용인시 처인구 김량장동,부상신고사고,0,0,0,1,차대사람 - 차도통행중,안전운전불이행,포장 - 건조,맑음,단일로 - 기타,승용,남,49세,상해없음,보행자,여,39세,부상신고
28049,2020122100100516,2020년 12월 21일 19시,월요일,경기도 오산시 수청동,중상사고,0,1,0,0,차대사람 - 횡단중,보행자보호의무위반,포장 - 건조,맑음,교차로 - 교차로횡단보도내,승용,여,54세,상해없음,보행자,여,64세,중상
28050,2020122100100587,2020년 12월 21일 20시,월요일,경기도 의정부시 호원동,중상사고,0,1,0,0,차대사람 - 횡단중,안전운전불이행,포장 - 건조,맑음,교차로 - 교차로부근,이륜,남,20세,상해없음,보행자,남,38세,중상
28051,2020122100100609,2020년 12월 21일 21시,월요일,경기도 의정부시 금오동,중상사고,0,1,0,0,차대사람 - 기타,안전운전불이행,포장 - 건조,맑음,교차로 - 교차로부근,이륜,남,30세,상해없음,보행자,남,55세,중상
28052,2020122200100022,2020년 12월 22일 05시,화요일,경기도 평택시 이충동,중상사고,0,1,0,0,차대사람 - 횡단중,보행자보호의무위반,포장 - 건조,맑음,교차로 - 교차로안,승합,여,59세,상해없음,보행자,여,77세,중상
28053,2020122200100029,2020년 12월 22일 05시,화요일,경기도 파주시 와동,중상사고,0,1,0,0,차대사람 - 횡단중,신호위반,포장 - 건조,맑음,교차로 - 교차로횡단보도내,승용,남,55세,상해없음,보행자,여,63세,중상
28054,2020122200100048,2020년 12월 22일 07시,화요일,경기도 평택시 고덕면,경상사고,0,0,1,0,차대사람 - 횡단중,안전운전불이행,포장 - 건조,맑음,교차로 - 교차로안,원동기,남,23세,상해없음,보행자,남,32세,경상
28055,2020122200100086,2020년 12월 22일 08시,화요일,경기도 안산시 상록구 사동,경상사고,0,0,1,0,차대사람 - 횡단중,보행자보호의무위반,포장 - 젖음/습기,기타,교차로 - 교차로안,승용,여,37세,상해없음,보행자,여,59세,경상
28056,2020122200100133,2020년 12월 22일 10시,화요일,경기도 평택시 고덕면,경상사고,0,0,1,0,차대사람 - 길가장자리구역통행중,중앙선침범,포장 - 건조,맑음,단일로 - 기타,승합,남,46세,상해없음,보행자,남,33세,경상
28057,2020122200100165,2020년 12월 22일 11시,화요일,경기도 화성시 봉담읍,중상사고,0,1,0,0,차대사람 - 횡단중,신호위반,포장 - 건조,맑음,단일로 - 기타,승용,여,47세,상해없음,보행자,여,46세,중상
28058,2020122200100189,2020년 12월 22일 11시,화요일,경기도 파주시 목동동,경상사고,0,0,1,0,차대사람 - 횡단중,보행자보호의무위반,포장 - 건조,맑음,교차로 - 교차로안,이륜,남,63세,상해없음,보행자,여,78세,경상
28059,2020122200100198,2020년 12월 22일 12시,화요일,경기도 부천시 괴안동,경상사고,0,0,1,0,차대사람 - 횡단중,안전운전불이행,포장 - 건조,맑음,단일로 - 기타,이륜,남,53세,경상,보행자,여,71세,상해없음
28060,2020122200100212,2020년 12월 22일 12시,화요일,경기도 남양주시 별내면,경상사고,0,0,1,0,차대사람 - 횡단중,신호위반,포장 - 건조,맑음,교차로 - 교차로안,화물,남,68세,상해없음,보행자,여,78세,경상
28061,2020122200100251,2020년 12월 22일 14시,화요일,경기도 하남시 덕풍동,경상사고,0,0,1,0,차대사람 - 기타,안전운전불이행,포장 - 건조,맑음,교차로 - 교차로부근,화물,남,49세,상해없음,보행자,남,78세,경상
28062,2020122200100273,2020년 12월 22일 14시,화요일,경기도 의정부시 의정부동,경상사고,0,0,1,0,차대사람 - 길가장자리구역통행중,안전운전불이행,포장 - 건조,맑음,단일로 - 기타,승용,남,62세,상해없음,보행자,남,63세,경상
28063,2020122200100274,2020년 12월 22일 14시,화요일,경기도 남양주시 화도읍,경상사고,0,0,1,0,차대사람 - 횡단중,기타,포장 - 건조,맑음,단일로 - 기타,승용,남,89세,상해없음,보행자,여,44세,경상
28064,2020122200100314,2020년 12월 22일 15시,화요일,경기도 파주시 문산읍,경상사고,0,0,1,0,차대사람 - 횡단중,보행자보호의무위반,포장 - 건조,맑음,단일로 - 기타,승용,남,46세,상해없음,보행자,여,84세,경상
28065,2020122200100356,2020년 12월 22일 17시,화요일,경기도 수원시 장안구 영화동,중상사고,0,1,0,0,차대사람 - 기타,안전운전불이행,포장 - 건조,맑음,단일로 - 기타,화물,남,67세,상해없음,보행자,여,47세,중상
28066,2020122200100441,2020년 12월 22일 18시,화요일,경기도 동두천시 지행동,경상사고,0,0,1,0,차대사람 - 횡단중,보행자보호의무위반,포장 - 건조,맑음,교차로 - 교차로횡단보도내,승용,남,63세,상해없음,보행자,남,31세,경상
28067,2020122200100463,2020년 12월 22일 19시,화요일,경기도 평택시 비전동,부상신고사고,0,0,0,1,차대사람 - 기타,안전운전불이행,포장 - 건조,맑음,단일로 - 기타,이륜,남,21세,부상신고,보행자,남,55세,상해없음
28068,2020122200100466,2020년 12월 22일 19시,화요일,경기도 용인시 처인구 역북동,중상사고,0,1,0,0,차대사람 - 횡단중,보행자보호의무위반,포장 - 건조,맑음,단일로 - 기타,승용,여,54세,상해없음,보행자,남,30세,중상
28069,2020122200100467,2020년 12월 22일 19시,화요일,경기도 용인시 기흥구 서천동,중상사고,0,1,0,0,차대사람 - 기타,안전운전불이행,포장 - 건조,맑음,단일로 - 기타,승용,남,49세,상해없음,보행자,남,59세,중상
28070,2020122200100468,2020년 12월 22일 19시,화요일,경기도 부천시 도당동,중상사고,0,1,0,0,차대사람 - 횡단중,안전운전불이행,포장 - 건조,맑음,교차로 - 교차로부근,승용,남,30세,상해없음,보행자,남,52세,중상
28071,2020122200100508,2020년 12월 22일 20시,화요일,경기도 안산시 상록구 본오동,중상사고,0,1,0,0,차대사람 - 기타,안전운전불이행,포장 - 건조,맑음,교차로 - 교차로안,승용,남,60세,상해없음,보행자,여,23세,중상
28072,2020122200100525,2020년 12월 22일 20시,화요일,경기도 의정부시 의정부동,경상사고,0,0,1,0,차대사람 - 차도통행중,안전운전불이행,포장 - 건조,맑음,교차로 - 교차로부근,승용,여,34세,상해없음,보행자,남,60세,경상
28073,2020122200100541,2020년 12월 22일 21시,화요일,경기도 광주시 송정동,중상사고,0,1,0,0,차대사람 - 기타,안전운전불이행,포장 - 기타,기타,단일로 - 기타,승용,여,50세,기타불명,보행자,남,45세,중상
28074,2020122200100558,2020년 12월 22일 21시,화요일,경기도 고양시 덕양구 화정동,중상사고,0,1,0,0,차대사람 - 기타,안전운전불이행,포장 - 건조,맑음,단일로 - 기타,승용,남,38세,상해없음,보행자,여,50세,중상
28075,2020122300100019,2020년 12월 23일 03시,수요일,경기도 부천시 원종동,중상사고,0,1,0,0,차대사람 - 횡단중,안전운전불이행,포장 - 건조,맑음,단일로 - 기타,승용,남,65세,상해없음,보행자,여,80세,중상
28076,2020122300100041,2020년 12월 23일 06시,수요일,경기도 광명시 광명동,경상사고,0,0,1,0,차대사람 - 횡단중,보행자보호의무위반,포장 - 건조,맑음,교차로 - 교차로부근,건설기계,남,50세,기타불명,보행자,여,54세,경상
28077,2020122300100067,2020년 12월 23일 07시,수요일,경기도 광주시 초월읍,중상사고,0,1,0,0,차대사람 - 기타,안전운전불이행,포장 - 서리/결빙,흐림,교차로 - 교차로부근,승용,남,60세,상해없음,보행자,여,60세,중상
28078,2020122300100087,2020년 12월 23일 07시,수요일,경기도 파주시 문산읍,부상신고사고,0,0,0,1,차대사람 - 횡단중,기타,포장 - 건조,맑음,교차로 - 교차로부근,기타불명,기타불명,미분류,기타불명,보행자,여,52세,부상신고
28079,2020122300100100,2020년 12월 23일 08시,수요일,경기도 안성시 보개면,경상사고,0,0,1,0,차대사람 - 기타,기타,포장 - 건조,맑음,단일로 - 기타,승용,남,40세,상해없음,보행자,남,65세,경상
28080,2020122300100105,2020년 12월 23일 08시,수요일,경기도 용인시 수지구 성복동,중상사고,0,1,0,0,차대사람 - 기타,보행자보호의무위반,포장 - 건조,맑음,교차로 - 교차로안,승용,여,42세,상해없음,보행자,여,55세,중상
28081,2020122300100171,2020년 12월 23일 10시,수요일,경기도 고양시 덕양구 도내동,중상사고,0,2,0,0,차대사람 - 차도통행중,기타,포장 - 건조,맑음,기타 - 기타,승용,여,44세,상해없음,보행자,남,46세,중상
28082,2020122300100233,2020년 12월 23일 13시,수요일,경기도 광주시 초월읍,경상사고,0,0,1,0,차대사람 - 횡단중,보행자보호의무위반,포장 - 건조,맑음,교차로 - 교차로횡단보도내,승용,남,80세,상해없음,보행자,여,41세,경상
28083,2020122300100234,2020년 12월 23일 13시,수요일,경기도 김포시 고촌읍,경상사고,0,0,1,0,차대사람 - 횡단중,보행자보호의무위반,포장 - 건조,맑음,교차로 - 교차로횡단보도내,화물,남,68세,상해없음,보행자,여,12세,경상
28084,2020122300100281,2020년 12월 23일 14시,수요일,경기도 의정부시 의정부동,부상신고사고,0,0,0,1,차대사람 - 기타,안전운전불이행,포장 - 건조,맑음,기타 - 기타,화물,남,57세,상해없음,보행자,남,18세,부상신고
28085,2020122300100291,2020년 12월 23일 15시,수요일,경기도 부천시 소사동,중상사고,0,1,0,0,차대사람 - 기타,안전운전불이행,포장 - 건조,맑음,교차로 - 교차로부근,승용,남,56세,상해없음,보행자,남,62세,중상
28086,2020122300100292,2020년 12월 23일 15시,수요일,경기도 안산시 단원구 신길동,중상사고,0,1,0,0,차대사람 - 횡단중,안전운전불이행,포장 - 건조,맑음,교차로 - 교차로안,승용,남,45세,상해없음,보행자,여,74세,중상
28087,2020122300100321,2020년 12월 23일 16시,수요일,경기도 안산시 단원구 선부동,부상신고사고,0,0,0,1,차대사람 - 기타,안전운전불이행,포장 - 건조,맑음,단일로 - 기타,승용,남,42세,상해없음,보행자,남,4세,부상신고
28088,2020122300100323,2020년 12월 23일 16시,수요일,경기도 시흥시 은행동,경상사고,0,0,1,0,차대사람 - 횡단중,안전운전불이행,포장 - 건조,맑음,교차로 - 교차로횡단보도내,기타불명,기타불명,미분류,기타불명,보행자,여,3세,경상
28089,2020122300100363,2020년 12월 23일 17시,수요일,경기도 광명시 광명동,경상사고,0,0,1,0,차대사람 - 기타,안전운전불이행,포장 - 건조,맑음,교차로 - 교차로부근,승용,남,52세,상해없음,보행자,여,73세,경상
28090,2020122300100364,2020년 12월 23일 17시,수요일,경기도 시흥시 대야동,중상사고,0,1,0,0,차대사람 - 횡단중,안전운전불이행,포장 - 건조,맑음,교차로 - 교차로횡단보도내,승용,남,72세,상해없음,보행자,여,23세,중상
28091,2020122300100479,2020년 12월 23일 18시,수요일,경기도 남양주시 호평동,경상사고,0,0,1,0,차대사람 - 횡단중,보행자보호의무위반,포장 - 건조,맑음,교차로 - 교차로안,승용,남,38세,상해없음,보행자,남,64세,경상
28092,2020122300100482,2020년 12월 23일 18시,수요일,경기도 남양주시 화도읍,경상사고,0,0,1,0,차대사람 - 기타,안전운전불이행,포장 - 건조,맑음,단일로 - 기타,승용,남,51세,상해없음,보행자,여,22세,경상
28093,2020122300100483,2020년 12월 23일 18시,수요일,경기도 양주시 옥정동,경상사고,0,0,1,0,차대사람 - 횡단중,안전운전불이행,포장 - 기타,맑음,교차로 - 교차로안,승용,여,54세,상해없음,보행자,남,40세,경상
28094,2020122300100495,2020년 12월 23일 19시,수요일,경기도 수원시 권선구 세류동,경상사고,0,0,1,0,차대사람 - 횡단중,보행자보호의무위반,포장 - 건조,맑음,교차로 - 교차로안,승합,남,27세,상해없음,보행자,여,49세,경상
28095,2020122300100501,2020년 12월 23일 19시,수요일,경기도 부천시 도당동,경상사고,0,0,2,0,차대사람 - 기타,안전운전불이행,포장 - 기타,맑음,단일로 - 기타,개인형이동수단(PM),여,31세,경상,보행자,여,70세,경상
28096,2020122300100573,2020년 12월 23일 21시,수요일,경기도 부천시 도당동,중상사고,0,1,0,0,차대사람 - 기타,안전운전불이행,포장 - 건조,맑음,단일로 - 기타,원동기,남,47세,상해없음,보행자,남,59세,중상
28097,2020122300100577,2020년 12월 23일 21시,수요일,경기도 안양시 만안구 안양동,경상사고,0,0,1,0,차대사람 - 기타,안전운전불이행,포장 - 건조,맑음,기타 - 기타,승용,남,21세,상해없음,보행자,남,26세,경상
28098,2020122300100632,2020년 12월 23일 23시,수요일,경기도 파주시 야당동,중상사고,0,1,1,0,차대사람 - 횡단중,안전운전불이행,포장 - 건조,맑음,교차로 - 교차로안,승용,남,49세,경상,보행자,남,46세,중상
28099,2020122400100031,2020년 12월 24일 06시,목요일,경기도 수원시 장안구 연무동,경상사고,0,0,1,0,차대사람 - 기타,안전운전불이행,포장 - 건조,맑음,교차로 - 교차로안,승용,남,27세,상해없음,보행자,여,63세,경상
28100,2020122400100034,2020년 12월 24일 06시,목요일,경기도 수원시 권선구 고색동,중상사고,0,1,0,0,차대사람 - 차도통행중,안전운전불이행,포장 - 건조,맑음,단일로 - 기타,승용,남,62세,상해없음,보행자,여,61세,중상
28101,2020122400100108,2020년 12월 24일 09시,목요일,경기도 평택시 고덕면,경상사고,0,0,1,0,차대사람 - 기타,안전운전불이행,포장 - 젖음/습기,흐림,단일로 - 기타,특수,남,48세,상해없음,보행자,남,54세,경상
28102,2020122400100196,2020년 12월 24일 12시,목요일,경기도 성남시 수정구 태평동,경상사고,0,0,1,0,차대사람 - 기타,신호위반,포장 - 건조,맑음,교차로 - 교차로안,원동기,남,40세,상해없음,보행자,남,11세,경상
28103,2020122400100199,2020년 12월 24일 12시,목요일,경기도 안산시 단원구 고잔동,중상사고,0,1,0,0,차대사람 - 횡단중,안전운전불이행,포장 - 건조,맑음,기타 - 기타,이륜,남,29세,기타불명,보행자,여,52세,중상
28104,2020122400100217,2020년 12월 24일 12시,목요일,경기도 의정부시 의정부동,경상사고,0,0,1,0,차대사람 - 횡단중,안전운전불이행,포장 - 건조,맑음,교차로 - 교차로부근,이륜,남,50세,상해없음,보행자,여,53세,경상
28105,2020122400100234,2020년 12월 24일 13시,목요일,경기도 안산시 단원구 원곡동,경상사고,0,0,1,0,차대사람 - 기타,안전운전불이행,포장 - 건조,맑음,단일로 - 기타,이륜,남,39세,상해없음,보행자,남,25세,경상
28106,2020122400100265,2020년 12월 24일 14시,목요일,경기도 용인시 기흥구 공세동,중상사고,0,1,0,0,차대사람 - 횡단중,보행자보호의무위반,포장 - 건조,맑음,교차로 - 교차로안,승용,여,53세,상해없음,보행자,여,77세,중상
28107,2020122400100304,2020년 12월 24일 15시,목요일,경기도 평택시 서정동,경상사고,0,0,1,0,차대사람 - 기타,안전운전불이행,포장 - 젖음/습기,흐림,교차로 - 교차로부근,승용,여,19세,상해없음,보행자,남,73세,경상
28108,2020122400100306,2020년 12월 24일 15시,목요일,경기도 평택시 지산동,경상사고,0,0,1,0,차대사람 - 기타,안전운전불이행,포장 - 건조,맑음,단일로 - 기타,승용,남,37세,상해없음,보행자,남,7세,경상
28109,2020122400100315,2020년 12월 24일 15시,목요일,경기도 안산시 상록구 일동,중상사고,0,1,0,0,차대사람 - 횡단중,신호위반,포장 - 건조,맑음,기타 - 기타,승용,여,59세,상해없음,보행자,남,37세,중상
28110,2020122400100331,2020년 12월 24일 15시,목요일,경기도 고양시 덕양구 행신동,경상사고,0,0,1,0,차대사람 - 횡단중,안전운전불이행,포장 - 건조,맑음,단일로 - 기타,승용,남,32세,상해없음,보행자,남,92세,경상
28111,2020122400100343,2020년 12월 24일 16시,목요일,경기도 부천시 소사동,중상사고,0,1,0,0,차대사람 - 기타,안전운전불이행,포장 - 건조,맑음,단일로 - 기타,승합,남,39세,상해없음,보행자,여,78세,중상
28112,2020122400100347,2020년 12월 24일 16시,목요일,경기도 용인시 수지구 성복동,중상사고,0,1,0,0,차대사람 - 기타,안전운전불이행,포장 - 건조,맑음,기타 - 기타,승합,남,55세,상해없음,보행자,여,71세,중상
28113,2020122400100393,2020년 12월 24일 17시,목요일,경기도 시흥시 정왕동,중상사고,0,1,0,0,차대사람 - 횡단중,안전운전불이행,포장 - 건조,맑음,교차로 - 교차로안,승용,남,22세,상해없음,보행자,남,79세,중상
28114,2020122400100445,2020년 12월 24일 18시,목요일,경기도 평택시 서정동,경상사고,0,0,1,0,차대사람 - 기타,안전운전불이행,포장 - 건조,맑음,기타 - 기타,기타불명,기타불명,미분류,기타불명,보행자,남,47세,경상
28115,2020122400100456,2020년 12월 24일 18시,목요일,경기도 성남시 중원구 하대원동,중상사고,0,1,0,0,차대사람 - 횡단중,안전운전불이행,포장 - 건조,맑음,기타 - 기타,승용,남,61세,상해없음,보행자,남,75세,중상
28116,2020122400100496,2020년 12월 24일 18시,목요일,경기도 고양시 덕양구 주교동,경상사고,0,0,1,0,차대사람 - 기타,안전운전불이행,포장 - 기타,맑음,교차로 - 교차로부근,승용,남,53세,상해없음,보행자,남,73세,경상
28117,2020122400100499,2020년 12월 24일 18시,목요일,경기도 구리시 인창동,경상사고,0,0,1,0,차대사람 - 기타,보행자보호의무위반,포장 - 젖음/습기,흐림,교차로 - 교차로횡단보도내,승용,여,39세,기타불명,보행자,여,25세,경상
28118,2020122400100521,2020년 12월 24일 19시,목요일,경기도 성남시 중원구 중앙동,중상사고,0,1,0,0,차대사람 - 횡단중,안전운전불이행,포장 - 건조,맑음,기타 - 기타,승용,남,28세,상해없음,보행자,남,43세,중상
28119,2020122400100523,2020년 12월 24일 19시,목요일,경기도 성남시 중원구 중앙동,경상사고,0,0,1,0,차대사람 - 기타,안전운전불이행,포장 - 건조,맑음,단일로 - 기타,승합,남,34세,상해없음,보행자,여,67세,경상
28120,2020122400100566,2020년 12월 24일 20시,목요일,경기도 용인시 처인구 모현읍,경상사고,0,0,1,0,차대사람 - 기타,안전운전불이행,포장 - 건조,맑음,단일로 - 기타,승용,남,35세,상해없음,보행자,남,51세,경상
28121,2020122400100570,2020년 12월 24일 20시,목요일,경기도 부천시 오정동,경상사고,0,0,1,0,차대사람 - 횡단중,신호위반,포장 - 건조,맑음,교차로 - 교차로횡단보도내,승용,남,19세,상해없음,보행자,남,56세,경상
28122,2020122400100588,2020년 12월 24일 20시,목요일,경기도 파주시 와동,경상사고,0,0,1,0,차대사람 - 기타,신호위반,포장 - 건조,맑음,단일로 - 기타,이륜,남,17세,상해없음,보행자,여,51세,경상
28123,2020122400100604,2020년 12월 24일 21시,목요일,경기도 용인시 기흥구 보라동,중상사고,0,1,0,0,차대사람 - 횡단중,안전운전불이행,포장 - 건조,맑음,단일로 - 기타,승용,남,41세,상해없음,보행자,남,37세,중상
28124,2020122400100605,2020년 12월 24일 21시,목요일,경기도 오산시 궐동,경상사고,0,0,1,0,차대사람 - 길가장자리구역통행중,안전운전불이행,포장 - 건조,맑음,단일로 - 기타,승용,남,39세,상해없음,보행자,남,39세,경상
28125,2020122400100608,2020년 12월 24일 21시,목요일,경기도 수원시 권선구 탑동,경상사고,0,0,1,0,차대사람 - 기타,보행자보호의무위반,포장 - 건조,맑음,단일로 - 기타,승용,여,70세,상해없음,보행자,여,16세,경상
28126,2020122400100641,2020년 12월 24일 22시,목요일,경기도 수원시 권선구 세류동,부상신고사고,0,0,0,1,차대사람 - 기타,안전운전불이행,포장 - 건조,맑음,교차로 - 교차로안,이륜,남,32세,상해없음,보행자,남,60세,부상신고
28127,2020122500100046,2020년 12월 25일 08시,금요일,경기도 안산시 단원구 선부동,중상사고,0,1,0,0,차대사람 - 기타,보행자보호의무위반,포장 - 건조,맑음,교차로 - 교차로횡단보도내,승용,여,59세,상해없음,보행자,남,31세,중상
28128,2020122500100047,2020년 12월 25일 08시,금요일,경기도 화성시 봉담읍,경상사고,0,0,1,0,차대사람 - 기타,안전운전불이행,포장 - 건조,맑음,교차로 - 교차로부근,승용,남,51세,상해없음,보행자,남,34세,경상
28129,2020122500100228,2020년 12월 25일 17시,금요일,경기도 안산시 상록구 본오동,중상사고,0,1,0,0,차대사람 - 차도통행중,안전운전불이행,포장 - 건조,맑음,단일로 - 기타,승용,남,43세,상해없음,보행자,남,55세,중상
28130,2020122500100261,2020년 12월 25일 18시,금요일,경기도 오산시 궐동,경상사고,0,0,1,0,차대사람 - 횡단중,안전운전불이행,포장 - 건조,맑음,교차로 - 교차로횡단보도내,승용,남,49세,상해없음,보행자,남,36세,경상
28131,2020122500100280,2020년 12월 25일 18시,금요일,경기도 고양시 덕양구 행신동,경상사고,0,0,1,0,차대사람 - 보도통행중,신호위반,포장 - 건조,맑음,교차로 - 교차로횡단보도내,이륜,남,31세,상해없음,보행자,남,17세,경상
28132,2020122500100292,2020년 12월 25일 19시,금요일,경기도 평택시 비전동,경상사고,0,0,1,0,차대사람 - 기타,안전운전불이행,포장 - 건조,맑음,교차로 - 교차로부근,승용,여,59세,상해없음,보행자,여,53세,경상
28133,2020122500100309,2020년 12월 25일 19시,금요일,경기도 고양시 일산동구 마두동,중상사고,0,1,0,0,차대사람 - 횡단중,보행자보호의무위반,포장 - 건조,맑음,교차로 - 교차로부근,이륜,남,38세,상해없음,보행자,남,74세,중상
28134,2020122500100352,2020년 12월 25일 21시,금요일,경기도 부천시 중동,중상사고,0,1,0,0,차대사람 - 차도통행중,안전운전불이행,포장 - 건조,맑음,단일로 - 기타,승용,남,23세,상해없음,보행자,여,57세,중상
28135,2020122600100004,2020년 12월 26일 00시,토요일,경기도 여주시 가남읍,중상사고,0,1,0,0,차대사람 - 기타,안전운전불이행,포장 - 건조,맑음,교차로 - 교차로안,승용,남,35세,상해없음,보행자,남,30세,중상
28136,2020122600100015,2020년 12월 26일 01시,토요일,경기도 파주시 와동,부상신고사고,0,0,0,1,차대사람 - 보도통행중,안전운전불이행,포장 - 건조,맑음,단일로 - 기타,기타불명,기타불명,미분류,기타불명,보행자,남,30세,부상신고
28137,2020122600100044,2020년 12월 26일 07시,토요일,경기도 고양시 덕양구 행주내동,중상사고,0,1,0,0,차대사람 - 기타,교차로운행방법위반,포장 - 건조,맑음,교차로 - 교차로안,화물,남,43세,상해없음,보행자,남,53세,중상
28138,2020122600100064,2020년 12월 26일 09시,토요일,경기도 화성시 반송동,경상사고,0,0,1,0,차대사람 - 횡단중,보행자보호의무위반,포장 - 건조,맑음,교차로 - 교차로횡단보도내,승용,여,53세,상해없음,보행자,여,20세,경상
28139,2020122600100103,2020년 12월 26일 11시,토요일,경기도 김포시 사우동,경상사고,0,0,1,0,차대사람 - 기타,보행자보호의무위반,포장 - 건조,맑음,교차로 - 교차로안,자전거,여,64세,상해없음,보행자,여,70세,경상
28140,2020122600100174,2020년 12월 26일 14시,토요일,경기도 하남시 덕풍동,경상사고,0,0,1,0,차대사람 - 기타,안전운전불이행,포장 - 건조,맑음,교차로 - 교차로안,승용,남,68세,상해없음,보행자,남,19세,경상
28141,2020122600100198,2020년 12월 26일 15시,토요일,경기도 안산시 상록구 일동,중상사고,0,1,0,0,차대사람 - 차도통행중,안전운전불이행,포장 - 건조,맑음,단일로 - 기타,승용,남,44세,상해없음,보행자,남,61세,중상
28142,2020122600100200,2020년 12월 26일 15시,토요일,경기도 화성시 산척동,중상사고,0,2,0,0,차대사람 - 기타,안전운전불이행,포장 - 건조,맑음,교차로 - 교차로부근,승용,남,51세,상해없음,보행자,남,50세,중상